hash,libs,keys
00029886f32060664ea23eb1,riken,LHRODNGBSOEBAU|OFSZOCPGPLMCBG
0004a7631de13b825729a2ea,riken,FCLHABDDNCSZCO|LUULUSZGAPNFFC
000673e37a2ac46c0f39f980,riken,CIYJVFJBFXRWJD|YMGFTDKNIWPMGF
000b61d10293dcafa08ac6d5,riken,CGDPLLODVFIMRR|QORFVLSDZGITGP
001b47b779a001710c07ef12,msdial+riken,RWKUXQNLWDTSLO|XPZGXZBKRPZWMJ
001db30e4ef423246cfba0d1,riken,NXAMVENCLBALNK|UEXLXEOCAYUYCI
002fae19340e1af4ff25e984,riken,BJBUTJQYZDYRMJ|IPCSVZSSVZVIGE
0031a742ade2aa8014acaa91,riken,VANSZAOQCMTTPB|WTDHMFBJQJSTMH|ZCEMXUNJITYHIZ
003dea96e4c905dc2b6d0a34,pluskal_ms2,NCCUROCZYCSKOD|PEELMVUBOGZJLX
00481c36359fb5f9f2386d95,riken,CYBWUNOAQPMRBA|PCWTUTJLXXOQPR|ZPUCINDJVBIVPJ
006acbf598b5931a9bff635c,riken,LPHOGVFYEBRXSC|OXVUXGFZHDKYLS
00716ff389f351d7c5bf08ed,pluskal_ms2,FRSWCCBXIHFKKY|JZRMBDHPALEPDM
0072d7ee70238e2e76f5355f,riken,KWGRBVOPPLSCSI|QAIPRVGONGVQAS|ZQPPMHVWECSIRJ
0075a239da82f1b89e71dced,riken,NYSZJNUIVUBQMM|ZQHJXKYYELWEOK
0082d3dffd0030257b98ffcd,riken,VXMOIPRQSYFTHI|XYYAFLHHHZVPRN|YTXIGTCAQNODGD
009ce10b7ced10d007433a21,pluskal_ms2,IBSZGTKGJHXGQJ|YVWHTPKOIYVQNZ
009fcac193081c8c9466ea95,pluskal_ms2,ADRVHQUIMACBAD|ZTAWAXPOIPKSNV
00b60c1ec25f573623fbb262,riken,SKIVFJLNDNKQPD|TXCGAZHTZHNUAI
00d0cba2748f443ee4463681,pluskal_ms2,ALLUXZBOHPBSOT|PPAYXIXBAQIBAM
00dde6a183474f1035ece07f,msdial+riken,DUEPRVBVGDRKAG|WWROGCAUSKGAMX
00e226a6659d88f8939cf209,riken,AEQDJSLRWYMAQI|HXWLKAXCQLXHML|KJNCJEFOGQPOHS|VOOYTQRREPYRIW|WTCVROXOIQEIRC|XUSTZFGBQSSEAX
00f0fa0805771d8624f4cc05,riken,PBFGAFDJVQAMRS|UZIOUZHBUYLDHW|VAXDAORNOMZREO
00f10a76aa4ab1a6e14e3469,riken,DVGGLGXQSFURLP|FIIAPJASQSDOKY|GMBQZIIUCVWOCD|IPQKDIRUZHOIOM|OHDJGUWKOIBIKY|OLAMGHNQGZIWHZ|PEFASEPMJYRQBW|RBTRUVNXLDXHBJ|ZGRZULFRVWCUPF
00f2f16fa7a4b1e6e9d5022a,riken,ROCUOVBWAWAQFD|XHCADAYNFIFUHF
010fbf4667ccbefb85dd1706,riken,OICIAYRGTXPUNW|RIXNFYQZWDGQAE
01111b800667717a52d38676,riken,DFBIRQPKNDILPW|FIHJKUPKCHIPAT|JJURGRVZASRDDE|NVVDQMVGALBDGE|OUHBKBTZUPLIIA|PCWTUTJLXXOQPR|PTDAHAWQAGSZDD|PXOYOCNNSUAQNS|QMNWISYXSJWHRY|RFKQJTRWODZPHF|RSSYYEQEOXSTLN|YAPQBXQYLJRXSA
0114f00eacbaa3ad776b0f12,pluskal_ms2,BMCAADNYJSYKBY|FQECYODDXMQVMR
0117a58c89ff443248c44da5,massbank+msdial+riken,KQBFNIVRWYGXRN|WKSAUQYGYAYLPV
011808030eb71c584773d6a8,pluskal_ms2,HFRYZYZRMDGKCL|HZJZVVIPCWEXBW
01234463c754437581cb58a2,pluskal_ms2,ISIBDMAKFALNIA|XZDXDZZLTQXFNU
01338e539f738824eab757be,riken,KJNAEXDMQJHQJL|ZJDOESGVOWAULF
015d31b3b95202e7850e2047,riken,MPXAWSABMVLIBU|RDUAKQUSLVHHOC
016068cf3866352015a0419d,riken,PNTWXEIQXBRCPS|RISXUTCDCPHJFQ
0161b6d18166ecc87f1d8f64,pluskal_ms2,NWTSTPZQKALREV|PIEMUUAGYIKIIL
016bcbed0827d82f31e9e750,riken,CDYBOKJASDEORM|DCBSHORRWZKAKO|FHIJMQWMMZEFBL|KRQDMAXNTWLTDZ|XCDQFROEGGNAER|YBCOIJNAMJAFSO|YMWRMAOPKNYHMZ
018e57eb2d446e9eabca89e4,riken,BXKNQKQIBKBMIZ|KHHOUARHSDWEKJ
019518b94bed6936955fc372,riken,RYVQUCPUCSYNBC|SHHZUHVSERGLNW
01984d8085b6a1a551a02daf,riken,HWYCRLFVQVFKPD|UXUFMIJZNYXWDX
01a11601ba4884502557fa81,riken,CMKFQVZJOWHHDV|JWINIHBXRZXFKL|SNKFFCBZYFGCQN|XBRXLXOCHNGHBC
01b94eae61176c0f04b0de96,riken,CHMTTZIWXMOGME|VWDLOXMZIGUBKM
01bd18cadaf8f267db3301fb,pluskal_ms2,MXZHGEUHVJJDMO|ZBXCRJAIKRDJTP
01c7088ef80d0f1938622724,riken,FVFSMBDVZVUETN|HRYLQFBHBWLLLL|JDIORNFCMMYMLF|PGOYMURMZNDHNS|RPPYCVULPFKBOG|VATOSFCFMOPAHX|VEPUCZUJLKAVNM|WRYJYFCCMSVEPQ|XSQFDXNJFMCRGJ|ZSBXGIUJOOQZMP
01cd88da94c02b4d5b7d3052,riken,RFKQJTRWODZPHF|SSZQYOJANKKXOX
01f4a5c66d99601ded4fddfd,riken,HTBWBWWADZJXID|ITDOFWOJEDZPCF|PEUUVVGQIVMSAW|YGCYRQKJYWQXHG
022461f897e9d94f391b94ad,massbank,BDZJLPDYMKPKGC|NIERWTDCCGPRCQ
023600b2abf4a0ee9c596ce0,riken,GAZDXIGXYWVWQX|HYXITZLLTYIPOF|INYYVPJSBIVGPH|YBHILYKTIRIUTE
023a257f7ed338a86b214ba8,riken,IOLDDENZPBFBHV|OHDPFRGZBUACTR
025ef80b414ec350529bb97b,riken,FMIMFCRXYXVFTA|QIEOAEKNEKYVTH
026a1ebdbd23bb68720086d2,pluskal_ms2,CHUUDRIKNFAJGZ|JKUXPBOILPNJHP
028fdcf72c370b47bdfd0dca,pluskal_ms2,JZHCHLNPODFCTL|UTDZENVBQMAAHN
02955d298e8cdee1706a7226,riken,CKSNMFLZWZXKGH|WQVCDQYJDQXJLY
02968648c9687cd6b6ed84fd,riken,FPVGOYVYIRGMQO|ZHOCWHLKCHVNGG
0297e83344c25f088d16c553,msdial+riken,HAKLHHOBRHFKAB|RHGKLRLOHDJJDR
02b13c267deb394faccc1430,riken,LLEMSCWAKNQHHA|XPMQJVHMFLZDSA
02c8110666b653ede1cb66fa,riken,LSHVYAFMTMFKBA|QCQGNTXXPCJRFZ
02ddae1df108f630c08f9ac2,riken,RAQNTCRNSXYLAH|ZCOLJUOHXJRHDI
02ee78806cf969a057ff0c6a,riken,IQAMTZLKUHMPPE|TZRDBHMKTWECOV
02f18b891494125caa9a7c8d,riken,BHPGRVQWTLDDQX|BZKDCAIDWFPAGZ|MQDZZCJYWRZONM|MQUFAARYGOUYEV|NRYNTARIOIRWAB|NTSAVLDATFYUQZ|QSTBHNPMHXYCII|XGVBNFXVLFKPCO|XVPVVWNZAJAPLF
02f533ac6409daadb9d33f3f,pluskal_ms2,QYENEJZFFZRKRV|XMZWMRWRPXRDHL
02f897cee44ddda1a8d3d0f7,riken,DFNZYFAJQPLJFI|KGBSGBJFEOXATN|KUNIPLHOIJFHHR
0300c95737934b30b3e1008b,msdial+riken,JPUKWEQWGBDDQB|MFIXKYXSBNIMPX
03093d17baeabc91f8af0d7d,pluskal_ms2,BCOCNVVIORAKJD|HDBZZOVINYSWFM
0310deb55eb7ed8fb1b42be0,pluskal_ms2,FJINFEYFWRSHHD|IBHWHGVQKKGSCA
031238a61e4a704bf45faf7e,msdial+riken,HJBUYKZTEBZNSH|NUXKLJINNAOFAH
03259043cce5f3ad0d341b48,riken,CMUNUTVVOOHQPW|IAKHMKGGTNLKSZ|JXCIHLUSRQSSRY|PDAYUJSOJIMKIS|ZMXKPCHQLHYTHY
03331685c761d607b56f45e1,pluskal_ms2,KGVFDGQLEUSHLJ|YLHQKKNDZBJXHR
03456c1daa5da949ccc8c0a1,pluskal_ms2,FJABZNARGCQYHI|IBHPQPWGCJIELA
034b9ab503eaddb5e5585f90,riken,LSHVYAFMTMFKBA|QCQGNTXXPCJRFZ
034d9f688a17234db31b4440,pluskal_ms2,SSMCNUGKNFSYFI|WJXDFYJPIUSOMT
035b063e2dc26aa82c305c18,pluskal_ms2,CVORYWHMUAVJIT|NKSUASKQZIZBIJ
035f43113a407efe5d84d217,pluskal_ms2,PIUJUNVLYQQMDL|UYKSDDCKLQPYOZ
03655cb3d3086c1ca59710b4,riken,JNCSIWAONQTVCF|PYBFXJMIKJNNAJ
03681b318037f1691dd0b8e9,riken,BWHZPGDZTFVUJN|RFRQHBOLMUEMMH|VFUPDGRCPOEQAB
037e87592315058d2cc41c84,riken,QVCMHGGNRFRMAD|UBVJDBFJGYOVQT
0380e1b37040f9fbc9e4831c,riken,IHYUCPYKBNICIV|JTYYHSPDVLJFOJ|QKQZUNJZOQODTH|WQVCDQYJDQXJLY
0382c4f78de217210da21ba6,massbank+msdial,FSYKKLYZXJSNPZ|QNAYBMKLOCPYGJ
039a2d217b4dcc49e953d237,riken,DFPMSGMNTNDNHN|VKOBVWXKNCXXDE
039cba11b8d9d64bc48dd3de,msdial+riken,BITPRCODIALMOV|WVFNARDJAJTRAI
03afd09484c79dc77a9a9afb,riken,JYEDISZKFNNREA|PWWCDTYUYPOAIU
03b02683a98217024ca003a5,riken,SLRCCWJSBJZJBV|YGVHOSGNOYKRIH
03ba9a8db8d3932eebe2ef3f,pluskal_ms2,CNXFTPKHMABMBC|GXFWCFLWFXJYCX
03bf89bc324ed938c2559a10,riken,CNHACNVJEKRLHF|WXDLBYTWLXNNTA
03c4301c31f37f7043d0d0e0,pluskal_ms2,PIUJUNVLYQQMDL|UYKSDDCKLQPYOZ
03cfbdaa414a1f363c5fb6bb,riken,BVMVRPVYRJQROP|SLJTWDNVZKIDAU|WURLGASLEZVNHV|YISCNLZAUIZSOA
03d0c4051b4d43c3cba9bba8,riken,DVBDUGXUGVXSTB|LDJDMENPMPQEFY|WTFRADBWXYQLMA
03d20cc08b48cbd121b53eb4,pluskal_ms2,IRIYNWXFUVGMTN|YNVVVGLRZPUXCY
03e3c9fe44669725e07c6c74,pluskal_ms2,VEWGJRXPIOULQD|ZDNBSOUWFJZXPL
03f0d020f9e574bc7f7af16f,riken,BKGUPIVDQHHVMV|DNJVYWXIDISQRD|ZBXWGKPUSLRPHX
03f35120ee154dd1c2302261,riken,RTNZWGMBYCVCPK|TZRVSGRFVXORLD
0406f5ba475c45c237189c67,riken,FHHSEFRSDKWJKJ|JNPXCTROEJQHKD|RDWVESCBQDRAAN
04096841b2a97cf3e027b75a,riken,UGJAEDFOKNAMQD|XKXYJTIBKZGIPR
0411a7a9b17600f15ffc094e,riken,CYBWUNOAQPMRBA|KVKRFLVYJLIZFD|RSWGJHLUYNHPMX
0411ab62155871cd2b5905ca,riken,DKBPTKFKCCNXNH|FCCUWKPTCIBKQH|GBADBFAXAWZGHM|GPHUERASPIVMNY|IHYUCPYKBNICIV|KHWKLNXMSVVKCH|NQXYVTIQDNOHFM|USSZROTZVDHBKM
042e1d277c982d6d1d6a333c,pluskal_ms2,ADPBWRONXXWBJX|PZZYVYJTEQDIRL
042f4ba57a73d6b5da425cf5,pluskal_ms2,PHCVYXVSUKLYGH|RZNKYAXXVTULOJ
043357130ca8154238cc0417,riken,ACVGWSKVRYFWRP|CXSXBHMYYCPTHP|FMIMFCRXYXVFTA|HMMGKOVEOFBCAU|HVTCKKMWZDDWOY|NEQGOKAKPXXESR|PHFUCJXOLZAQNH|PULWRMOKQNWQBD|QBUIDYLGKMWNEA|QNBLVYVBWDIWDM|RYHDIBJJJRNDSX|WMSZDXQCLFUBAQ|WWVZUDKBWRFNRY|XUARCIYIVXVTAE|YMGFTDKNIWPMGF|ZZUFNBURDFJFSK
04345845b2f8e90a404216bc,riken,CKSNMFLZWZXKGH|GVEICTMRUVWSCF
044d4dc2f546d74d747c3b31,riken,HKQYGTCOTHHOMP|WQEPLUUGTLDZJY
044d7bdc05f6f6de7047e51a,riken,GSKWIWOAUZQVES|PYXFVCFISTUSOO|XCDQFROEGGNAER|XWMMEBCFHUKHEX
045c7528e65c7208d7c4f038,riken,CKDDRHZIAZRDBW|VADSVXSGIFBZLI
0460afc4e0a9db95325df60c,gnps+msdial+riken,OVSQVDMCBVZWGM|PZZRDJXEMZMZFD|RHFQRXNPFUBWEL
0466b291c416e32e73c9a88a,riken,JJVSDUQOSRRODQ|MWEZHNCHKXEIBJ
046939f2460c7e9d55b7995a,riken,HJSUUMKMBHCPEZ|SLJWCCMDGTZEGQ|WSBDCEJEINRUML|ZOLVWZHOOPFGPM
04746df1dfb1dfc484fb1c13,riken,NAHTXVIXCMUDLF|TXDUTHBFYKGSAH
047e895ab1aebb792ca6bf92,pluskal_ms2,NTLPDOCUKAPZHD|QCOVZSWIZFLYDN
04944b4f71f5b2d0b6a1cb97,pluskal_ms2,DVLRECMMOUCAFS|YVCDSSYGGFGHIE
0495266934897ce5e74d1eb4,riken,DAXYUDFNWXHGBE|OHDPFRGZBUACTR|SVHJCTSSYQPWEV|UCFGDBYHRUNTLO
04b5851ef82e0053131ef297,pluskal_ms2,GGEYBVAPNCCXKQ|OSFYWKJULMWTDG
04b62f306a378a19174a3420,riken,KZMACGJDUUWFCH|XMOCLSLCDHWDHP
04bb3945409250926b9c58cf,riken,LHRODNGBSOEBAU|LTMHDMANZUZIPE
04bc460324b7647c9c5a3f82,massbank,HTQNYBBTZSBWKL|RWCCWEUUXYIKHB
04be567d8b68ae1bc1cd5fec,riken,CDRPUGZCRXZLFL|WFRQIKSNAYYUJZ
04c479cf0ef84056b6bb6209,riken,WHFUDAOCYRYAKQ|YYWGABLTRMRUIT
04c5330b4da7a9e0d0645bfc,riken,CNPWIVIIZHULCN|SDGDWRYYHQOQOJ
04c6db8649b713f54c344af3,pluskal_ms2,KGVFDGQLEUSHLJ|YLHQKKNDZBJXHR
04c72996df466d85120124f1,riken,AEDDIBAIWPIIBD|INYYVPJSBIVGPH|QFVOYBUQQBFCRH|QURCVMIEKCOAJU|YLYBTZIQSIBWLI
04e3686724cdbab389fb2f62,riken,VZTUIEROBZXUFA|ZMKZIKHBSPDWEF
04e97411d21e49436b809033,pluskal_ms2,PHNVWMHNNLEDFP|QNMJKUBLULVVIA
05021d96655688a5cf513a3a,riken,FNDTZZIWWYSDAH|VUOFIHCZMOIBFY
050696f5293522dce042c88d,riken,AUTZLTCWRDPAPV|ZROGCCBNZBKLEL
0510b47f0ddb1df324a81d9f,pluskal_ms2,JBOVBXYGAKERSW|LAHJEFIOWWSNMI
051b24fb86e86353168f9466,riken,BTPYUWOBZFGKAI|DTOUWTJYUCZJQD|FXUVJKGSDBTXTJ|LLEMSCWAKNQHHA|LLZGAVAIPZROOJ
052de0f6c4fe15b97774f3ec,riken,AXGFSTYXXKOHOV|FPVGOYVYIRGMQO|FXOWIGCIDJMTMG|WGZOFZHJJGGXQB|YLHIVIHHVKLKEI
052f821c7c6bd2a2dbd96415,riken,OENDLJKSQNVEAL|PBKJAWKRZRAQQO
0535f11222091c08f982ee3f,riken,MKQCLTNEQAMHGK|WRJSPKBWGMBBSI|XBRXLXOCHNGHBC
053f61009c4d36b6425dcb4a,msdial+riken,PGYAYSRVSAJXTE|ZVKXPPXCNUMUOR
054266da53f3338d14dd0c10,riken,IINUIABWYMTUJM|SMLTWMLPLYCADB
054ee2aeb8d644b2958c5ace,riken,FRMCCTDTYSRUBE|JYEDISZKFNNREA|KTZNZCYTXQYEHT
05533a47beb59acab9631878,riken,PAXNVPZJVMRVBU|PHLXREOMFNVWOH
05569c935b4aa3ce1f7e6b42,pluskal_ms2,IEUCTTBEYBXANC|UXZANABCLSOYHS
05616caa2790b22602be0ec4,riken,HNOSJVWYGXOFRP|OGWKCGZFUXNPDA|QDQJWSSPAMZRIA
056374db445675607b78a162,riken,GMNAPBAUIVITMI|QZFPLCRYJQKPRY|WTDRDQBEARUVNC
0580b5f3c8bb7405a004df2c,msdial+riken,OQIQSTLJSLGHID|RDUAJIJVNHKTQC
058821763fcea303ae1ecba9,riken,LLEJIEBFSOEYIV|YDQJABBOEPTJBN|YJWLCIANOBCQGW
0589a68ff3ebcf54fb4c9f54,massbank,DGAIEPBNLOQYER|NRXQIUSYPAHGNM|NTHXOOBQLCIOLC|VAPDZNUFNKUROY
059a5e97bf558846caa57f4b,riken,CGGWHBLPUUKEJC|NBGQZFQREPIKMG|TWSZDJCOYVYRGM
059bb65bb13957137cea8d17,riken,DLBLMTCYISHWGP|IAEZLXLDZBZQPU|MIKUYHXYGGJMLM|VKJLHZZPVLQJKG
059fefcbffc108cc58fb3b66,riken,LFULEKSKNZEWOE|ZDTXQHVBLWYPHS
05a5b1c34437cfdc979c92c9,riken,AFNDTSIACJAGSO|IINUIABWYMTUJM
05af2410073ab6e82b5c1869,pluskal_ms2,JFYYCQXZVIOBKU|LAXGVLPLAROBNQ
05b90d67362f19b3966f3ea6,riken,ABDZGGVFJYHTBS|AIPRNSJTKFPHMW|ALYHYIXFUOUIHJ|BDXYPHKGNUGUFG|DTCGCFSHOOECEU|FCCUWKPTCIBKQH|JTLPUINSVFNPLS|LIHLSLRANKCHLV|NOWZBRLFRHWZOY|NVSLBOBPSCMMSO|OGWKCGZFUXNPDA|QHBZHVUGQROELI|QUCQEUCGKKTEBI|QWCNQXNAFCBLLV|TUFBUBIMKZRZLD|UVZUFUGNHDDLRQ|WNGSUWLDMZFYNZ|XGVJWXAYKUHDOO|XLHIYUYCSMZCCC|XUHLIQGRKRUKPH|YQNLTBIQEYMXGA|ZMKZIKHBSPDWEF
05b9576aff8e6d05beb60c60,riken,FHHRXCGEIWKTJD|VPRBWEMXTXPBEY|ZVXWFPTVHBWJOU
05d898812fe148ddfb7427fc,riken,BDCDNTVZSILEOY|ZJMLELXRQUXRIU
05e31ad5bf643f94154b4641,riken,KRKNYBCHXYNGOX|PWAOOJDMFUQOKB
05eb55ed46d36c883d4f1544,riken,ADFCQWZHKCXPAJ|AYWNHWGQTMCQIV|BJRNKVDFDLYUGJ|CYBWUNOAQPMRBA|JJURGRVZASRDDE|KVKRFLVYJLIZFD|NVVDQMVGALBDGE|OUHBKBTZUPLIIA|PCWTUTJLXXOQPR|PTDAHAWQAGSZDD|PXOYOCNNSUAQNS|QMNWISYXSJWHRY|RBBVPNQTBKHOEQ|RFKQJTRWODZPHF|ROLIIKCIEQNTMT|RSSYYEQEOXSTLN|SDXKZPQOVUDXIY
05ebfffd117f9ab071e3e2a8,pluskal_ms2,FXORUTMDZHMFKR|NIBVWJYNTPPMRS
05f5ce8893b3b9d2574b3fd4,riken,DEYFVOXDNWADAV|WKWFEHCINVBVSW
05f6258b3d85fef6a6af28c5,riken,JZWZFNOVWZEQMF|YTHRBOFHFYZBRJ
05f7d80b5aab4fda52e8b220,pluskal_ms2,AAKPNRVLVGZWKZ|NAHCTWNRIUPWLS
05fb822229b9a909e69b25dd,riken,KPDOJFFZKAUIOE|QCQGNTXXPCJRFZ|UPROOJBJZLZCGS|WNAYNBDAJBVOPW
05fec3440534217d7ac9d354,riken,BTPYUWOBZFGKAI|IQAMTZLKUHMPPE
06086eb9f71588901be4cdcf,pluskal_ms2,KUXXLZILBGVVLH|SQGYGJYLBBNULC
061441a0edfbb9c2c6369f47,riken,GJOCOWQRASAGSS|LTJSBYAKDOGXLX
0624268b7385a69bf305a35e,riken,CLWOXNLVWMXBRD|JEKMKNDURXDJAD|SFLMUHDGSQZDOW
0629169b3afc0078d2f39936,pluskal_ms2,HNRPWGFGJPJRIF|YXKQETMOWGGWEU
064ced0efb9f8443d49333ed,riken,LCQLHJZYVOQKHU|UXLGTGPMUITKPA
0658565182d25bef43c3eb23,pluskal_ms2,BIAVGWDGIJKWRM|UNRCMCRRFYFGFX
06593fa9493fac407b96a2c7,pluskal_ms2,IPELEGBBNWXWNG|WXAMGBXNTNHFJR
065c1b361fb513e4c57a5385,pluskal_ms2,GNHNRASZHPLFHL|PAFIXKQJMGFWKU
065d70112f5c6fb83b80070f,riken,BJJCTXDEJUWVIC|GPLGAQQQNWMVMM|HJBUYKZTEBZNSH|IMKJGXCIJJXALX|KLWSYWJRTXQLGN|RFHAOTPXVQNOHP
06685c04bfe97569abcd69ea,riken,CHACNMULAGKUQN|SFLMUHDGSQZDOW|UXDFUVFNIAJEGM
0678bb895fdd2d23ac5a9f84,riken,BQKXJCBALVIMOT|GRBHNQFQFHLCHO|OCAVICKDMVNGDY
068da2f72048f43925aadbb4,riken,XHALVRQBZGZHFE|ZJVUMAFASBFUBG
069e317ac0725e2b5a35d799,riken,HUKSJTUUSUGIDC|OBGPEBYHGIUFBN|VJRPWEGZZYYJQK
06a4a311308f8309ecc0ed55,riken,OTVKQJMSEKQVPA|STMOVYDUKPFEST|VHXIVONYTVLBSQ
06a815e71ae0d9bee71edcd9,pluskal_ms2,LOGQOWGAKPJRTM|UJWDOYSJRIVBJL
06b43856f91ea603a7f85f84,riken,CQLRUIIRRZYHHS|WHWWQGPCTUQCMN
06b56ad52b2c4079143155fd,pluskal_ms2,LDEMKQVEUQTLTJ|XCUTWOJRCRSBLM
06cca006c71637dbf1d8b0ec,riken,HMMGKOVEOFBCAU|LUTYTNLPIUCKBJ|PZZRDJXEMZMZFD
06df492bdb5848a530295347,riken,HJTVQHVGMGKONQ|OXVUXGFZHDKYLS|XYYAFLHHHZVPRN
06ece7282654bfa6e1b2fbb6,pluskal_ms2,JDNHQANVCKLXRQ|YZOQSKZLTMUEER
06f52817662792508538bae7,riken,FHKHGNFKBPFJCB|ZEASWHWETFMWCV
06fec38272ef8f9956dab5f2,riken,MQDZZCJYWRZONM|RHNFCIPJKSUUES|VGJOYFZLAIERID
06ff1b9d9c0f7d003a56a073,riken,VVPHSMHEYVOVLH|ZDOTZEDNGNPOEW
070073cb89fbb60e19debf03,msdial+riken,FZHXIRIBWMQPQF|MSWZFWKMSRAUBD
070231e671dc14dd0f9e5f85,riken,FDRQPMVGJOQVTL|SYEHHMRXODULBY|ZNXDFTKQSCEJGE
070464c9270cb262ea5aae3f,pluskal_ms2,MOBHZGQOOXHJFE|RZWORNXENDEBFF
0710b0751ec64ae5586bd06a,pluskal_ms2,FYISPYUGPOSVRA|YYMMJQFTIAXZON
071756b7a25789bd19ec6df0,riken,AKNILCMFRRDTEY|BBFYUPYFXSSMNV|BSYHSWKTXMTFNF|DAXMBTMYJCYTRG|DGFVATVOFRGGFO|DQFZFJHZGAOITN|DQYACEDUQHWXQZ|DTNSOISBYQKHCS|FDASUPFDHLZNSK|FIAAVMJLAGNUKW|FMTLOAVOGWSPEF|GMBQZIIUCVWOCD|GYIKGLVKALOGDP|HDXIQHTUNGFJIC|HLXRWTJXGMHOFN|HRSFCYYMBMDMOU|IPMYMEWFZKHGAX|JBFOLLJCGUCDQP|JRPKYTRZLLKZAQ|KIZBWUUJNJEYCM|KKSYAZCUYVRKML|NLVBYGTTYRFJKH|NSEWTSAADLNHNH|NWBWCXBPKTTZNQ|OCZZCFAOOWZSRX|OHDJGUWKOIBIKY|PGLIMMMHQDNVRS|PLAPMLGJVGLZOV|QJPCKAJTLHDNCS|QOMMOFWDRUREMP|RJANATGWWPNKAL|SDHTXBWLVGWJFT|TUUXBSASAQJECY|UBCKYWKJKPMKAA|UIDGLYUNOUKLBM|VGGSULWDCMWZPO|VGSYCWGXBYZLLE|XGMGGAPZYUWNMO|YBCOIJNAMJAFSO|YFVGIJBUXMQFOF|YPWHZCPMOQGCDQ|YUSWMAULDXZHPY|ZBXWGKPUSLRPHX|ZCEMXUNJITYHIZ|ZGRZULFRVWCUPF
0718d99aa54894862bbfe63f,riken,QBDHHZLEIBPNSS|QMQIQBOGXYYATH|SGQLWFYYEYBZNX
071c3ae4a00a7f8d91a26c04,pluskal_ms2,DVLRECMMOUCAFS|YVCDSSYGGFGHIE
07260569ddec8294e50e0795,riken,BLZGPHNVMRXDCB|WQLVFSAGQJTQCK
073693631059d199506d8021,riken,AAJIHHYEPHRIET|AALLCALQGXXWNA|AFNDTSIACJAGSO|ASLHXRONSASUAK|BNSKYFUGMLMCLM|BXKNQKQIBKBMIZ|CCRXMHCQWYVXTE|CQLRUIIRRZYHHS|DAIAMOGGSOXZSO|DBMJZOMNXBSRED|DFBIRQPKNDILPW|DKBPTKFKCCNXNH|DUAGQYUORDTXOR|FEZDDYPHEHMXLF|FFULTBKXWHYHFQ|FJHBVJOVLFPMQE|FNDTZZIWWYSDAH|FVWJYYTZTCVBKE|GHUUTEXYFBCKSM|GSSPKCPIRDPBQE|HGJKGQUGPACAGO|HHQJBWYXBWOFJY|HKAAPKXOAPZXLY|HLBDEIQKPVIENA|HOSJKHVQJCQJGY|HVBACKJYWZTKCA|HWKJSYYYURVNQU|HWYCRLFVQVFKPD|HXWLKAXCQLXHML|IEBFEMIXXHIISM|IECPWNUMDGFDKC|IHYUCPYKBNICIV|INBSFHNHCNZEOY|IVYWRYGMQNKDQB|IXODJGLAVBPVSW|JKWDWVGZUYPALT|JNPXCTROEJQHKD|JPEPPDJNTDNMQL|JXCDWBSOTYSNDX|JXLYSJRDGCGARV|KTZNZCYTXQYEHT|KVKRFLVYJLIZFD|KXVRUTRUTLGTEP|LHRODNGBSOEBAU|LKYNAQSYQLFTCM|LMEHVEUFNRJAAV|LMRLDJDATYPZAG|LPVOPZMNIAIRJY|MIROITGPMGDCGI|MROYUZKXUGPCPD|MVLZRHJIQUMZRO|MZNIJRAPCCELQX|NRNOIJZZYJOCDE|NSEWTSAADLNHNH|OBVFJCCARDWRFB|OFSZOCPGPLMCBG|ORGFYMVNMFQORV|OTUCXMIQUNROBJ|PHASMOUKYDUAOZ|POMAQDQEVHXLGT|PSOUXXNNRFNUAY|PWAOOJDMFUQOKB|PYJMYPPFWASOJX|PZZRDJXEMZMZFD|QMNWISYXSJWHRY|RBFNEOONBAEQRW|REIZDYUGEPBIJP|RLDVZILFNVRJTL|RPLMLWBOUPDPQF|RWXIFXNRCLMQCD|SHIBSTMRCDJXLN|SIBYGGBNBRCVQI|SJBUJXPYPGGORF|SLJTWDNVZKIDAU|VBTMMYSERQFPPK|VCMMYRWIEZCYDK|VELYAQRXBJLJAK|VEVZSMAEJFVWIL|VJZKQVOURLBNBU|VUOFIHCZMOIBFY|VYQZKFDYFAVOLO|WLWZPNRZKPGLTL|XDROKJSWHURZGO|XGMGGAPZYUWNMO|XHALVRQBZGZHFE|XJOTXMLDNWCDRH|XQBCHNNUNJCZAU|XRCLPWMEBOMKMG|XUSTZFGBQSSEAX|YISCNLZAUIZSOA|YKOPWPOFWMYZJZ|YOSRLTNUOCHBEA|YRAQEMCYCSSHJG|YYDNTRUSBQCYPN|ZKUCDSCKSARUCE|ZPFRAPVRYLGYEC|ZZXJOMSIUOUAHV
0755da38f0927e7d0770458b,riken,IIJUXCHFDCTCAH|RFDAIACWWDREDC
0757c799895d6502b464892c,pluskal_ms2,BNRJQSFLRQUAIH|YYXKGGZPCAXLIY
07605b030bd0b381b8bddc48,riken,CEDINFOMXSQPIQ|GJFHZVPRFLHEBR|IDGXIXSKISLYAC|IOPDFSGGBHSXSV|KHUVRRVIZOSFTI
0761bd13cff681746c1f8039,massbank+msdial,IJFXRHURBJZNAO|YMAWOPBAYDPSLA
0764f10dfa3ef972de0b13d4,riken,CJNSZGMXFQQMOV|XQDCKJKKMFWXGB
076da4920c6cb357bf4d2091,riken,FEZDDYPHEHMXLF|XFZJEEAOWLFHDH
077409120792958d60e2d0b8,msdial+riken,ISAKRJDGNUQOIC|OIVLITBTBDPEFK
0774f622fd36bdff779a5827,riken,DHJXZSFKLJCHLH|HDLNHPZHTNFCNP|JWINIHBXRZXFKL|OWMJDOUOHDOUFG|WTCVROXOIQEIRC|XUSTZFGBQSSEAX|YZNCIXVBVQRGQN
07753db408fd4c32702c9775,riken,LMRLDJDATYPZAG|OENDLJKSQNVEAL
077702b8d7c5883cb2547ec8,pluskal_ms2,JBPUTKVOSWJTTD|UEXJCBSEXADJCE
077e83f5b0ab4a6f876d71fa,riken,CIKNPMUSQDPKAK|OFSZOCPGPLMCBG
07819b99f49b16e29b6f5ea7,pluskal_ms2,IUXMTYJKGIMPHV|MHYUNYWLDKJMRL
07972f64decf45f3b3de022c,riken,LCMFDJQAHNDLEI|XRCLPWMEBOMKMG
079a4b6f3e4a2ef9eadfe6e7,msdial+riken,GRFNBEZIAWKNCO|SEBFKMXJBCUCAI
07a2d5ba9fcce732a97e2f8d,riken,HLHZQJPJPNQANY|LUTYTNLPIUCKBJ
07aca593e1d5cfba114d1e96,riken,AYHCPTDPDUADTK|CCRXMHCQWYVXTE|GMTSSMHLANUOGS|HHQJBWYXBWOFJY|JYEDISZKFNNREA|KTZNZCYTXQYEHT|KYELXPJVGNZIGC|NGFMICBWJRZIBI|NRPKURNSADTHLJ|QASFUMOKHFSJGL|YOSRLTNUOCHBEA
07ae1fb6edab7b8d8d9f6a33,pluskal_ms2,KFGWNIGZMCIXJX|WUNZLRSOMAHYDP
07b432cf2c5806ef2e9993ca,riken,AZYVCLJYWIHOAD|JJVSDUQOSRRODQ
07b6a9d39f079d19730cb6a3,pluskal_ms2,FRSWCCBXIHFKKY|JZRMBDHPALEPDM
07b84416c0b4566bb510aba5,pluskal_ms2,KNQLSUOMNGGBHQ|VWXRPZNKDNXRQB
07e41809c40f9adca3ac24b8,riken,CPJKKWDCUOOTEW|GFMYIOGFYYHKLA|VRSRXLJTYQVOHC
07f485ee04430b55922273fb,riken,CITHEXJVPOWHKC|GSSPKCPIRDPBQE|ONJRISGOJDDBNB|SVHJCTSSYQPWEV|SWOVVKGLGOOUKI|XVOHELPNOXGRBQ
081bcf22522d6ee740628a6b,massbank,FAKRSMQSSFJEIM|ONIBWKKTOPOVIA
0824f7ce4d78ed7a2259ff97,gnps+msdial+riken,CFFZDZCDUFSOFZ|JUUBCHWRXWPFFH|MWOOGOJBHIARFG|OIPPWFOQEKKFEE|SNICXCGAKADSCV
082c8953b6f31e6f20d61458,riken,KYWSCMDFVARMPN|OGWKCGZFUXNPDA|WNGSUWLDMZFYNZ
0830590fff4765527eb4345d,pluskal_ms2,FZDNVUUSLMMINZ|MOIVLJTXVOWXCD
083072d9ba2c138ddc9c3fa0,riken,JXLYSJRDGCGARV|NNWMHSNRRWMMBI
083284ea2ede9ac4235f93d7,riken,ULZFTGWWPHYLGI|ZJDOESGVOWAULF|ZVXWFPTVHBWJOU
084538f1943238a7d7fbe8ad,pluskal_ms2,GXOIDTTXZUMBPM|HTFUIYOLZFXOMK
0852120f336d68e52c48d949,riken,MVCCWTMPDBIKCJ|SNKFFCBZYFGCQN
08583498922072a8de4410f8,gnps,GUBGYTABKSRVRQ|IQFYYKKMVGJFEH
0862b067be60668841478c26,riken,GYFFKZTYYAFCTR|ZZFSKJIAKIBPSR
086e51a1ab9ec7a3403e84df,riken,CNNRPFQICPFDPO|WTFRADBWXYQLMA
08750a14e6adc77019e0f5fd,riken,LBHYRBPEXITYTN|MALFODICFSIXPO|QIMGUQIHCNDUKU|UFKTZIXVYHGAES
08778d344534a422cfbfacbd,riken,ASPCIAWQVXVATP|FVHFOJVXQABRQG|GMTJIWUFFXGFHH|HRYLQFBHBWLLLL|OFEZSBMBBKLLBJ|OTJBXGAQAVEFCP|VQQGPFFHGWNIGX|WRYJYFCCMSVEPQ
087957530b9a573d0be06fe5,riken,BTPYUWOBZFGKAI|LBHYRBPEXITYTN|UTCJVDFLMODHQX
0889abb0ad1c1f3f2157420e,gnps,WBFAVGUESWCDPL|WPTPUPGXMPKMND
088b4b443448a08240515fcf,pluskal_ms2,DVLRECMMOUCAFS|YVCDSSYGGFGHIE
08934ff32838c743aaf8c949,pluskal_ms2,GFCSUTJOAMZKFA|LJSXVUNPOBKHPW
0894985616bda93c3cd6f8d6,pluskal_ms2,CMSSEWKMARZAAP|LFHYGZREUWMTMP
0899925b3065164046deb9b1,riken,JKQXZKUSFCKOGQ|MIJYXULNPSFWEK|QMQIQBOGXYYATH
089c3dccca829ed4b7bd7977,pluskal_ms2,ASRXEZIKGLIGGL|VFWXVTFDHYMRIG
089d558dd31309bd976c4228,riken,FMIMFCRXYXVFTA|KVKRFLVYJLIZFD|WWVZUDKBWRFNRY
08afb1efc5ec356ee4ed5d2b,riken,GZSOSUNBTXMUFQ|ILEDWLMCKZNDJK|ZWMMEKXOLCCKLA
08b0ffbce1285e847e55904d,riken,NTNSKOKPJWYQGX|RBQNDQOKFICJGL
08c0ccb0ffbcce142687ef27,pluskal_ms2,LPRKQJFIKKNYAR|RXEIDBOHFOSBOR
08cfc9aea3adbf4707c91364,riken,JMFRWRFFLBVWSI|YTHRBOFHFYZBRJ
08d92b6342044e291d39c84a,pluskal_ms2,CTBWHLHWNKKNPA|VJNVMUFDZHICMK
08e2e9f2c1a680fcbca88f79,riken,DFOCUWZXJBAUSQ|GKRBWXABVALDGQ
08e637a61f40228c52b6f3fb,riken,DDDXYRAMQRKPDO|FNIRVWPHRMMRQI|NRYNTARIOIRWAB|QSTBHNPMHXYCII
08ff6bf7c6ff5aa1f5589d7d,pluskal_ms2,BPBCHSOBQVPDKG|DPYYBUMNBGGGJQ
090238f18acd9d1dc9a120ed,riken,SDHTXBWLVGWJFT|XUARCIYIVXVTAE
090559b4c298a279da58c14c,mona,BRMWTNUJHUMWMS|JDHILDINMRGULE
090837ef58e773cc4fe6230e,pluskal_ms2,KFGWNIGZMCIXJX|WUNZLRSOMAHYDP
0912843ddf40a15411062726,riken,KLXHCGFNNUQTEY|XKXYJTIBKZGIPR
09137d9aea7c103dbb3d1062,riken,CYFXRGFESOFDNS|GLZPCOQZEFWAFX
09165cb9128f3788a458a46e,msdial+riken,IPUONOHBPFSQMA|QBUIDYLGKMWNEA
09178c28eccb0f4ac2016c04,riken,HCGYMFPNEDDKQY|LBTVHXHERHESKG
091b292848b47e2922e3bfc6,riken,HAYLVXFWJCKKDW|KXVRUTRUTLGTEP|UBCKYWKJKPMKAA
0920ccb7b48ffe261fb5ba75,riken,DFPMSGMNTNDNHN|MWAHYWGUPMVQHH
093b329003bde843a189cfd6,msdial+riken,GEVGPWJNGZPSJJ|GOTMKOSCLKVOGG
093bde24fa0ee0757b708d43,pluskal_ms2,AANLHOVYRNPCCG|OIHXHHOMMLHVNS
0954db3a6ab8b1a3c134b174,pluskal_ms2,PQSIXLOUDAFRSO|ZOWWBCZXWIOJOA
0961ef2d123fd39632cb6915,riken,GMCGZPQYTRHQRU|XRYVAQQLDYTHCL
0969efd1a196aec0f1f9232f,pluskal_ms2,KGVFDGQLEUSHLJ|YLHQKKNDZBJXHR
0972c46c3541277f538ff63e,riken,JBFOLLJCGUCDQP|SMTKSCGLXONVGL|YVCVYCSAAZQOJI
0989ab0ab24ea5e0179ad9e9,riken,GXWUEMSASMVWKO|KJNAEXDMQJHQJL
098f1eea8ec1a52cc3fcd74d,pluskal_ms2,AAKPNRVLVGZWKZ|NAHCTWNRIUPWLS
09a05b0c432c6dbebb83f717,riken,SFLMUHDGSQZDOW|WTDRDQBEARUVNC|ZHYQCBCBTQWPLC
09adec35ede8fd74f0e025be,riken,FPVLVSUOCXHCMR|MMDUKUSNQNWVET
09c6b95ff0c28f0427dbccb5,riken,OFEZSBMBBKLLBJ|OTJBXGAQAVEFCP|TURHTASYUMWZCC|VUEGHZSQVJADCO
09dae1f8b0ada4a5c9172158,riken,JRIBPWOXWIRQOQ|XUARCIYIVXVTAE
09dd758eda4fae96c05bafe9,pluskal_ms2,BPBCHSOBQVPDKG|DPYYBUMNBGGGJQ
09df6bbf744415f50e07b1a2,pluskal_ms2,KFGWNIGZMCIXJX|WUNZLRSOMAHYDP
09e7fc4633fd52f6491d4d9b,gnps,CRVMDMUWJDBHRG|ZJCOLWRTVHBIBE
09f19daf089db50be62997b5,pluskal_ms2,OOODLVHUPIMLDF|RLYRFMQTCQDVAL
09f28bd0906e8ede62a8bbbb,riken,ZEASWHWETFMWCV|ZPBMSWIWMJNVEH
09f6dff9e2863c9140577119,pluskal_ms2,COSQDNGTNHDQEO|XIAAZSQJIDOGHX
09ffbc85de1525db8a8ea353,riken,FEIHRQSTXZRGQD|HLBDEIQKPVIENA|IHYUCPYKBNICIV
0a000189676c3d7c4a8fb9bc,riken,AMXYFWUYMQOLRN|GPFNSVXDXCMNOL|GYOGHROCTSEKDY|HYBRYAPKQCZIAE|LCXREBMNASQAOC|NLOAQXKIIGTTRE|SHCBCKBYTHZQGZ|VTLYEMHGPMGUOT|VZRKWGPIZJDNHC|XAIUTKHLNZBMEG|XSLKAKROJKMHIT|YVPXVXANRNDGTA|ZPEADZHVGOCGKH
0a0138daa4ec7b28b1c4491a,riken,AEQDJSLRWYMAQI|GPTFURBXHJWNHR|LFKQVVDFNHDYNK
0a0850e090d60dd65ea710f6,massbank+riken,LRFVTYWOQMYALW|MDFCJNFOINXVSU
0a0b571e0436362f2caf9a20,riken,BYEKJUATVGKCCZ|YKWVIQPJNXTICW
0a1513325887936084dfe04d,riken,NRPKURNSADTHLJ|YKOPWPOFWMYZJZ
0a16c55bff8f6f7eb38939af,riken,ROQZUJKOMJECOM|ZOLVWZHOOPFGPM
0a22c45be3f79f23c4419d25,msdial+riken,BHUIUXNAPJIDOG|BLGXFZZNTVWLAY|CMKFQVZJOWHHDV|DBCAVZSSFGIHQZ|DDBREPKUVSBGFI|LARPFJIXBULVPK|LVIWUACEPGXDSG|OJXQLGQIDIPMTE|QLJNETOQFQXTLI|UJZQPNXJSBWWNU
0a3a95f3fcc8369a7fa05ddb,riken,HGIIHVJCDPYWBJ|OZPNYAHEDUKMPF
0a3f4ef5535a8336275af70d,riken,AUCGRWHWAGXNQS|CTJZWFCPUDPLME|VOZHMAYHYHEWBW
0a4ab38b96d8e4044810681f,gnps,AANLHOVYRNPCCG|OIHXHHOMMLHVNS
0a5b124e823e148c79d6c6b5,riken,CVAVMIODJQHEEH|DDNCQMVWWZOMLN|LCAZOMIGFDQMNC|OXVUXGFZHDKYLS|PANKHBYNKQNAHN|YGVHOSGNOYKRIH
0a8aa82c10c5424546a33827,riken,AGIQIKMGJVLKMA|ATJVZXXHKSYELS|CWBZAESOUBENAP|DVBDUGXUGVXSTB|HZIBYJCDCHVSPK|PANKHBYNKQNAHN|SPAFMWIHXVIIPF|UAPZTGRENZINFN
0aa0d8c40865d2ce1d399e95,riken,KUNIPLHOIJFHHR|TUFBUBIMKZRZLD
0aa8202dac57a48e43729af4,riken,FPVLVSUOCXHCMR|PEFASEPMJYRQBW|WXMARHKAXWRNDM
0aa84bc6f0cfaea76c1be16e,pluskal_ms2,CJZQIBXSWCBDHI|PHOIWKDWWOGHBI
0aaac3da6b8632bdd164b648,riken,RMCRQBAILCLJGU|VNONINPVFQTJOC
0aabef35140dfd3afb770dab,riken,DLBLMTCYISHWGP|HYXITZLLTYIPOF|INYYVPJSBIVGPH|KFEFLPDKISUVNR
0aae27017847389dd1f7f5e9,pluskal_ms2,CVORYWHMUAVJIT|NKSUASKQZIZBIJ
0ae2a0e68be09bf0e7eef70c,massbank+riken,ASMQGLCHMVWBQR|BQPRWZCEKZLBHL|VTNZLQTUEWINQW
0af1c3c9beaf68b66824e0ce,riken,WVTKBKWTSCPRNU|WXHUQVMHWUQNTG
0af5abf7cfb0de945ea39f63,riken,SHPPXMGVUDNKLV|XFZJEEAOWLFHDH
0afa26211b420a88a9ba4621,pluskal_ms2,LHXHWXOZMWMRIT|RQHFFTJESXCIFW
0b225f6b8cbf909c92d10e85,riken,XRVOHZOREFBBDX|XTSVKUJYTUPYRJ
0b23b71e29b2a90fb152aaa9,riken,CITHEXJVPOWHKC|PHDZNMWTZQPAEW
0b2ccb73049d00014558edc2,pluskal_ms2,GRTAEXYBNGARKQ|KIAZDLSDTVXHQF
0b3fc0191ab235ab85c4b200,massbank,NCKMMSIFQUPKCK|OVSKIKFHRZPJSS|SBDNJUWAMKYJOX
0b5522426e40a81a0a11bd48,riken,GSSPKCPIRDPBQE|UWKQSNNFCGGAFS
0b559700db70b804262dcef4,riken,DUXYWXYOBMKGIN|RYHDIBJJJRNDSX
0b6e8169faabcf05275ae6e1,gnps+massbank+riken,GUWFIYHOYMKEJE|OIPPWFOQEKKFEE|TVIDDXQYHWJXFK
0b6fbe7d4f030f2953f1937e,msdial+riken,GCPWJFKTWGFEHH|HUPFGZXOMWLGNK
0b8d93371eef821be2166594,riken,DTOUWTJYUCZJQD|GVQOVMKBYJKZSY|RMIQIULKBBCLIL
0b8fc3ccb82bdd2ebaf42089,riken,ALYHYIXFUOUIHJ|XUSTZFGBQSSEAX
0b91d8ef7b64098069d0b1fa,riken,CXCKOTGRTPLISC|UGJAEDFOKNAMQD
0ba3fb31f2830be45e8eb497,gnps,XMONYYOQABPNPE|XTMJWSISNMICJZ
0bbe60be1344f86bda0fda25,pluskal_ms2,CMSSEWKMARZAAP|LFHYGZREUWMTMP
0bc83460b46250201abf793a,pluskal_ms2,OMVBWGOVOFYKNC|YZVUFQFNZWNCPZ
0bca89e429d29cb5f5cf7ea7,riken,QUQPHWDTPGMPEX|SJHHSDDZARIHAT
0bd5a10e902afeb97a68eefe,pluskal_ms2,IUXMTYJKGIMPHV|MHYUNYWLDKJMRL
0bd7378cdc34d137466fa5c3,riken,FCVHQMAHORAAKT|HUVFVYIECRCQCN
0bde979c74e53dba161e8210,riken,KLAGYIBJNXLDTL|VMMZAMVBGQWOHT
0bf2a2c3dcb4fc88895e4fd2,pluskal_ms2,CEIYBVJDLDUALL|ONBUDYDHHLFSPZ
0bf6b3de64db261fc677ca28,pluskal_ms2,CXDFOJFHXOHFPC|FNFVFFALESRXAL
0c0657c2f197b9853f96802c,pluskal_ms2,IBSZGTKGJHXGQJ|YVWHTPKOIYVQNZ
0c1626922cefae132c647c5b,riken,DFUXHMHWOWANRY|QKQZUNJZOQODTH
0c17c59b657609da2cfa241c,pluskal_ms2,CRVMDMUWJDBHRG|ZJCOLWRTVHBIBE
0c18d2aa252e8eb6c4c4a893,pluskal_ms2,KLVFERIITBXTIL|WVVUGOCPOVLEAI
0c19bf05c0a453a2fde0f1a0,riken,COLMVFWKLOZOOP|WHTZSUJONCYCML
0c3dd2b0f66948eb5e8da34e,pluskal_ms2,CDHDBRPHUZTUEZ|HJOPLBQJTRQPAY
0c4cc5c970d6f95fe65b8dd2,riken,DCULYKVTBAXAER|JXCIHLUSRQSSRY|KTEXNACQROZXEV|PXQNZQURQNZGKZ
0c5490b6640dabe1d08cca86,riken,GFYLSDSUCHVORB|NGROIZSHBGXMTB
0c57083b1d82ab4d00347e1b,pluskal_ms2,GRTAEXYBNGARKQ|KIAZDLSDTVXHQF
0c7188b68d78db611aaf9b6b,riken,BGTCFSJRFQXBHW|SQKPHECGTGXVQW|VYIKEBWUZLHWQK
0c7acfd3835392cae9911589,riken,ATJVZXXHKSYELS|DAXYUDFNWXHGBE|KLAGYIBJNXLDTL|KXHCYYSIAXMSPA|TYALNCRUIKOKGP|UWKQSNNFCGGAFS|ZVTVWDXRNMHGNY
0c7cad32fc065b17251148ac,riken,NJUXRKMKOFXMRX|SHCBCKBYTHZQGZ|ZPEADZHVGOCGKH
0c7dd454fb680204ab4fd3aa,riken,BMQBTHWVNBJSPS|PRZVXHGUJJPSME
0c8284618dbe9bda141ac2a4,riken,QPAKXSCQEJXHSW|QXIPXNZUEQYPLZ
0ca6dc2f93407bcc7f60b786,pluskal_ms2,CMUNUTVVOOHQPW|PHIQHXFUZVPYII
0ca80315328c2eef5c83b7b1,riken,AIULWNKTYPZYAN|RCTKRNCKOYYRIO
0caa77234844b0ba9210d16a,riken,IMQLKJBTEOYOSI|YURJSTAIMNSZAE
0caad413210e3bc3a04e1af8,riken,APOGLVUGPAVNAP|CDDWAYFUFNQLRZ|DKKJNZYHGRUXBS|FPUXKXIZEIDQKW|GBJKHDVRXAVITG|INYYVPJSBIVGPH|LLMCZIBSELEBMK|NMLUOJBSAYAYEM|OJXQLGQIDIPMTE|ROTMXRXTGVWUHF|VKJLHZZPVLQJKG|WYDPEADEZMZKNM|YBHILYKTIRIUTE
0cab0d4983a29ea42e67ce6b,massbank+riken,HCZKYJDFEPMADG|JXOHGGNKMLTUBP|JZUOCQXDQFRPAF|NPTOZJLCWXEGKK|PCMORTLOPMLEFB|SLJWCCMDGTZEGQ|XBDQKXXYIPTUBI
0cc16aa4c17e0d24bea6cd9a,riken,HLXRWTJXGMHOFN|XBDQKXXYIPTUBI
0cc3e171cd6e508e8e2cfd9f,riken,SLEOSPFLNGKQLW|VVWFFNXZRDYJPX|WENNXORDXYGDTP
0ccaaee3ba23ac14c10883c9,pluskal_ms2,ROPKCVZEIICLDZ|ZLKMITJMEUQHAQ
0ccdaea593c03a7ec55ab565,pluskal_ms2,IYYKIRSUZICUEO|KXLWPFYBKZYMDQ
0ce3564eb5502a6a76e544e2,msdial+riken,FCVHQMAHORAAKT|ILHLUZUMRJQEAH|MJHNTJSVTSWECS|MNRHZPCIEGLWGK|QUPLPSQVUJKCSC|VETFWJPJUHRUQG|XSSREOLCRTWEPI
0cedb8ab41ef95449a759077,riken,OFMXGFHWLZPCFL|PVAMXWLZJKTXFW
0cf297ca81fc4664b680e211,riken,LLVIVPAPYJXADK|PHDZNMWTZQPAEW
0cf6da93d4e7bd3d1318377f,riken,NACOJBQGIGOFFX|QCQGNTXXPCJRFZ
0d0199b0286930f631d8f400,riken,KYFBXCHUXFKMGQ|NRPKURNSADTHLJ|SOVOCMGDFRGRKF
0d05b99b19985034a9ae43c3,pluskal_ms2,DGFZTTARNCHODV|VVCYEQNRWKGTDT
0d1243fb3c68c67964119725,riken,DXZNCVRUZDRWLR|YTVGSCZIHGRVAV
0d25a322c3e36c5ee0def839,pluskal_ms2,QSTBODVXYSWBJW|QYMAKTWHALBAAG
0d2b72dc6e2c880b0c82dba4,riken,CFUPNMDNSQIWBB|QEANLIISUSNNDX
0d3559acbd65c7110744e69b,pluskal_ms2,WRUYWUZCEXHLHL|XNCWGISKEPDGKJ
0d426dcae6832685eabe1cd9,riken,HRYLQFBHBWLLLL|NKTORRNHKYVXSU|VQQGPFFHGWNIGX
0d4d74a26369ab3a408dda07,riken,IRKFOLIBBQDADK|KZMACGJDUUWFCH|LSHVYAFMTMFKBA|MIJYXULNPSFWEK|QPHXPNUXTNHJOF|VEVZSMAEJFVWIL|WXMARHKAXWRNDM|YCXRBCHEOFVYEN
0d5501aa0c7f2cca4fc9ac7e,riken,FQEQMASDZFXSJI|GGGUGZHBAOMSFJ|KFEFLPDKISUVNR|OJXQLGQIDIPMTE|YBHILYKTIRIUTE
0d64a38b32e2b57f077ec14b,riken,AKNILCMFRRDTEY|QXIPXNZUEQYPLZ
0d682116bf96c2414a210e39,pluskal_ms2,WQCBMEONWKFYCS|XYIUVKBMNWWWAR
0d69a40999b2d0980a8e6721,gnps,HJNLKUBVAGPMJP|USROVYCBGYOSLB|UXZAXFPFSQRZOZ
0d69c5a5933372fc94da58f8,pluskal_ms2,DZDRFPGBHOXFJT|HOKURLPBNQPMHY
0d7ae3104eb71015adf3e113,pluskal_ms2,OXGUCUVFOIWWQJ|UJTDYOXTXGBHEG
0d7d9a660ae98d7e79d4bba5,pluskal_ms2,ADXGNEYLLLSOAR|LQHDJQIMETZMPH
0d86aa1b0b72bed8f5f809c7,pluskal_ms2,OXGUCUVFOIWWQJ|UJTDYOXTXGBHEG
0daf4e1d4647f60da05dad9c,pluskal_ms2,LDEMKQVEUQTLTJ|XCUTWOJRCRSBLM
0db7ac5319e1c943af1c9e6b,msdial,DNABNTQMDXKPON|JGGWNGRBXJWAOC
0dc5cbfa85190958969004e9,riken,GJFHZVPRFLHEBR|JEJFTTRHGBKKEI
0dca0e2d198b365b7120aefa,riken,MOLPUWBMSBJXER|MPXAWSABMVLIBU|PEMIXOORXAHUSL|SSHDNSCEQSPWIM|YTXIGTCAQNODGD
0dd704299008fe15b561a60f,pluskal_ms2,KDBDWGPULDIDTM|SZFAVNQMZHISJC
0dd72b2db68ac8d2cb806f67,riken,QSNSCYSYFYORTR|RECCURWJDVZHIH
0dddf97100e0d28b3ab96688,mona,PAYRUJLWNCNPSJ|ZMCHBSMFKQYNKA
0de4f3981787932655460a90,riken,CXMXRPHRNRROMY|YYGNTYWPHWGJRM
0de9f6f1a0493f19d3f8199c,riken,UJZQPNXJSBWWNU|WHSZCJYHLPMLHS|WSBDCEJEINRUML|YYAHDCGHROJYNX
0df8d164f5ee9393c46b654c,riken,DLIKSSGEMUFQOK|HJTVQHVGMGKONQ|MLGPKWUKOQAAGI
0e03273c5f6badf7d4ad763a,riken,FQPSZMQVMNFOIK|NWQBYMPNIJXFNQ
0e09762ad64792122735b34e,riken,DBMJZOMNXBSRED|FOINLJRVEBYARJ|GBRZTUJCDFSIHM|IYCPMVXIUPYNHI|PXGWEUQZDRUMRE|WHWWQGPCTUQCMN|WRLXHKDQSQMWSH
0e0ddf697314e749ce507991,massbank+msdial+riken,FKIYLTVJPDLUDL|HKQYGTCOTHHOMP|JBFOLLJCGUCDQP|KMOUJOKENFFTPU|NSRJSISNDPOJOP|PULWRMOKQNWQBD|TXNLZKDXBKIUOQ
0e12278f0f272a58d070e71b,riken,IMKJGXCIJJXALX|WBMOUMRUWNKLGQ
0e2772804efe2c8d3ef7e8ac,riken,BLUAFEHZUWYNDE|CITHEXJVPOWHKC|ZZXJOMSIUOUAHV
0e4064813af53d4a7df78c45,riken,ATJVZXXHKSYELS|UCFGDBYHRUNTLO
0e4a11b04e5a9f98233c21b3,riken,GVEICTMRUVWSCF|UCICMEZSJCENSS
0e6207847a3040026ac8407a,riken,WVRDOLPMKOCJRJ|XUWSHXDEJOOIND
0e679d907ca14e33784b7cfc,pluskal_ms2,AEGMTRFJZYFDRR|XGJHIUYQKVQASN
0e7034f372a41779a8c059a7,riken,GSKWIWOAUZQVES|WPPPFZJNKLMYBW
0e81741fc71d7c1a19acc93b,pluskal_ms2,BXSWNEVPGYRLEF|MTIQGFJEGKOVQK
0e8422338845509c2ef92072,msdial+riken,PHIQHXFUZVPYII|RXWNCPJZOCPEPQ
0e91dff2fb4e46bd18fab2e4,riken,DIEUZIPSDUGWLD|FJQKXKNZQQBTDD
0e9204ff94889b3a103cef6b,riken,MOIJAHWAZFJXSM|PBPNOAHYDPHKFH
0e93930a375337116d3ed6e3,pluskal_ms2,GXFIQOWIDSZYKM|VSTJLJLYMOOSPZ
0ea3bc122ce5864bd082e3c1,riken,LLMCZIBSELEBMK|VTNZLQTUEWINQW|YLHQFGOOMKJFLP
0eb026910e6b176b27bbb04f,riken,ZPWPIKNEPPRDSS|ZXPRMRWMMPZQED
0eb7aa0b51c80e8166e5b06e,riken,DAXYUDFNWXHGBE|LHZZULHOQSQSJN|RYYVLZVUVIJVGH
0ebddb9ec65556cd5f47a7a2,gnps+riken,BDYYDXJSHYEDGB|CIEXPHRYOLIQQD
0ec5d37424574897ecac2983,riken,SFLMUHDGSQZDOW|ZHYQCBCBTQWPLC
0ec8faf23f8a22804f5c55ee,riken,BLUAFEHZUWYNDE|KLAGYIBJNXLDTL|LARPFJIXBULVPK|LPHOGVFYEBRXSC|SLRCCWJSBJZJBV|UCFGDBYHRUNTLO|YGVHOSGNOYKRIH
0ecb949761eb79add383aa09,msdial+riken,DJDISCKFJXDADJ|KZWKYXLDADOEHV|PRZVXHGUJJPSME|YXOLAZRVSSWPPT
0ed7306c4b13007012a81fbc,riken,AALLCALQGXXWNA|AYHCPTDPDUADTK|GSKWIWOAUZQVES|HPSWAEGGWLOOKT|IWRAOCFRRTWUDF|JGWQYLZHPPFHEH|LMEHVEUFNRJAAV|MQDZZCJYWRZONM|NDUAXKHGCJIYEQ|NJUXRKMKOFXMRX|SJJRKHVKAXVFJQ|VZKYMUDKBYLYJH|XTSVKUJYTUPYRJ|XYYAFLHHHZVPRN
0ee08d68ee310210531fae74,pluskal_ms2,DJPUZFZJFKCELR|YOJLMXSXDFOSLI
0ee16e252c95be1b1ef847f9,riken,QLKSLGRVBGVPPG|RAYQKHLZHPFYEJ
0ef3c49bf844f7f0e65e7e64,massbank+msdial,CRPUJAZIXJMDBK|DUYSYHSSBDVJSM|GRWFGVWFFZKLTI
0efbc464791d6e855087c417,riken,JKQXZKUSFCKOGQ|LCAZOMIGFDQMNC|MIJYXULNPSFWEK|NLJJSPKWNBUDNS|QFJIQUOMKJNYLI|QMQIQBOGXYYATH
0efc6e4c394a172623f7150c,riken,DAXMBTMYJCYTRG|HRLFUIXSXUASEX
0eff895349f3fedc1258d92e,riken,DQYACEDUQHWXQZ|HUOOMAOYXQFIDQ|JRIBPWOXWIRQOQ|MMTWXUQMLQGAPC|RTNFBJXLYMERBB|TYUAGPZTMCIDLX|XGPBRZDOJDLKOT|YPWHZCPMOQGCDQ
0f04e46a07e7900e94120e0d,pluskal_ms2,ONBUDYDHHLFSPZ|VSLJXCOWCRWREN
0f1b7f863e44af059f34b4c6,pluskal_ms2,CKHRRUPQQLGEHE|QUYQIBRSKHHZSX
0f2282c5b1d515273b3f500b,riken,LFYJSSARVMHQJB|VLOLGVKDVDYZDC
0f291a085dd4e98a80f9d88a,riken,VPGGWGYOGZDTCS|YTHRBOFHFYZBRJ
0f38304057abb5bb2515f0bc,gnps+riken,CRDAMVZIKSXKFV|GCWIQUVXWZWCLE|VSNATUGVSVGFFN|XEZVDURJDFGERA|YCOZIPAWZNQLMR
0f39cf935b179ac4fe91269e,pluskal_ms2,IFQGGAHTPJSUOS|NBEYHLRJNTUBRR
0f3c6787fa1430973096d13f,pluskal_ms2,NBMNQTQSJQDCHA|SPIIDRMCTHYLNE
0f427027aa7cb5f36f56b955,pluskal_ms2,KDBDWGPULDIDTM|SZFAVNQMZHISJC
0f6a4fd1cd8ab116ef451449,riken,NACOJBQGIGOFFX|ZJVUMAFASBFUBG
0f6f94220c81bdfd5e176c7c,riken,DNRRQUCJUWPRKS|PORLQGCIBQPFNX|ZKLSVVSNZGPHRI
0f78ea0d461288b25f52df42,massbank,DCOPUUMXTXDBNB|ICUTUKXCWQYESQ|KQEKLTCGLCEOFY|XRHGYUZYPHTUJZ
0f7a5c1c5508b122992d57c7,riken,LMRLDJDATYPZAG|XRCLPWMEBOMKMG
0f90d71bee0be8a8acbda517,pluskal_ms2,OMVBWGOVOFYKNC|YZVUFQFNZWNCPZ
0f9490ba1ef61175bcfb4a17,riken,GSKWIWOAUZQVES|KRQDMAXNTWLTDZ
0fb49d665919b09b399ffbba,pluskal_ms2,FTXQMXYVEKCYAO|QHJHUTXUTFOAJX
0fb52d7c4a9a6a80e4b07ba7,riken,SCULJPGYOQQXTK|VOZHMAYHYHEWBW
0fc6d6bae0b17324f1677b3a,msdial+riken,TUXHHVJPGQUPCF|UEQUQVLFIPOEMF
0fdf419f442031a54c1232d2,msdial+riken,PUPKKEQDLNREIM|WLPJMCCYDZFCBL
0fe703d6e97dcd3f7673f9e4,pluskal_ms2,CHNINISJXPDINL|XYRKBYYZNHPWAF
0ff0115344ce6958cb9652c7,riken,LZJRNLRASBVRRX|PYBFXJMIKJNNAJ
0ff8a6afa995c77f9244e758,pluskal_ms2,BIAVGWDGIJKWRM|UNRCMCRRFYFGFX
0ffa52ff6d46b524d23edf58,pluskal_ms2,KGVFDGQLEUSHLJ|YLHQKKNDZBJXHR
0ffebe67d7c51c99ad0cac83,riken,TZUGIFAYWNNSAO|UVZUFUGNHDDLRQ
10066007eb5127bb53b2603f,riken,NODILNFGTFIURN|OVSQVDMCBVZWGM|VFLDPWHFBUODDF
10247cd7f12ffc92e4dc08a5,riken,RNXZPKOEJUFJON|WZUVPPKBWHMQCE
102f636d6682cf393a0679bd,riken,AONBXCCYURJCAY|AYNMYQSRRVGZDT|BKIACVAZUKISOR|BPGBDEHBHGXYDZ|BSAUHSXSNKKVHC|BVMVRPVYRJQROP|CQJGDYZEMIGJCJ|DGDWCRWJRNMRKX|DRRWBCNQOKKKOL|DXZNCVRUZDRWLR|GDHMEZCJJXUPRD|GMVYLXBMPRDZDR|GRBHNQFQFHLCHO|HAVWRBANWNTOJX|HDWHBDOGVXCYAX|HVYWMOMLDIMFJA|IAEZLXLDZBZQPU|IEFRVMKLIFGNMU|IWQURBSTAIRNAE|JFZVCQKUYHJMKO|JTYYHSPDVLJFOJ|JYRLHZSQUXTFGH|KHHOUARHSDWEKJ|KKMPSGJPCCJYRV|KQKIBPHENIYGEF|KTZNZCYTXQYEHT|KWDWBAISZWOAHD|KYPPZUHEYJBGDV|LIUCSAOGRXHLPO|LLVOJEYSNCNXJN|LMBHKAWZFQGFAN|LOEYOYHSBVAUQU|LPVOPZMNIAIRJY|LSHVYAFMTMFKBA|NBWLCAPFQGXOGJ|NGOFDYKRKVTNMQ|NODILNFGTFIURN|NVRUMGAPYRSOQF|OADZSFPWAGMTDV|OOADLWBTJWWEHC|OSELKOCHBMDKEJ|PHEDXBVPIONUQT|PHZOWSSBXJXFOR|POMAQDQEVHXLGT|PWAOOJDMFUQOKB|QJCKSTTYTCSITQ|RAMDNIOVZOWWAL|REIZDYUGEPBIJP|RHYJRVWWDRGDRZ|RNXZPKOEJUFJON|SGNBVLSWZMBQTH|SIBYGGBNBRCVQI|SKYPPFSYUDCEQR|TUFBUBIMKZRZLD|UQCUBQIHIKJPHI|UZIOUZHBUYLDHW|VEUCARGUUJVDOF|VVLPFXAEVKKWTK|WHSZCJYHLPMLHS|WVRAIABMMRFVCC|WXQHVBNTINGJJR|XMLYZAYHZIXJGE|XPCTZQVDEJYUGT|XQBZILVAQBMZFI|XRCLPWMEBOMKMG|XSYFJARDFYYUAD|YRXDKQKYWMHRSY|YSOBQIMODQOGKQ|YTPBUIWNJRGZFW|YTVGSCZIHGRVAV|ZJDOESGVOWAULF|ZXPRMRWMMPZQED
103390abd00e56fff01c812c,riken,AIFCFBUSLAEIBR|LNIVUWPCHRNJLG|YTZSBJLNMIQROD
10391a5751189a1d4c2ba707,riken,ATLJNLYIJOCWJE|CRSFLLTWRCYNNX|FJQKXKNZQQBTDD|HMNKTRSOROOSPP|JZZOGGANLSAZTC|LPYXWGMUVRGUOY|OBEHELRBTWMPHI|PJQLSMYMOKWUJG|TZBJGXHYKVUXJN|UFMAZRUMVFVHLY|XATAXBHNGRMKLI|YLYLCQRQSRDSQR|YXOLAZRVSSWPPT|ZROGCCBNZBKLEL
1039c45e7e7dce9c76246452,msdial+riken,BQPRWZCEKZLBHL|NYHBQMYGNKIUIF|TZRNJQYCOSMOJS|URMVEUAWRUQHON|WHFUDAOCYRYAKQ
104dfaf902e9b80ee7775055,riken,HJEXOQUMFMERIM|LVTJOONKWUXEFR
10578ead09494758ed4379d7,pluskal_ms2,MFQSVEIGELLNCR|WBGCLWQQDKRSMJ
106a1dbe46aaf52bc85a88be,pluskal_ms2,BQSJTQLCZDPROO|DQDAYGNAKTZFIW
10954129e2a2e0bbeea50b71,pluskal_ms2,COZUWGMIBZZPRW|SSLKTQQOQJLHRE
10a3aa9beeb5fca58e7bc6dd,riken,GHBNZZJYBXQAHG|HDLNHPZHTNFCNP|HWYBGIDROCYPOE|JWINIHBXRZXFKL|LLXVPTXOKTYXHU|OXLDBLCHXXJJPD|SDGDWRYYHQOQOJ|XBRXLXOCHNGHBC|XGVBNFXVLFKPCO|XUHJBXVYNBQQBD|YRCWQPVGYLYSOX|YZNCIXVBVQRGQN
10be126feed326ae692c3c35,pluskal_ms2,JUJGKVROMWUCBV|PXTZDSPTHUBOIB
10c48b89eddaf26a616b0236,msdial+riken,CKLJMWTZIZZHCS|DGMPVYSXXIOGJY
10d520fd375a6db5af7d3b41,pluskal_ms2,FRSWCCBXIHFKKY|JZRMBDHPALEPDM
10dbd7c7e8e1f08cd71843a0,riken,FNMHEHXNBNCPCI|YRECILNLFWZVRM
10edcc1e441b8b64d0c4a122,gnps,XMONYYOQABPNPE|XTMJWSISNMICJZ
10f449b8bb386117628e0eaa,riken,DFBIRQPKNDILPW|SHCNCWNJFICBJU
10f81245a3f17099b6dc6731,riken,CGIGDMFJXJATDK|QRYCLVPCVHKKTG
11069b97c102af1695800d74,riken,BTPYUWOBZFGKAI|GHBNZZJYBXQAHG|UEDUENGHJMELGK
1106d0ba1e5ed1bed7fa362f,riken,NMLUOJBSAYAYEM|OJXQLGQIDIPMTE|VKJLHZZPVLQJKG
111b9a32875aa59e909fb89f,pluskal_ms2,DJKRODZZJZNBHP|ZPHVBUQWCQILNB
111c192f4dbe9fb594974557,riken,GLYPKDKODVRYGP|TUUXBSASAQJECY
111cb1257b7a13d8c90051c0,pluskal_ms2,BKCDJTRMYWSXMC|BLQYVHBZHAISJM
111f4e23bd49bbc3b183b2ba,pluskal_ms2,JWQLVCBZBLRGHT|YFKNMTKRALCAPE
1128b3cd831a3a372596127f,riken,FEPAFOYQTIEEIS|ZJMLELXRQUXRIU
112d52052efc555946f4feec,riken,DBCAVZSSFGIHQZ|DKKJNZYHGRUXBS|FPUXKXIZEIDQKW|GAZDXIGXYWVWQX|QIMGUQIHCNDUKU|WHFUDAOCYRYAKQ|YBHILYKTIRIUTE
112fd86bb19d60408421c13b,riken,BLUAFEHZUWYNDE|XVOHELPNOXGRBQ
1135113e326409c827af7152,riken,BMCZTYDZHNTKPR|CVAVMIODJQHEEH|DWCCVUBESGIKQL|HXPXUNQUXCHJLL|LCAZOMIGFDQMNC|OLZAGZCCJJBKNZ|WYKQPGOKTKQHQG|XPMQJVHMFLZDSA
113c9834bb4e3615d6f3ea79,msdial+riken,CDAISMWEOUEBRE|SQVRNKJHWKZAKO
11414c103674659d9c3608d6,pluskal_ms2,IYYKIRSUZICUEO|KXLWPFYBKZYMDQ
11418ae2f1b3fc6525c3225b,riken,JKQXZKUSFCKOGQ|MIJYXULNPSFWEK|YTVGSCZIHGRVAV
114986f80b04c8283a528f87,riken,MDFCJNFOINXVSU|RJDSARTZFIBDAR
114f590c4e458f7aff70fdb4,pluskal_ms2,BNRJQSFLRQUAIH|YYXKGGZPCAXLIY
115219d9a73dd728e3315ad4,riken,BDIAUFOIMFAIPU|DRRWBCNQOKKKOL|FXFYOPQLGGEACP|HNOSJVWYGXOFRP|ZWSIWHQVFBSRPN
115b970badec41a5492ac71e,pluskal_ms2,CHNINISJXPDINL|XYRKBYYZNHPWAF
116000515151fea7de8b2ecb,riken,RWXIFXNRCLMQCD|ZSBXGIUJOOQZMP
116dc402b3d04de21912ec9e,riken,FVNYMYXXKXAQHS|RAJWOBJTTGJROA
1170f1d41aadae554b88441f,riken,GOOFZOQDLIMARN|KQKIBPHENIYGEF|QMNWISYXSJWHRY|UWKQSNNFCGGAFS|VTRDANCBYRZCRZ
1177696021a5fc2e9ede796b,riken,KZLDMAIXPXOZCX|SEBIKDIMAPSUBY|XJOTXMLDNWCDRH
117c36b6d7936a2079a756b9,pluskal_ms2,CMUMNKHCUBSOSI|OXZZANIKBBNMME
118848961ea7245ae393c0e2,riken,BPKLDKRUGJQLGK|CWGIHUKKVIGOGZ
1195e999956c35b1edf03316,pluskal_ms2,WLZZTYFINARLDO|YZULDDZPZWXGDW
11977ebc3f793a43b2410721,riken,UTGUKTQOTCXQJK|WHFUDAOCYRYAKQ
1198e18213a4631d68c5bf1d,pluskal_ms2,AUPVXELYDOKUDB|RSHLQDXUKBUQRK
11ac81857f3cd24d531cb290,msdial+riken,AAWZDTNXLSGCEK|XRYVAQQLDYTHCL
11b1cd7cb4c609636f8a67b0,riken,JELWYGQTQBQPGH|MDAHEEBYLFVHSJ
11d8e53a0ed6a279046350a3,riken,AMOGMTLMADGEOQ|RETRVWFVEFCGOK|WBHHMMIMDMUBKC
11d9bbbc520f8bb5f96ba73e,riken,AYWNHWGQTMCQIV|CZCIKBSVHDNIDH|JJURGRVZASRDDE|KVKRFLVYJLIZFD|PCWTUTJLXXOQPR|PTDAHAWQAGSZDD|PZMKVXLYUUFZPT|UVJYAKBJSGRTHA|YAPQBXQYLJRXSA
11e7254e4b105d7aa12f55dd,riken,AXGFSTYXXKOHOV|BJFMLQOTWLSHOA|ILKZIWOLBIGWMR|ZKLSVVSNZGPHRI
11efaa0eb26dac7dd9703317,pluskal_ms2,MYWLNUHOXLSXFR|UTDLBBNCPPFBRU
11f7257b691270e0db9eebc3,riken,BQPRWZCEKZLBHL|FPECZWKKKKZPPP|KPXIBWGPZSPABK|KXHCYYSIAXMSPA|UFUVJROSOIXJGR|UFWIBTONFRDIAS
12032b988ba6c59f7150c088,riken,KGEKLUUHTZCSIP|QELDJEKNFOQJOY
1219b89d2b4e7e34f979af13,riken,GLQYFMRUYWFXGT|PMVCHAWVCIWVLP|RKUNBYITZUJHSG|UAPZTGRENZINFN|XYYAFLHHHZVPRN
12220bbfc7e6c3d06df26b15,riken,IKGXIBQEEMLURG|JZNGEGWFNPRYBH|NMLOPXSNELFOLK|WSXZMNZWXLNIPA
122231f322541b6eabc9f6de,riken,AEDDIBAIWPIIBD|INVGWHRKADIJHF|QQKAHDMMPBQDAC
12226f077ba2d95909ec1c14,pluskal_ms2,BBMIVYSZKOFQRF|TXHLMNLRIQPPAP
1224a99448c7b66ddf7eb66c,riken,CKUVNOCSBYYHIS|HCZKYJDFEPMADG|IZQSVPBOUDKVDZ|LOUPRKONTZGTKE|OHCQJHSOBUTRHG|OMQADRGFMLGFJF|RAQNTCRNSXYLAH|REFJWTPEDVJJIY|RFWGABANNQMHMZ|RNKMOGIPOMVCHO|VNONINPVFQTJOC
122a093f775f42059eb1827a,riken,ALYHYIXFUOUIHJ|FCEXWTOTHXCQCQ|WYDPEADEZMZKNM|ZJDFNIHQCHHZGU
122e31fbcc9d7356d0ba3505,riken,AAGFPTSOPGCENQ|CHACNMULAGKUQN|OKBOILMPCQJRQY|WRPAFPPCKSYACJ|YLYLCQRQSRDSQR
123ac3a3452b2d09d7c43dfe,riken,JKQXZKUSFCKOGQ|MIJYXULNPSFWEK|QMQIQBOGXYYATH
124820c313da03882a2e87ea,pluskal_ms2,HCHVXLFBJWXJNF|NBRUSFWGKDEKQS
124d86a5ea0fe4b2b753ac07,riken,JAYAGJDXJIDEKI|SKXWDGDNWBYACJ
126176724c91e5e5106103af,riken,RXTPBERNZNYWSC|VYQZKFDYFAVOLO
127690a0e40471a67d8f9dc3,pluskal_ms2,CEIYBVJDLDUALL|ONBUDYDHHLFSPZ
12774e5d9d3e8a9c6ee32bf9,pluskal_ms2,RUYJGQYYWHXUAC|VVXFICIRCAZKBJ
1283810ea2ba918a13f53e7f,pluskal_ms2,FJQNUNBQWRUPSI|UUBVLNODMJCOTD
1292ac2bc55dd7fd7781869d,pluskal_ms2,AMXCTLDSFXUPOC|UYDSWRORAHRACW
129e67a1753c36e64bbefddc,riken,KXHCYYSIAXMSPA|PMVCHAWVCIWVLP
12a415c4d71087cb0d9cb49f,riken,CHHNJZWDIWUFAP|JKQXZKUSFCKOGQ|MIJYXULNPSFWEK|QMQIQBOGXYYATH
12b57c710bdeabc97166a3c1,riken,AFEDQRGFPHITIL|BYEKJUATVGKCCZ|ILKZIWOLBIGWMR|KSGGQJQFYBWKMO|QDBWYYHWAVXSRF|VETFWJPJUHRUQG
12c47bb6e6c158f65082a452,riken,BTPYUWOBZFGKAI|CNPWIVIIZHULCN|GHBNZZJYBXQAHG|HDLNHPZHTNFCNP|HVPKALQHGQMJER|JWINIHBXRZXFKL|LLXVPTXOKTYXHU|SDGDWRYYHQOQOJ
12d1274b44fafbc9675d49d7,riken,JXTOWLUQSHIIDP|MVLZRHJIQUMZRO|XJOTXMLDNWCDRH|XWOLWJSHOPYCNG
12d2fca29da3cbe08c6038db,riken,AALLCALQGXXWNA|AGIQIKMGJVLKMA|DLVLXOYLQKCAME|JLJAVUZBHSLLJL|KGGGRGBDMBZXKF|KVKRFLVYJLIZFD|NJUXRKMKOFXMRX|QATISCJMIITVAB|RXAXTTGJEMODPY|WBYJYPOPDKQBQJ|WFRQIKSNAYYUJZ|WMSZDXQCLFUBAQ|XFFOMNJIDRDDLQ|XYYAFLHHHZVPRN|ZBXWGKPUSLRPHX|ZPFRAPVRYLGYEC
12de02294efbb84a7fc94606,pluskal_ms2,AIJMJWLEFKZSRF|GFRLHYDLHJNYMU
12e53d6d50a4dda6195d7e7a,riken,AJUACYVEKRAXEB|CKUVNOCSBYYHIS|FSBUXLDOLNLABB|FYQXODZRNSCOTR|GEVGPWJNGZPSJJ|NJPDRQDELKMUTI|XVPBINOPNYFXID|ZTVSGQPHMUYCRS
12ec434821405a7fcf418f5c,massbank,KPUREKXXPHOJQT|PQTBTIFWAXVEPB
12ef8c4e9e9edf8d593fa656,riken,NSEWTSAADLNHNH|SHPPXMGVUDNKLV
12f41018e947ff87f45d4a5a,riken,NXJYJHDDQUZYBZ|RERVSJVGWKIGTJ
12f9d01fcc1f1a4354b38cbb,pluskal_ms2,CWIHCHBWHUKXFQ|VFASMTWOJZTBQT
12fc55ecc1bcc90946b0bd71,riken,MOIJAHWAZFJXSM|UYXBVRMASFBLKM
12fdd4f28343a3d12bae38cf,riken,DAXYUDFNWXHGBE|GWHCXVQVJPWHRF
13070786884dedc400135d6f,riken,GVEICTMRUVWSCF|IUOVOAJPVOWNCJ
132086f129304b4cafd4d3ce,pluskal_ms2,LSHJBSNZCVJLHC|RCXHLQWLYVOCAO
1321126629c8ead39a5bb70c,riken,BQKXJCBALVIMOT|BVMVRPVYRJQROP|CTJZWFCPUDPLME|DAIAMOGGSOXZSO|DBUNRZUFILGKHP|DEYFVOXDNWADAV|DZWQPAFWILBODA|GBLZBLJGCQTQMB|GBXXXUUAOFPGRP|GHUUTEXYFBCKSM|GXLUGCOZQDLXAJ|HPXCSOULTKVTSY|KILZIJKCZIGLFJ|LKBQICPDNCGJOH|LOEYOYHSBVAUQU|MBYNDKVOZOAOIS|MVLZRHJIQUMZRO|NAIXCRGIEGDRIQ|NEBPBFLVSYFRQE|RBFNEOONBAEQRW|RXTPBERNZNYWSC|TVYGDDMZPBKRPM|UCICMEZSJCENSS|UVLDARVNLRWGBB|VELYAQRXBJLJAK|VUOFIHCZMOIBFY|WCNWARYSICKKGF|XDLBSNLAIQNWON|XELXKZJCZXSVKJ|XOFQQXMAHNZIDD|XRCLPWMEBOMKMG|ZZFFGLBMTDESFZ
1323bb36d368c50dae631dfb,riken,BTPYUWOBZFGKAI|HULPONUAINYLQQ|MQDZZCJYWRZONM|NJUXRKMKOFXMRX
1325e86d88a70f5675781d19,pluskal_ms2,GXFIQOWIDSZYKM|VSTJLJLYMOOSPZ
1335a154cc037e78d91b5eaa,riken,PGLIMMMHQDNVRS|QKQLSQLKXBHUSO|RYHDIBJJJRNDSX|XUARCIYIVXVTAE
1345e1620395bcbfa7325eae,riken,AEDDIBAIWPIIBD|BLZGPHNVMRXDCB|CIUHLXZTZWTVFL|GPFNSVXDXCMNOL|KGGGRGBDMBZXKF|KQSFNXMDCOFFGW|LCXREBMNASQAOC|NLOAQXKIIGTTRE|NYSZJNUIVUBQMM|RINHYCZCUGCZAJ|VENRSYBHHVDBDC|VZRKWGPIZJDNHC|XCUCMLUTCAKSOZ|XSLKAKROJKMHIT|ZPEADZHVGOCGKH|ZUADKIVUCPFXDX
1350ceb9bf108270f8cce5ca,riken,LNTHITQWFMADLM|MLVVTNIFHMERMU|PCMORTLOPMLEFB|TZBJGXHYKVUXJN
1352f02b8a68085fb556ad3d,pluskal_ms2,DUJBGNHGEBLHHI|MVYSIIDOGIFTRC
135f98deab0d0e1518f29666,riken,WCGUUGGRBIKTOS|XUARCIYIVXVTAE
1365287f3186a93f86919f5a,pluskal_ms2,GNTNFDGUUKHKPJ|PGKALWCTRFUUJO
1379061101f13ad8c89557cb,riken,LNMBUJUJPICZGH|OEHBHOIFLXXHAM|VDBHOHJWUDKDRW
138a02627ffeb3657ac57eba,riken,GPFNSVXDXCMNOL|ZUADKIVUCPFXDX
138c93280d93bedfde8e1ded,riken,DXZNCVRUZDRWLR|VGEREEWJJVICBM
139a55e5e38c5c45793a38e4,pluskal_ms2,MOBHZGQOOXHJFE|RZWORNXENDEBFF
139ee342c0241e345c6b1a91,riken,SHPPXMGVUDNKLV|XUGSROZUUURBSW
139f42f43671f392ea593774,riken,FCJSHPDYVMKCHI|IRZVHDLBAYNPCT
13a3d78c003c1dcad03d830d,riken,ALERZNQPBWWLMW|DCULYKVTBAXAER
13c4ae224e66dd55b343d832,msdial+riken,GYFFKZTYYAFCTR|MDAHEEBYLFVHSJ
13c9588feb3ab81b64cf5133,riken,HJSUUMKMBHCPEZ|HTYKHVALTAIEOS|OCFIUNGSKQZESJ|RDRPORVAKXEYRR|UVLDARVNLRWGBB|ZOLVWZHOOPFGPM
13ce86d3a021632106f7ea87,riken,GLDVIKFETPAZNV|XRARAKHBJHWUHW|YKWVIQPJNXTICW
13d4417855a0193c532a796e,pluskal_ms2,CVORYWHMUAVJIT|NKSUASKQZIZBIJ
13ee6e1a092a38707191a1a0,riken,PEMIXOORXAHUSL|SSHDNSCEQSPWIM|TYFKYDTUEMTUNY|VHXNKPBCCMUMSW|VXMOIPRQSYFTHI
13efe6d5ccd6fa84e14f9d4e,pluskal_ms2,GJJUCNKPFCXAOS|XMKBWMNDONVUSR
13f7be619e3c6139c8825eaf,riken,HAYLVXFWJCKKDW|IMPWMPCRAJNBMS
13feaa065d9883e0dc70a060,riken,MGLWZSOBALDPEK|QPFYXYFORQJZEC
140451fd9afad317b23a9192,riken,LLVOJEYSNCNXJN|SYDKOLLYPJCLPT
14065f6cb6e672e84f007405,pluskal_ms2,IXCMDAVKOFJIMK|KLUICKAWWIGDCB
140c188ab13a1eabf1baf7c7,riken,BURJAQFYNVMZDV|SLAWMGMTBGDBFT
140efc6f00f960b788802ac5,riken,GVTRUVGBZQJVTF|IOPDFSGGBHSXSV|QGNVMEXLLPGQEV|YOQAQNKGFOLRGT
14138ccaee6f688b392f6832,pluskal_ms2,PQSUWWHLOPXHBE|XMFISXJBZQTOEQ
142578eb4330311074f5912c,riken,ARDWXVOOPZYQMS|BQKXJCBALVIMOT|BQPRWZCEKZLBHL|CDDYZYIBFIQEGM|CGDPLLODVFIMRR|DBMJZOMNXBSRED|DJOJDHGQRNZXQQ|FHHSEFRSDKWJKJ|GCMGJWLOGKSUGX|GFPLPBCJRRNZHM|GLWPLQBQHWYKRK|HCGYMFPNEDDKQY|IBFYXTRXDNAPMM|IKYPEGVINGQGGO|IOLDDENZPBFBHV|IRZVHDLBAYNPCT|KJNCJEFOGQPOHS|KKMPSGJPCCJYRV|KMPDNLYICWJCPY|KRYFHYSXWHRZKT|KVOJTUXGYQVLAJ|KWRQPASKWCJCPI|LKBQICPDNCGJOH|LNYMNCSNEKIYJD|MLEBJDOVTWPMQD|MMJORIFPGDWBAA|NACOJBQGIGOFFX|NEBPBFLVSYFRQE|NNDOCYLWULORAM|NXJYJHDDQUZYBZ|OQDGBIQQFFTLKL|PHEDXBVPIONUQT|QBDHHZLEIBPNSS|QPAKXSCQEJXHSW|SGTCGCCQZOUMJJ|SJHHSDDZARIHAT|VEVZSMAEJFVWIL|VJRPWEGZZYYJQK|VRDCOPNSCZLBLD|WMBWREPUVVBILR|XGPBRZDOJDLKOT|YLYLCQRQSRDSQR|ZKLSVVSNZGPHRI
1428fd3cc54064e69844e840,riken,ANKZXIMZBGQTDU|BPXIBBNVQKIXGG
143ae8de26622238b3fdc180,msdial+riken,DBUNRZUFILGKHP|RARUJUZFKGDIOM
14426219ec02b5a441f0aefa,massbank,SCPADBBISMMJAW|UCHDWCPVSPXUMX
1456a340c3f2e1abbf2fec80,riken,DHJXZSFKLJCHLH|IEBFEMIXXHIISM
145ac800c439eb385992cf56,riken,GFMYIOGFYYHKLA|VOZHMAYHYHEWBW
145d170fbec5ff9bebd933ea,pluskal_ms2,BRRLAKHLNMKPSH|GDQAHQCHCRXPQV
146003a44b2ba99632cfc755,riken,GWTUHAXUUFROTF|KBGJRGWLUHSDLW
146d42a2acb30774dd918c80,riken,RKUNBYITZUJHSG|VDYCLYGKCGVBHN
146f2f1cdf6b7869f6f20afd,riken,LSHVYAFMTMFKBA|QCQGNTXXPCJRFZ
146f8a003d793c2d09668e10,pluskal_ms2,NBFMCUOOMUNSMA|UAVWENCESKIYIK
14783434636dd967c056e0dc,riken,LNJTUUHDKCPQAA|WYDPEADEZMZKNM
1485511ea7fdbd955e942029,riken,LLXVPTXOKTYXHU|XRVOHZOREFBBDX
148759edd641106c75585efd,riken,MIBATSHDJRIUJK|VFPFQHQNJCMNBZ
148a344b86bb40c8df75d44f,riken,LHRODNGBSOEBAU|LLHJXODPYGGYCJ|QBILRDAMJUPXCX
148d78df883330eff00e07e1,riken,KQGDHYQRJRGMDG|TYUAGPZTMCIDLX
148f7aebc3760b23691f0a4a,riken,OIJHFHYPXWSVPF|ZCTJIMXXSXQXRI
1492285244d17ecf574fc91b,pluskal_ms2,DFSNUDFNCOQUSJ|LXVCQCRSHWSFRS
1495be1387eefc17e702657a,riken,AONBXCCYURJCAY|VELYAQRXBJLJAK
149b4f2b4454d2d4058de677,pluskal_ms2,KLVFERIITBXTIL|WVVUGOCPOVLEAI
14aae3933feec4b30307e758,riken,CKDDRHZIAZRDBW|XZZNDPSIHUTMOC
14bc9fe8b893b776e0302c64,pluskal_ms2,CJQKZZRIKGCEPB|WSZAXICPAZNABD
14c007116990fb624223eb80,riken,JPMYFOBNRRGFNO|MGJLSBDCWOSMHL|VCMMYRWIEZCYDK
14c6449c36bce97dde927490,pluskal_ms2,CYSUIINROVMDJX|ONHPDZODNAKPDV
14c7d76f540c8be037b62ef8,riken,AEDDIBAIWPIIBD|AMXYFWUYMQOLRN|LCXREBMNASQAOC|MSSYPWFHLFBMMP|NLOAQXKIIGTTRE|RINHYCZCUGCZAJ|ZUADKIVUCPFXDX
14d6a0d144f620d41e35c38b,msdial+riken,GKUMMDFLKGFCKH|HKQZUYOVMYOFIT|HZIBYJCDCHVSPK|IQDIERHFZVCNRZ|LIGCDEQHBAVBCO|QWNQZWRFKIHTPL|RBXVTEUAOTYIME|YBCOIJNAMJAFSO
14d94425f475710d944c1cbd,riken,AOWRAYJMTOYETH|BZXULBWGROURAF|CMKFQVZJOWHHDV|FFDULTAFAQRACT|KQGDHYQRJRGMDG|KXGVEGMKQFWNSR|OFDWKHIQKPKRKY|QYGUYHZAAVMQBV|YBHILYKTIRIUTE|YVCVYCSAAZQOJI
14efb0c743370d1861104f9f,riken,IUKLSMSEHKDIIP|NOWZBRLFRHWZOY|ZJRDCQWLAILQHR
14fa3f652b5348006910c60e,riken,CDYBOKJASDEORM|JLYBBRAAICDTIS|QWQSMEDUZQDVLA|VGJOYFZLAIERID|WLNDANGOFVYODW
14fcd8c841adbf3ac37f640f,msdial+riken,ATLJNLYIJOCWJE|NYHBQMYGNKIUIF|TZRNJQYCOSMOJS
150334f070866e3be75149eb,riken,CITHEXJVPOWHKC|GSSPKCPIRDPBQE|KWVISVAMQJWJSZ
150463a84549c5b1fe51107d,riken,LSIIVRCCTPRGGJ|WRTWKAQFZYXAEJ
150646392b6a59dccedd793e,msdial+riken,JRIBPWOXWIRQOQ|SATCOUWSAZBIJO
15089eea0af0e92b5010d826,pluskal_ms2,RZAZLALCJQVAPC|UULVWARUZBRKLD
150e1840da2b7ca9d058e497,riken,VELYAQRXBJLJAK|YDQJABBOEPTJBN
151dba0e6141e8a05df5122d,riken,QVCMHGGNRFRMAD|UTCJVDFLMODHQX
1521a9d35082583b72528b1e,riken,SJWWTRQNNRNTPU|UNCMRQFSKAVFQU
15323a9be49e4369edd049e0,pluskal_ms2,ROPKCVZEIICLDZ|ZLKMITJMEUQHAQ
1535138e7f42c3a504c0e5c3,riken,AEDDIBAIWPIIBD|KQSFNXMDCOFFGW
15380f4cbf4664775abc0889,pluskal_ms2,GRTAEXYBNGARKQ|KIAZDLSDTVXHQF
15401aa23f7ac354b98ecb56,msdial+riken,GXDJGKMWLJOJFR|RPYHJEFMMXMMHG
15486e6e0a4e897a5211a708,pluskal_ms2,CJAUFOVBHHUUKK|WGZJUIFMNFDPBT
154fee9be1e2e1bfc1a37ea3,riken,KISYRRMFQYIIFQ|QDDILOVMGWUNGD|UWHUTZOCTZJUKC|YPMOTUXWPXDQDJ
155276d9f201c72396713de4,pluskal_ms2,MYRYGQYFYQIWAD|NHPNPGRWUFENKK
155a93ba4b01290057dcf389,msdial+riken,FEIHRQSTXZRGQD|OKISUZLXOYGIFP
155dfef120fd02a0d813a12c,riken,JBGSWIBJAGBGOP|ZJDFNIHQCHHZGU
1573bc3efe5e49d348cb909b,pluskal_ms2,FRSWCCBXIHFKKY|JZRMBDHPALEPDM
157b53968511e8d7ac29d346,riken,KRQDMAXNTWLTDZ|MQDZZCJYWRZONM|XRVOHZOREFBBDX|YBCOIJNAMJAFSO
1588ae3b428ef08b78b405f6,pluskal_ms2,DUDWSRHTHFBRKU|LPUGOJBKFTVAPQ
158d3132cab5cebb26885a01,riken,FELCJAPFJOPHSD|IQUGPRHKZNCHGC|KLQXMRBGMLHBBQ|MBWUSSKCCUMJHO|MOLPUWBMSBJXER|VBTMMYSERQFPPK|YTXIGTCAQNODGD
15953bba5c30684e76180fa9,pluskal_ms2,JBOVBXYGAKERSW|LAHJEFIOWWSNMI
15999b09d21e78045e489140,msdial+riken,RDKDIPDDUFMMMT|WTBZNVRBNJWSPF
15ae70daa942b73057a8637b,riken,AYMYWHCQALZEGT|VTDZPALYKJNMNV
15c06ad7b096c873486794d3,riken,CXCKOTGRTPLISC|GSTCPEBQYSOEHV|VPRBWEMXTXPBEY
15ea7437e681bbf55d402906,riken,IKGXIBQEEMLURG|YIIKPFWLWYKDPH
15ea9b24df30c45a51b1645d,msdial+riken,GOLXRNDWAUTYKT|IINUIABWYMTUJM
15ed2c854bb5d98367194945,riken,FNIRVWPHRMMRQI|JXLYSJRDGCGARV|YDDUMTOHNYZQPO
15f2a1732011c304f83cb7f7,massbank+msdial,AYFVYJQAPQTCCC|MTCFGRXMJLQNBG
161a97c9d65cac1657bad23e,riken,MLGPKWUKOQAAGI|UXYJCYXWJGAKQY
161c7ebfb0c4dcbff71f61c4,riken,CUKSFECWKQBVED|FTVKHUHJWDMWIR|GVEICTMRUVWSCF|PZZRDJXEMZMZFD|XHCADAYNFIFUHF
161e3bd59615f3c0cce523bf,riken,AGIQIKMGJVLKMA|LSHVYAFMTMFKBA|XUARCIYIVXVTAE|XYNPYHXGMWJBLV
161e41155c2c8212d5d4daa4,massbank,LLWADFLAOKUBDR|WNTGYJSOUMFZEP
161ec0e8e0bb5d33522014bf,pluskal_ms2,OMVBWGOVOFYKNC|YZVUFQFNZWNCPZ
1635f4b11dd44e8c21653028,riken,CNHACNVJEKRLHF|QXIPXNZUEQYPLZ|WMBWREPUVVBILR|YTZSBJLNMIQROD
1638dee536df33ac891d9fc4,riken,UWQYBLOHTQWSQD|XIKYOEXOYRWIOU
1645b7904b7ca468f2c0f560,pluskal_ms2,BHWOKYGIZKCKPI|KWZPDRYHNZNEAL
164aa0b08b48d06c0cffd565,riken,KWVISVAMQJWJSZ|PHDZNMWTZQPAEW
164fb7118432c49cbae4ef20,pluskal_ms2,BSHOUTZDBGSAHM|JJBLQEHPWKPCRE
165234cc1bd40f1ae6546cad,riken,RTNZWGMBYCVCPK|XZTUSOXSLKTKJQ
1657c24b03a4287c52f59a18,riken,AEQDJSLRWYMAQI|JBGYSAVRIDZNKA|KLQXMRBGMLHBBQ
1659574ff7387189dbceb6b0,riken,FXNFHKRTJBSTCS|KLAGYIBJNXLDTL|OSELKOCHBMDKEJ|WZUVPPKBWHMQCE|XJHDMGJURBVLLE|YABIJLLNNFURIJ
165f641b675e3929273fc080,pluskal_ms2,BQSJTQLCZDPROO|DQDAYGNAKTZFIW
1685faf26ac37e6b8382f161,riken,AIONOLUJZLIMTK|KSEBMYQBYZTDHS|NJELUFJHFGVCBN
16986b617d70cf697201e597,riken,RLWWKLWEBQOOAB|UTMFIKFVXBHDRL
169a99632f4e1c77d1af31d2,riken,CTUJEHJOZXGIIE|MORVABAHRWEVGD
16a36d02112a641fdd2643ab,riken,GVRNTWSGBWPJGS|LADJWZMBZBVBSB|PMVCHAWVCIWVLP|SLAWMGMTBGDBFT|XVOHELPNOXGRBQ
16aa37471d24de8ec2bfc5f9,riken,HMMGKOVEOFBCAU|REZQBEBOWJAQKS
16c05bf14ef0fe5f8ffb09bf,riken,KYPPZUHEYJBGDV|PECAVQSFOYERFI
16d1b3433ffc5735bf1edae3,riken,KBMOUMVVDXEABW|NKMVPHNGKMCDLC|VETFWJPJUHRUQG
16d7f517cadb517e81126615,gnps,BUQYDIOQGKXORD|HHZAEBUIGZNNDT
16f7df3ea71b39c822b25b27,riken,GPLOTACQBREROW|UBCKYWKJKPMKAA
1700300c68e0d1c1643750d3,pluskal_ms2,WBFAVGUESWCDPL|WPTPUPGXMPKMND
170fa903758520043a407e98,msdial+riken,UUNQYGUCVSFAME|YTRMTPPVNRALON
1711c043e0630a53ad1a14c1,pluskal_ms2,QLESPZIBLXJTBI|SMALDVZQFBVHQY
171420bab5622d2c31605de8,pluskal_ms2,KBORUZAANHVCGZ|QPBUJNUECVGSHA
171c15c93b797738282fd9a3,riken,FBMORZZOJSDNRQ|FQTLCLSUCSAZDY|OHVJCFZJKPEJRL|XVMZDZFTCKLZTF
1723d18c9572df6d349a28ac,msdial+riken,LFXMHSJWYXKODM|UCZJPQIEFFTIEV|WWNNZCOKKKDOPX
1728a79d218cda59503f5555,pluskal_ms2,DGFZTTARNCHODV|VVCYEQNRWKGTDT
1730f4925f2e0a3d8df99cc1,pluskal_ms2,QJPCLIAAPIUMQU|VELXWQVKLUYRBG
173ac73e9e494d2e1ab099ca,riken,GVQOVMKBYJKZSY|XYYAFLHHHZVPRN
173f4f891b0efb8fd1d43a13,pluskal_ms2,NTLPDOCUKAPZHD|QCOVZSWIZFLYDN
1745c2f2a9c3ce036b934e45,riken,AONBXCCYURJCAY|JRHMMVBOTXEHGJ|NBLTXOXNRITXNW
1757a819221c29a560b3cc66,riken,AMXYFWUYMQOLRN|XRCLPWMEBOMKMG
175d1bb19256dd9da467a598,riken,RNKMOGIPOMVCHO|VNONINPVFQTJOC
1762a2ec3daad24f3328876f,massbank+msdial,TWBYWOBDOCUKOW|ZPTZXMTYGACTEG
1763919881c401edf32ae05b,riken,IDGXIXSKISLYAC|RERVSJVGWKIGTJ|WLWZPNRZKPGLTL
176a65946f4fad321de9edca,riken,DYDCUQKUCUHJBH|XGVJWXAYKUHDOO
176d6041de306769d2c80b1b,riken,IMQLKJBTEOYOSI|YURJSTAIMNSZAE
176e4c14c760ee7eab0693ed,riken,JDBGXEHEIRGOBU|NYKHQRHPWDLZTL
177c9f66c0a72087effcc5ed,riken,OIRDTQYFTABQOQ|QZZGJDVWLFXDLK
17813482c4d53994bbf2f22c,riken,INBSFHNHCNZEOY|IOUVKUPGCMBWBT
1783071bf6cd7a493bb9c671,gnps+massbank,DRLXVNRHGMULCY|KNHJTPLSWOEZHZ
178aa1768dcc754a27739e15,riken,XRARAKHBJHWUHW|YBHILYKTIRIUTE
17928ac7ec3b04e4c87d278d,riken,PMMURAAUARKVCB|VRYALKFFQXWPIH
179742fb327240c496d5f83b,pluskal_ms2,BFYFOWQTYQCJAF|KBDPQBSWAKMASY
179d9b76d49ae751335efc7c,pluskal_ms2,APXYIRKYNXGLTG|OLGWUYGDVHZZQD
179e44fff9e811b4c7e5de18,riken,DYYIUCVAQGRACE|NXJLRTWACLZUAZ
17a454dd5726724fd5e148da,pluskal_ms2,BPPZFJOSNPTQQL|MFIXSSKQHVPACQ|OLUWYTLKTXVLNF
17afbbd5fd7c5c06dd2c1782,riken,QEVHRUUCFGRFIF|UAHWPYUMFXYFJY
17b37481df01816cc64cceb1,riken,FCVHQMAHORAAKT|QKUFYFUSJMGILO
17c0a5f098b723cfd7dee1dc,riken,DZWQPAFWILBODA|QCQGNTXXPCJRFZ
17c1fcc40f86dc114ef1a6de,riken,IXODJGLAVBPVSW|YQNLTBIQEYMXGA
17e8c14ca9fe09e1626421cd,riken,NYCXYKOXLNBYID|ZROGCCBNZBKLEL
17edc4d9216799045f7776b8,riken,DCULYKVTBAXAER|IINUIABWYMTUJM
1805a21941f117670be40c44,riken,OTJBXGAQAVEFCP|VUEGHZSQVJADCO
180812bb1c9f34d40c58f643,riken,BLZGPHNVMRXDCB|NYSZJNUIVUBQMM
181bd4cf1131f3903b1a4e7e,riken,MDNWOSOZYLHTCG|SODPIMGUZLOIPE
181f697aa8f5bc32fe56d5c9,riken,JPEPPDJNTDNMQL|YGVHOSGNOYKRIH
1824a92d506101ca328245ff,riken,FHIJMQWMMZEFBL|MQDZZCJYWRZONM|WLNDANGOFVYODW|XWMMEBCFHUKHEX
182865483f10bec16a35003f,riken,ARPGURKWJGBPTN|XFZJEEAOWLFHDH
182ccb2cec70a19a57c4fc25,riken,FHIJMQWMMZEFBL|GSKWIWOAUZQVES|KRQDMAXNTWLTDZ|YBCOIJNAMJAFSO|YMWRMAOPKNYHMZ
18397baf7d5614b5fc2f0f95,riken,BLUAFEHZUWYNDE|KMCZIPGKKBSLEX|UWKQSNNFCGGAFS
18398b50ff49f1e715490777,pluskal_ms2,CJAUFOVBHHUUKK|WGZJUIFMNFDPBT
1839a5f0bca808a5b8fcb83f,massbank,BDZJLPDYMKPKGC|GPHSJPVUEZFIDE
183a807437afbd38bce9e4cd,riken,AALLCALQGXXWNA|AGBCLJAHARWNLA|AGIQIKMGJVLKMA|CCRXMHCQWYVXTE|CFUPNMDNSQIWBB|CQJVKYORMGSYFU|CXSXBHMYYCPTHP|FHIJMQWMMZEFBL|HMMGKOVEOFBCAU|IQUGPRHKZNCHGC|IRZVHDLBAYNPCT|JMUOPRSXUVOHFE|KLQXMRBGMLHBBQ|MQDZZCJYWRZONM|NRPKURNSADTHLJ|PYJMYPPFWASOJX|RLVCFPDMEANTCJ|RYHDIBJJJRNDSX|SOVOCMGDFRGRKF|UJCACMLMPLLRGW|VCMMYRWIEZCYDK|VGJOYFZLAIERID|VJEMOEYSQDKAQF|WLNDANGOFVYODW|YMWRMAOPKNYHMZ|YOSRLTNUOCHBEA|ZRJBHWIHUMBLCN
1842e3d38f561cc0123153dd,riken,NYRXUBDGDSRBGB|RMSKZOXJAHOIER
185792f2b36b16f99f3c1ddb,riken,VPJCTVQKHIFWKJ|XKXYJTIBKZGIPR|ZMXKPCHQLHYTHY
186e8e65de71694d46a58fb5,pluskal_ms2,CJQKZZRIKGCEPB|WSZAXICPAZNABD
18718fc58f1e3e427b7a82d6,riken,CBRIPBVLBHVFML|FVWJYYTZTCVBKE|JPJDIOVDAAVUNF|LUXRPLCOGZWQEC|MIROITGPMGDCGI|MXGAOIRJBACCEY|OFSZOCPGPLMCBG|QBDHHZLEIBPNSS|UYXBVRMASFBLKM|XWFDREYZNGAQBP|ZZXJOMSIUOUAHV
18727cd8e46bc25245130168,pluskal_ms2,QJPCLIAAPIUMQU|VELXWQVKLUYRBG
18797da131e8273eb70e938c,pluskal_ms2,FEKZKIZUNAXBLO|IKKHMJLRUJIZHA
187d7357ba99587141c214d3,pluskal_ms2,BHWOKYGIZKCKPI|KWZPDRYHNZNEAL
1893e05c8013286b087806cb,riken,LYGPBZVKGHHTIE|PNTWXEIQXBRCPS
1895bcfda2c6d0ffb9b4376c,riken,LSHVYAFMTMFKBA|QCQGNTXXPCJRFZ
18976aa350f44902a6c90d0d,riken,BLUAFEHZUWYNDE|CITHEXJVPOWHKC|GVRNTWSGBWPJGS|JMUOPRSXUVOHFE|KXHCYYSIAXMSPA|ONJRISGOJDDBNB|PAFLSMZLRSPALU|PMVCHAWVCIWVLP|SLAWMGMTBGDBFT|SPAFMWIHXVIIPF|UCFGDBYHRUNTLO
1898704ab511a07d5c17204b,riken,CTJZWFCPUDPLME|GLACGTLACKLUJX|IHYUCPYKBNICIV|PZZRDJXEMZMZFD|TUFBUBIMKZRZLD|VYQZKFDYFAVOLO|XHCADAYNFIFUHF
18999405d357f7e01f051b8c,riken,GPLOTACQBREROW|ZGRZULFRVWCUPF
18b8f19fef18e87fb54459f7,riken,PHMHDRYYFAYWEG|VUWOVGXVRYBSGI
18bfb340c81eee8b673dba48,pluskal_ms2,HOIPFGFVVVGLQS|ILLPXKQRQUSURG
18eac9830062bf9c2bc49b62,pluskal_ms2,JUUDNBKOOJEVBA|UTKXNPBRSKXJEW
18f0eb4029fe8ebec97ebd05,gnps,HJJVPARKXDDIQD|IJJVMEJXYNJXOJ
18fe60751b9bd9550ff19313,riken,ATJVZXXHKSYELS|BLUAFEHZUWYNDE|GSSPKCPIRDPBQE|OHDPFRGZBUACTR|QVCMHGGNRFRMAD|RKUNBYITZUJHSG|SQOJOAFXDQDRGF|SWOVVKGLGOOUKI|UWQXJCZFCNIUHA|XVOHELPNOXGRBQ
1904b958190c55383964680f,pluskal_ms2,KBORUZAANHVCGZ|QPBUJNUECVGSHA
190ff2dba499fdaa0e80fb30,riken,KEGZEHANNYRNOK|VWPNQCLIQCRCCG
192136bbf97dccaf26a21205,gnps,CEAWTEFLCWIYNQ|GZTPCINTRJLOCU
1929ee919e4345dbd027af89,riken,NTPLXRHDUXRPNE|YCXUCEXEMJPDRZ|ZYGHJZDHTFUPRJ
192a96fb17a2b3579c4ffbaa,riken,KSZOEOONASRENA|WHTZSUJONCYCML
192baaa174c893a070a8e7b4,riken,DFOCUWZXJBAUSQ|GKRBWXABVALDGQ
194628e1e1e8cfb3c35ba95c,riken,SVHJCTSSYQPWEV|ZVTVWDXRNMHGNY
197269ac7d26bd4a7e5c7934,msdial+riken,IJFXRHURBJZNAO|YGSDEFSMJLZEOE
19761a3ca372854afa2c9958,pluskal_ms2,WLZZTYFINARLDO|YZULDDZPZWXGDW
19851b90730909de78336423,riken,KZMACGJDUUWFCH|WXHUQVMHWUQNTG
1988cef8b0decb0740dc9cb7,pluskal_ms2,CMUMNKHCUBSOSI|OXZZANIKBBNMME
198d7b399435891be9a2b0a3,pluskal_ms2,MNCPFWLONMHTBU|ODDAWIAPCQZZNB
199206592144481f719a4449,riken,AJPXZTKPPINUKN|ALPSEMFPAVSKJO|ATEFPOUAMCWAQS|BXTNNJIQILYHJB|FMGSKLZLMKYGDP|GHUUTEXYFBCKSM|GMVYLXBMPRDZDR|JKWDWVGZUYPALT|KVOJTUXGYQVLAJ|LMRLDJDATYPZAG|LNYMNCSNEKIYJD|NNDOCYLWULORAM|NVXMWPFVIMTPPT|NYRXUBDGDSRBGB|OAVAUZCEOWCYCC|OSELKOCHBMDKEJ|PHEDXBVPIONUQT|PZZRDJXEMZMZFD|QCQGNTXXPCJRFZ|RDRPORVAKXEYRR|UEYGJVBTDVJSNP|VEVZSMAEJFVWIL|VFPFQHQNJCMNBZ|XJOTXMLDNWCDRH|XUWSHXDEJOOIND|YTPBUIWNJRGZFW|ZRBFCAALKKNCJG
19a14b169b89c4687a0285d3,riken,ABRULANJVVJLFI|YCFQXQCEEPCZMO
19ae68511d50bfbcca730ca5,pluskal_ms2,NMQSSBYLGGVTDZ|OHGVHQMHGXAVGR
19b136800a9cec5ef61b5928,riken,FJQKXKNZQQBTDD|QTVAYNGFFDZGDR
19c1a9b4efa5b3568bcf556d,riken,GSKWIWOAUZQVES|JSLDLCGKZDUQSH|PYXFVCFISTUSOO|WPPPFZJNKLMYBW
19c688845daafab78a1fab58,riken,HCGYMFPNEDDKQY|KWVISVAMQJWJSZ
19c9da393f0188a23366e5cd,riken,ABEPLDYBWOKMCT|CDYBOKJASDEORM|DYHOLQACRGJEHX|FPVLVSUOCXHCMR|KBKUJJFDSHBPPA|KTAQQSUPNZAWEY|NULBHTHMVOCGOE|RKWHWFONKJEUEF|UBCKYWKJKPMKAA|WXBBQBYCUTXTJQ|XGMGGAPZYUWNMO|YUSWMAULDXZHPY
19d4b860ab425700f6629c4c,massbank+msdial,AGPKZVBTJJNPAG|NZNMSOFKMUBTKW
19daa85fcf84876c3f19a5a4,riken,BDIAUFOIMFAIPU|SGNBVLSWZMBQTH
19e301616ae5260cef436ea8,riken,CBHCHIRHODOGAA|OVFPMQHQVREOIF|WDTAJXMIXADUTH
19eff9273f66fa675141b3ad,pluskal_ms2,NAAMZGFVHDOIKP|PPJOASPPTJAFCG
19f15232d5429e2c218d4c09,riken,ARPGURKWJGBPTN|LCAZOMIGFDQMNC|SLRCCWJSBJZJBV|SPAFMWIHXVIIPF|UNLDMOJTKKEMOG|YIIRVUDGRKEWBV
19fa52905c904f5d2b0dbbbd,pluskal_ms2,MPWDGKUNHRRBIV|QHYAHEARBBLIMY
19fbeae4c239ee6ddea2d6d4,riken,BXTNNJIQILYHJB|LATOODWWVGAHQU
1a1145b2f3bafe09e7305f87,riken,BWHZPGDZTFVUJN|CUJYYVNWNPLKFR|NAUZBQMEOYSERD|XVAPNQFQPDAROQ|XVPVVWNZAJAPLF
1a191506e3fabe6b30749b14,riken,LCTONWCANYUPML|LLVIVPAPYJXADK
1a248b00515d3cdb0dbbdd9c,pluskal_ms2,PIUJUNVLYQQMDL|UYKSDDCKLQPYOZ
1a35ed920b57a42a735fe0dc,riken,GGHMUJBZYLPWFD|YTXIGTCAQNODGD
1a3f2791f35adc7e66e1d266,riken,GOQYKNQRPGWPLP|XEZVDURJDFGERA
1a4230342595cda338231288,riken,GBADBFAXAWZGHM|YYWGABLTRMRUIT
1a441526bc964388c8c7fe2a,pluskal_ms2,APXYIRKYNXGLTG|OLGWUYGDVHZZQD
1a48d3aa9b8d75f60c91d411,riken,ATDWCWKOJNGCHW|SYDKOLLYPJCLPT|UBCKYWKJKPMKAA|UFMAZRUMVFVHLY
1a58d317eb21977e15fd8136,pluskal_ms2,AUPVXELYDOKUDB|RSHLQDXUKBUQRK
1a63949ea8aa220b2984a8a9,riken,GCJWPRRNLSHTRY|JYEDISZKFNNREA
1a69332c6c8c18b25d5e1cf4,riken,IHEJMZHKJYHVFF|SQOJOAFXDQDRGF|WTBZNVRBNJWSPF
1a7fbd81f789b5c3a610441b,pluskal_ms2,UMAUBHJCQBHBNO|URBVIUXMNISQPC
1a94409d57d380aef41fcdb9,pluskal_ms2,BVHCIBPROINFPQ|CRAONLIHLOSKGE
1aa49b9b79f45faeff9a6f36,riken,CNPWIVIIZHULCN|HWYBGIDROCYPOE|HYDDDNUKNMMWBD|LLXVPTXOKTYXHU|OXLDBLCHXXJJPD|PRAUVHZJPXOEIF|UEDUENGHJMELGK
1aa4f2c099de2cdb78bf41a0,riken,AIULWNKTYPZYAN|QUCQEUCGKKTEBI
1ab81243973f7e01b7c62d01,pluskal_ms2,WDEKOHTUSQRRSZ|WJNIPNJMNBVBKI
1ac0f2696bde9f384a5977d8,pluskal_ms2,ITRDWSJZKFTSEW|QMIOWKHMJRSGKV
1ac11a1837e1c61f5ebbde93,riken,GVJHHUAWPYXKBD|JJVSDUQOSRRODQ
1acc0ae9ab7f0d34efe22490,riken,CEBXXEKPIIDJHL|XZVXEPPPQBLGMQ
1ace1800f42361b52dfbd544,riken,GPFNSVXDXCMNOL|NLOAQXKIIGTTRE|NYSZJNUIVUBQMM|RINHYCZCUGCZAJ|SOVOCMGDFRGRKF
1ada8f030f36bf13e3e3b346,riken,DMIWIJAIZZONNT|JIOJABCFQQMNFC|YELPHMDBAUJJNL
1adeb9d62e95b662e8000d36,riken,APJYDQYYACXCRM|BXRNXXXXHLBUKK|CRSFLLTWRCYNNX|JKQXZKUSFCKOGQ|JOZKFWLRHCDGJA|KLAGYIBJNXLDTL|MLVVTNIFHMERMU|OTAFHZMPRISVEM|XBFUIGXPVNIXDF|YPMOTUXWPXDQDJ
1adfbadc8e1b7d8891d33987,msdial+riken,PFTAWBLQPZVEMU|RYYVLZVUVIJVGH
1afa3ba00e33d2fd2878f504,massbank+riken,JQBOIGWHYPDAGZ|SAADBVWGJQAEFS
1b06e024de073cd68c06beb6,riken,DATAGRPVKZEWHA|DFOCUWZXJBAUSQ|WVTKBKWTSCPRNU|WXHUQVMHWUQNTG
1b097e98add6b0b16dfdf58b,pluskal_ms2,ATGNLOUPTQGNME|NFRXHMPNKCYKNN
1b09eda8e7f41fc8374c3366,pluskal_ms2,KNQLSUOMNGGBHQ|VWXRPZNKDNXRQB
1b0cbc955f50ce49dae650be,riken,APOGLVUGPAVNAP|DBCAVZSSFGIHQZ|FJISLLRXVSQIES|GGGUGZHBAOMSFJ|HPJKCIUCZWXJDR|KLMZPLYXGZZBCX|LLMCZIBSELEBMK|MIKUYHXYGGJMLM|NMLUOJBSAYAYEM|OJXQLGQIDIPMTE|QIMGUQIHCNDUKU|QJKMIJNRNRLQSS|YYWGABLTRMRUIT
1b1a8b40047c877963c21592,riken,IHEJMZHKJYHVFF|SLAWMGMTBGDBFT|SQOJOAFXDQDRGF|SWOVVKGLGOOUKI|UWKQSNNFCGGAFS|XVOHELPNOXGRBQ
1b2d088a4c46b7ca790a27ae,pluskal_ms2,KNQLSUOMNGGBHQ|VWXRPZNKDNXRQB
1b2e691baaf0ef2d4813e8ef,pluskal_ms2,GUGOEESGYHJVJH|LJUFQFXDVDKVNZ
1b32129a2380d838f724a573,riken,JEKMKNDURXDJAD|LPEPZZAVFJPLNZ|PRZVXHGUJJPSME
1b459597d0c98b5178e3d932,pluskal_ms2,CYXUDQVIASTMEA|SYDYMJUELSZIBJ
1b4e6351a697abb215deaa45,riken,CDDWAYFUFNQLRZ|DRRWBCNQOKKKOL
1b539aca5d58bbba3d240679,pluskal_ms2,ODVNZGWKVMHJKU|QHGGIVGWNVNMDX
1b6adb8cf396ec80a7db62c8,riken,APOGLVUGPAVNAP|DLBLMTCYISHWGP|IOUVKUPGCMBWBT|KFEFLPDKISUVNR|LLMCZIBSELEBMK|MROYUZKXUGPCPD|OJXQLGQIDIPMTE|RSAIVLRELNGZEY|YGCYRQKJYWQXHG
1b7dab801553e16d94e9be43,riken,JKQXZKUSFCKOGQ|KZMACGJDUUWFCH|LSHVYAFMTMFKBA|MIJYXULNPSFWEK|NODILNFGTFIURN|QCQGNTXXPCJRFZ|QMQIQBOGXYYATH|VEVZSMAEJFVWIL|YURJSTAIMNSZAE
1b9e593949cfeb660c7b6a44,riken,KUYOHDBLZSPZHG|MINBUKAFVRAUDG|OBVFJCCARDWRFB|WIDIORLKUZCAMX
1ba2cf78bac9dbad28705c00,pluskal_ms2,BCOCNVVIORAKJD|HDBZZOVINYSWFM
1ba7249e33a0fc58abf5b650,riken,KLHSKTMVSOWVLD|ZRJBHWIHUMBLCN
1bac2e64858a634b70b04168,pluskal_ms2,CTDUTUBPYHGECY|OPWRQUSOICEUQL
1bba884e18d4345c4e5db52b,riken,ALBXKWVKHLBNIA|NGSCXLPAQKLFEH|URFCJEUYXNAHFI
1bd4f0ca21d0c1f7bbf99f13,riken,BJRNKVDFDLYUGJ|NJELUFJHFGVCBN
1bdaf10ebba1ce6078bcabbd,riken,DLBLMTCYISHWGP|FCEXWTOTHXCQCQ|GDXJMOGWONJRHL|GGQVPULXXVQLRT|HJRVLGWTJSLQIG|HSTZMXCBWJGKHG|IAEZLXLDZBZQPU|KYWSCMDFVARMPN|LLPWNQMSUYAGQI|MALFODICFSIXPO|NMLUOJBSAYAYEM|PULWRMOKQNWQBD|PXJBXRNJLOOPSH|QGVLYPPODPLXMB|RKFAZBXYICVSKP|SMZYCXAYGPGYRS|UCDVIBNDYLUWFP|VKJLHZZPVLQJKG|VOZDDCMEFRAJHD|XGVJWXAYKUHDOO|YBHILYKTIRIUTE|ZSBXGIUJOOQZMP
1bf7152a1697a357337d3eda,riken,FIQGQTITXPTKIY|INVGWHRKADIJHF|TXDUTHBFYKGSAH
1bff25f7afce52a9ca5ab8c2,riken,KLPNFWKZLQAVTH|RMIQIULKBBCLIL
1c12899e08262a6f3d72ee18,riken,KTEXNACQROZXEV|VPJCTVQKHIFWKJ|ZUGCRBMNFSAUOC
1c18114002727fa7ef0bfbd9,msdial+riken,UAHWPYUMFXYFJY|VQEONGKQWIFHMN|YRZXKRQRZJMBFT
1c21e3c3814a78194787adc5,riken,AOWRAYJMTOYETH|CMKFQVZJOWHHDV|CVAVMIODJQHEEH|FHIJMQWMMZEFBL
1c26ec1e84a04735bda31ebe,riken,BMLIIPOXVWESJG|FXOWIGCIDJMTMG
1c2787c77bfa1ec1f9943274,massbank,CYESCLHCWJKRKM|IDQHRQQSSQDLTR
1c28a0b27d1ffcc05ff593f7,msdial+riken,DUEPRVBVGDRKAG|WWROGCAUSKGAMX
1c322a3f83003b4b3f4fe588,riken,BDIAUFOIMFAIPU|XZVXEPPPQBLGMQ
1c36b8aa4a5a21da4f1c26a8,riken,CPJKKWDCUOOTEW|CUFAXDWQDQQKFF|GMNAPBAUIVITMI|IDGXIXSKISLYAC|ITDOFWOJEDZPCF|IVLRQLIWEVLAQF|LBJCQKYBKIAWHJ|LNQCUTNLHUQZLR|LWYAMIUSVGPFKS|MDCUMTGKKLOMCW|MEHHCBRCXIDGKZ|NBVTYGIYKCPHQN|NYFIMGDPCRCSAF|OLARKEMZPWGFJU|OTUCXMIQUNROBJ|PEUUVVGQIVMSAW|PQCLZBCFLJVBGA|QBVHCHNPFRRZHI|QDDILOVMGWUNGD|RHJULGLSOARXMO|RJANATGWWPNKAL|SHPPXMGVUDNKLV|XIKYOEXOYRWIOU
1c4a7fb2bc3cae8f072849f4,riken,CITHEXJVPOWHKC|FCEVNJIUIMLVML
1c5e5de7ce0ed15b11dcf239,riken,CYFXRGFESOFDNS|JPUKWEQWGBDDQB|LCTONWCANYUPML|YGSDEFSMJLZEOE
1c601ef682d9b2f1c8232e4e,riken,ILRCGYURZSFMEG|MDFCJNFOINXVSU
1c7970a96f58b706a3af8438,riken,FVHFOJVXQABRQG|WYBOVISLCPAJFV
1c7c7817b7eccde0d29dd380,riken,CUKSFECWKQBVED|PJQLSMYMOKWUJG|XFYYZBJXMSDKCV
1c971543596d55c3bd19564c,pluskal_ms2,OQNLOMPHYCOESK|YAFCYESBJWJEMX
1c999db0c26dba69b4d7b0ef,riken,IYPYOSNUSXBFTR|JTLPUINSVFNPLS|SHIBSTMRCDJXLN|YQNLTBIQEYMXGA
1ca6298958718f936eb08f75,riken,LKZDFKLGDGSGEO|VJJPUSNTGOMMGY|XIKYOEXOYRWIOU
1ca6c65228f7a6e6eab084fb,pluskal_ms2,DLMICSWBTHJZTQ|QQCFKULMRLDOEG
1ca91ac5080d1c752d0805c3,pluskal_ms2,IKSHXEFFYBSFGO|SQFVGVQJQQHFIE
1cbf5d20f56202e995c3540f,riken,KJHRDNNKNHKYDW|WZOBJNOPFAHZTE|XZTUSOXSLKTKJQ
1cc372d2fadf963715f88199,riken,PXQNZQURQNZGKZ|SQKPHECGTGXVQW
1cc586d03c0f86801b9e753f,pluskal_ms2,IAGCHMSJCASFSZ|PMMBSTFHDDYYOE
1ccad303904c60b20254d09e,riken,CWBZAESOUBENAP|SPAFMWIHXVIIPF|XVMZDZFTCKLZTF
1ccb26b91f4396243404944f,riken,FELGMEQIXOGIFQ|YBBLVLTVTVSKRW
1ccb2bc161ac12832607451c,msdial+riken,MIJYXULNPSFWEK|YKNWIILGEFFOPE|ZTDRTMVBTLHQII
1cd40e272cfbd397fbebe691,pluskal_ms2,LWZDCFBWESPALX|PGBRWDIOAWHWOX
1cec7007baf7f09d25d91d3c,pluskal_ms2,NJBYUTOWPHROOF|WLCDWHOAVKKKDI
1d165ba4374f0f69ed08bfba,riken,ATJVZXXHKSYELS|CITHEXJVPOWHKC|FCEVNJIUIMLVML|ONJRISGOJDDBNB|PMVCHAWVCIWVLP|QVCMHGGNRFRMAD|SLAWMGMTBGDBFT|ZVTVWDXRNMHGNY
1d21d0bc21bc81cb37524495,pluskal_ms2,GRFDMYHZHROYFM|TVMDHLGHUIGCEL
1d2358ebe6546357d1ad73df,riken,RFRQHBOLMUEMMH|ZOLBWQPEZBEHMV
1d2b2369eaff230b626aeb7f,riken,AALLCALQGXXWNA|IYVFNTXFRYQLRP|KHWKLNXMSVVKCH|LKZDFKLGDGSGEO|YEFOAORQXAOVJQ
1d3996239995a0600f5dbbf1,riken,HAYLVXFWJCKKDW|PEWFWDOPJISUOK|RPYHJEFMMXMMHG
1d45ad3273967bf37fad69d5,riken,MHGKDTTXFHUGAY|NSEWTSAADLNHNH
1d498e74185bf59e6b5dfd32,riken,CQLRUIIRRZYHHS|HJEXOQUMFMERIM|NTNSKOKPJWYQGX|UBCKYWKJKPMKAA
1d5a83ec1fa81e75385e1335,riken,JDBGXEHEIRGOBU|ONQKSKDLYYDFLL
1d65b23691c852eb2064ae52,riken,RMCRQBAILCLJGU|UAHWPYUMFXYFJY
1d6b98836b67ef72764b3e04,riken,CITHEXJVPOWHKC|PMVCHAWVCIWVLP
1d714e63c3ce9a05a9c89f48,riken,AALLCALQGXXWNA|AVXFIVJSCUOFNT|AYHCPTDPDUADTK|BHPGRVQWTLDDQX|BZKDCAIDWFPAGZ|CCRXMHCQWYVXTE|DAXYUDFNWXHGBE|DCBSHORRWZKAKO|GVRNTWSGBWPJGS|JYEDISZKFNNREA|KRQDMAXNTWLTDZ|KYELXPJVGNZIGC|LZERJKGWTQYMBB|NGFMICBWJRZIBI|RBXVTEUAOTYIME|VJEMOEYSQDKAQF|XMJAJFVLHDIEHF|XYYAFLHHHZVPRN|ZVTVWDXRNMHGNY
1d80023630d5f9c65535fb5b,pluskal_ms2,OXGUCUVFOIWWQJ|UJTDYOXTXGBHEG
1d92731468894758b47c1255,pluskal_ms2,FRSWCCBXIHFKKY|JZRMBDHPALEPDM
1d980b23ab7bad3bfd6a1cbd,riken,CULUKMPMGVXCEI|DFQOXFIPAAMFAU|QZFPLCRYJQKPRY
1da3a32071d33e3a264bee4a,riken,DKEHZEITXOCNEH|WHTCHQKZPTUFPV
1da8e313867e16505b8f2fcc,riken,AHLBWJHZDLMJOJ|JBGYSAVRIDZNKA|MDFCJNFOINXVSU|PYBFXJMIKJNNAJ|SQMGCPHFHQGPIF|VJJPUSNTGOMMGY|XFSBVAOIAHNAPC|YCDZBVXSGVWFFX|YZMKFMIZNSOPSN
1db7ae2d687b7d73b7b6af3e,riken,LHZZULHOQSQSJN|SFEUTIOWNUGQMZ|WBYJYPOPDKQBQJ|XYYAFLHHHZVPRN
1dc8f69e3eef12f2422c1f79,pluskal_ms2,PHNVWMHNNLEDFP|QNMJKUBLULVVIA
1dcc424b373c016c738ac47e,msdial+riken,GFFOBQNFESRPJR|UAPZTGRENZINFN
1dceb6f4c46c198dea4b8abb,pluskal_ms2,UZEXJPKANLDXBC|ZGKPVKPCZOURSR
1dd1592c0e62750cecce3b5d,pluskal_ms2,ATGNLOUPTQGNME|NFRXHMPNKCYKNN
1dde363a8494597d3b514cf0,pluskal_ms2,ODVNZGWKVMHJKU|QHGGIVGWNVNMDX
1df112b58cb695bb6e2f2cc2,msdial+riken,PVXPPJIGRGXGCY|QOVKKEKBURQILF|YKGCBLWILMDSAV
1df89f613bf9b520f7d71129,gnps+massbank,DUHUCHOQIDJXAT|GRPURDFRFHUDSP
1e09763d0d5db5296151b185,massbank,CKRXVVGETMYFIO|YPJUNDFVDDCYIH
1e13405042b5ecee16d95a8e,pluskal_ms2,WDEKOHTUSQRRSZ|WJNIPNJMNBVBKI
1e16b19f5c19dac866ed04e9,pluskal_ms2,MBELGAQBYWCSAX|QULYBEMQHFMVJL
1e1e9c147755121ad78974c5,riken,MGSRCZKZVOBKFT|VGEREEWJJVICBM
1e2228cd063e1c8a1caeb305,riken,WPYJMNHBYFFULY|XUWSHXDEJOOIND
1e3052900e1917fdbc404831,riken,FKUPPRZPSYCDRS|WGAGIALDHUDRIR
1e383c5c2ff83f94420a96cc,riken,OVBPIULPVIDEAO|ZPWPIKNEPPRDSS
1e4cdf4b18d0632da4846794,riken,LZERJKGWTQYMBB|QEEBRPGZBVVINN|XRYVAQQLDYTHCL
1e563ba7ae0dae9c00226f15,riken,KVRQGMOSZKPBNS|NIEHAABHXAUTQI
1e73853497b4aed7aa6d57f7,riken,OQANKTWSGPYURN|VFUPDGRCPOEQAB
1e82c41877f5915247ae5dce,pluskal_ms2,BMCAADNYJSYKBY|FQECYODDXMQVMR
1e82e322a9f25979df2d5aab,riken,AZIGQTILUNTIQH|BGTCFSJRFQXBHW|LVCXAKWFQYYXLU|VYIKEBWUZLHWQK|ZMXKPCHQLHYTHY
1e8303056ff127542d84513d,riken,CZMVEBBPDBROJA|FXOWIGCIDJMTMG|QOODJIGZPUJBAH|VTWDKFNVVLAELH|XLRHKPTXMXNAGC|ZZFSKJIAKIBPSR
1e83318cab913ce0c8ebabc4,riken,LTMHDMANZUZIPE|SNZNSNULJBXKRP
1e83eaaa78b374de551df6d6,riken,DTCGCFSHOOECEU|SHIBSTMRCDJXLN
1e84c22dbbc62d46ba7aa0de,riken,AJJMKDCAQHLJQF|CIAXXTSXVCLEJK|CTGCWSGMWONEJE|DAXZWJMEKUNRCD|DGFVATVOFRGGFO|DYHOLQACRGJEHX|FXNFHKRTJBSTCS|GBLZBLJGCQTQMB|GLYSZGOHXHBWEX|GYIKGLVKALOGDP|IKGXIBQEEMLURG|KBMSVODXFLAQNJ|KSIVGTKSVYIZEB|KVRQGMOSZKPBNS|KZMACGJDUUWFCH|MDAHEEBYLFVHSJ|NAIXCRGIEGDRIQ|OHDJGUWKOIBIKY|PUPKKEQDLNREIM|PWMWFOWSRFRPQK|QLKSLGRVBGVPPG|RPZNDXQAMBDGRZ|RXAXTTGJEMODPY|USSZROTZVDHBKM|WMBWREPUVVBILR|WQLVFSAGQJTQCK|WURLGASLEZVNHV|WVRDOLPMKOCJRJ|WZAXZHIVHPRTIU|YDQWDHRMZQUTBA|ZEASWHWETFMWCV|ZOHJKBZGFBXFIK
1e8ab4884e2488a639a983e3,riken,CQJGDYZEMIGJCJ|LOEYOYHSBVAUQU
1e98205a8fbb4be3357d9f29,riken,PSOUXXNNRFNUAY|SRSXLGNVWSONIS
1e994633d77b6d86ef6aff79,riken,UEYGJVBTDVJSNP|WXDLBYTWLXNNTA
1eac94eead2eb5a552a3afd8,pluskal_ms2,PIUJUNVLYQQMDL|UYKSDDCKLQPYOZ
1eacb6c62d9623b7f4fadeeb,pluskal_ms2,KFAGUWAWGZOSNX|MARFXICSYVXYRU
1ead9b0077deaf7de12645a7,pluskal_ms2,YEVOZZZLKJKCCD|ZVMMVSSEAMUNGI
1eb582375204fb8e577220a5,massbank+riken,XWIYFDMXXLINPU|YOXGNJRAWXKDHZ
1ec4de2b1528ea4994f1c72b,riken,LIGCDEQHBAVBCO|ZQSIJRDFPHDXIC
1ecea8c68765f0b05f65e236,msdial+riken,LVLNPXCISNPHLE|YGGXZTQSGNFKPJ
1ed37adf4c2885337f4f7372,msdial+riken,BDIHZBORJCSTHA|NOGWCMMYTAXOCY
1ed501823662362b4fa0b5ac,riken,MIJYXULNPSFWEK|PFNFFQXMRSDOHW
1ed7c24a5100f10f67a1abba,pluskal_ms2,GZNVOMWIPLIKDM|IAGMYQWCKILWNO
1ed84a13452a762913c5c25a,riken,RFDAIACWWDREDC|UTGUKTQOTCXQJK
1ee0bf3bcdcae4e724b9aa04,riken,NIQFOSSBJJDEES|PAXNVPZJVMRVBU|ZZXJOMSIUOUAHV
1ee2cb4ae8d000bf4aa3e524,riken,MVCCWTMPDBIKCJ|VDGOFNMYZYBUDT
1ee5019acd72c5cdff93ca91,pluskal_ms2,IYYKIRSUZICUEO|KXLWPFYBKZYMDQ
1ee88c08397983a51c615ceb,riken,HAVWRBANWNTOJX|JNNGEAWILNVFFD
1ef6ae7018d03d0dde6cb3cd,riken,GSKWIWOAUZQVES|NJUXRKMKOFXMRX|QEANLIISUSNNDX|XKHCEDYSKNATME|XWMMEBCFHUKHEX
1f06629cd006c6ea7c8a6c30,riken,QFJIQUOMKJNYLI|UNORIIWPFZFSEC
1f066b71c1aee7224767d0fe,msdial+riken,KDXVVZMYSLWJMA|TZBJGXHYKVUXJN
1f171b08ac458182fceaf5df,riken,RXAXTTGJEMODPY|XFZJEEAOWLFHDH
1f196f66c96a6c643f92ba0a,riken,CWHJIJJSDGEHNS|MDFCJNFOINXVSU|SYLIRTRYLBYOBO
1f3443cacad027af76b7fc4f,riken,FWYSBEAFFPBAQU|SMLTWMLPLYCADB|XVAPNQFQPDAROQ
1f4545372073ec829116dea6,pluskal_ms2,IGRDGFVMWJUAHL|KUJKKCYLGZHIAH
1f506df60404a97619d9a456,riken,FHKHGNFKBPFJCB|MDAHEEBYLFVHSJ
1f50e07a52efe449afbe1a19,pluskal_ms2,NWTSTPZQKALREV|PIEMUUAGYIKIIL
1f5113c77a507c2065fb6f41,riken,OHVJCFZJKPEJRL|WJLHDYQXCJXZGV
1f546a01762facba095788de,riken,BTPYUWOBZFGKAI|BZKDCAIDWFPAGZ|GLYPKDKODVRYGP|LLXVPTXOKTYXHU|QSTBHNPMHXYCII|RCTKRNCKOYYRIO|UEDUENGHJMELGK|UJZQBMQZMKFSRV|VJEMOEYSQDKAQF|XBRXLXOCHNGHBC|XUHJBXVYNBQQBD
1f55172e37dd2e2b4517f58e,pluskal_ms2,ADXGNEYLLLSOAR|LQHDJQIMETZMPH
1f5c045f3eee70c13fc2945f,pluskal_ms2,DMCKFAOCACFYQG|XPOJRNNBAARAGP
1f66bc14763636a1d93efca7,pluskal_ms2,PUYJJOSVJHUEAP|YAZVBHHBVAAZBE
1f688c6c6e809af9a3eeb097,msdial+riken,DUEPRVBVGDRKAG|WWROGCAUSKGAMX
1fa17d32cab82015cfe57ac2,riken,DFDVWAJDFYYBAC|DKEZDPGUJMMUCC|HXWLKAXCQLXHML|KLQXMRBGMLHBBQ|MPXAWSABMVLIBU|VJZKQVOURLBNBU|YCDZBVXSGVWFFX
1fb36ed50096f10acdd5bbd5,pluskal_ms2,ZVHOWOOSYYGYTN|ZYSNXDPBGBUEHH
1fb521093c27689fa7c2f481,riken,ITDOFWOJEDZPCF|QDDILOVMGWUNGD
1feca053cb95e408bdb9d921,riken,DSGCKNJWFRMMHJ|GBJKHDVRXAVITG|HCKUIVZXCXTBEH|KZLDMAIXPXOZCX|VRDCOPNSCZLBLD
1ff35c532394118a198b17be,riken,AFEDQRGFPHITIL|VMUXSMXIQBNMGZ|YQHAWUJDYLUTMU
1ffca267981289c3b9884fd8,riken,AEPCMDRTWXAGAK|IHUNBGSDBOWDMA|QDBWYYHWAVXSRF|UJZQPNXJSBWWNU|WGZOFZHJJGGXQB|WKWFEHCINVBVSW
2000ad3a850ab3983a467042,riken,SMZYCXAYGPGYRS|UEDUENGHJMELGK
20052bec4428612b262cba28,riken,JIOJABCFQQMNFC|YELPHMDBAUJJNL
2005316b332a443516677593,riken,NSEWTSAADLNHNH|WXBBQBYCUTXTJQ
200a47cecf675b7a062a40d5,pluskal_ms2,GXOIDTTXZUMBPM|HTFUIYOLZFXOMK
2022e050ed5ab80ee9ae36bd,pluskal_ms2,DUJBGNHGEBLHHI|MVYSIIDOGIFTRC
20321d2dec72c121def22798,riken,GCLAFEGUXXHIFT|KGGUASRIGLRPAX|RSZDAYHEZSRVHS|SOSLMHZOJATCCP|URMVEUAWRUQHON|YPMOTUXWPXDQDJ
203524284d50648b7fa2f6a8,msdial+riken,CLGGLFVMXGSKKJ|ZUGCRBMNFSAUOC
203af3bc125a0b63d4bb317c,pluskal_ms2,QABQLDMYSFXIAI|WCTOCHMQEXSMHW
20531298b7ac5d9bb5bf0678,pluskal_ms2,UWYLPROZOZNUOG|ZGGAPNDQHPUKNO
2065ed6ba86ca0eb6fe4fe32,riken,KVKRFLVYJLIZFD|WMSZDXQCLFUBAQ|YMGFTDKNIWPMGF|YWJXCIXBAKGUKZ
2066b5a156e737bd6412d614,riken,FJISLLRXVSQIES|GGGUGZHBAOMSFJ|HYXITZLLTYIPOF|ROTMXRXTGVWUHF|WYDPEADEZMZKNM|XGVJWXAYKUHDOO
206b6faf4266a46d9c397df5,riken,IPMYMEWFZKHGAX|LDIBSYFCDDKIQX
20735b0b29d28a6edc6fcb5c,riken,LSGKMZLPZFPAIN|ZKWQQXZUCOBISE
207748e1c3beca34bbea6dd3,riken,AZKVWQKMDGGDSV|PLKFSXFJGNZAER
2086051e5bb89c7330f55b9b,pluskal_ms2,UMAUBHJCQBHBNO|URBVIUXMNISQPC
208d31fb900cd8eb745cb80b,riken,AIULWNKTYPZYAN|OXVUXGFZHDKYLS|XPMQJVHMFLZDSA
208e1f96e55eaf28f882c3dc,pluskal_ms2,DLMICSWBTHJZTQ|QQCFKULMRLDOEG
20b03ec75e84189c48175b30,riken,KJNCJEFOGQPOHS|KVRQGMOSZKPBNS|YPWHZCPMOQGCDQ
20c54baca7192f31c0f1ea92,riken,GAZDXIGXYWVWQX|IWMZZZKMYAZSLW|WYDPEADEZMZKNM
20cff716570d6f1722c9e9c1,riken,CQGUDVRRZKLXFR|YSERMVLNNCPEPQ
20d7fbe2d3be2e2e51c72f7d,pluskal_ms2,JBOVBXYGAKERSW|LAHJEFIOWWSNMI
20dfda23bc5b957199474006,msdial+riken,FERIUCNNQQJTOY|KQNPFQTWMSNSAP
20dfe991f006ecc62d733acd,riken,GUQQBLRVXOUDTN|YVIVANDTNNUXRH
20e5ee0aa5d24b904a9750b4,riken,ALWVJGZIYSIJGR|DAXYUDFNWXHGBE|GLQYFMRUYWFXGT|GOOFZOQDLIMARN|QMNWISYXSJWHRY|SVHJCTSSYQPWEV|VTRDANCBYRZCRZ
20e786ee954e69720acc6fea,pluskal_ms2,QLESPZIBLXJTBI|SMALDVZQFBVHQY
20efd5e81b45ddc4f55fd202,msdial+riken,INBMTJJPUABOQJ|JCJPVNDLAAXNEX
20fe452a4bfd143d91f6256e,riken,HHQJBWYXBWOFJY|RLVCFPDMEANTCJ|YOSRLTNUOCHBEA
20ffdb7432f9526e08737ede,riken,BQPRWZCEKZLBHL|YKWVIQPJNXTICW
21082cfe027ec7bda6469a51,riken,CEBXXEKPIIDJHL|FEWJPZIEWOKRBE|PACBGANPVNHGNP|QNFBKOHHLAWWTC|QXKHYNVANLEOEG|RXGUTQNKCXHALN|SOSLMHZOJATCCP|YFIMUDXPJZVJJO
21217a22e7e61c5d15ae227b,massbank+riken,LJOZMWRYMKECFF|OIRFJRBSRORBCM|UXIGWFXRQKWHHA|VSMDINRNYYEDRN|XUIIKFGFIJCVMT|ZMZGFLUUZLELNE
2125912fe1bf8aab8d5a3aa5,riken,FDASUPFDHLZNSK|IBFYXTRXDNAPMM|JGFCDHIJCNLFPY|MMTWXUQMLQGAPC|OAUREGNZECGNQS|PAXNVPZJVMRVBU|SORUXVRKWOHYEO|UIDGLYUNOUKLBM|WYKUTTFFZMQCGO|XEMVQWDHRXAQNR|YLTPWCZXKJSORQ|YPWHZCPMOQGCDQ|ZCBNZTSUROPRKE
212754abf3c68c9695fbfa97,riken,FKUPPRZPSYCDRS|PXZBXUACWJKEFM
213865c7012170d005668958,riken,DLNWZIVYKQXLTN|MNRHZPCIEGLWGK
213e05a9d414d25c09fe3cce,riken,DBUNRZUFILGKHP|DGDWCRWJRNMRKX|FPVLVSUOCXHCMR|HZNCCVUDDGMZDN|LLVOJEYSNCNXJN|LRRDDWMXYOSKIC|NTDLXWMIWOECHG|RLWWKLWEBQOOAB|UBCKYWKJKPMKAA|VSNATUGVSVGFFN|YCFQXQCEEPCZMO|YCXRBCHEOFVYEN
214b661c8296629e198ce08f,riken,CYBWUNOAQPMRBA|HCKUIVZXCXTBEH
214cd85381ae869421ff50ae,riken,GQNZXZQBLQFJRA|IAONIGCHXNWXRN
2156323fcb7c5549db00a57b,riken,DKEHZEITXOCNEH|WHTCHQKZPTUFPV
215b8c9398e19ee9d6b31a84,riken,HKAAPKXOAPZXLY|MZNIJRAPCCELQX|PUQSUZTXKPLAPR|SBQCRXRVLAINNJ
21700e23392038006928eb8f,riken,FPIVCKLVSVCJHW|LTMHDMANZUZIPE
217e792dec99e382a4b2324e,riken,NYOGAOMLDBVPKF|RYVQUCPUCSYNBC
2184583fdd5599c3dc48aa67,pluskal_ms2,HHWABXGAQNCVFW|OZVZMPDVUMTGKV
218f289e06785d8bc52cb4f3,riken,HMJSBVCDPKODEX|MIJYXULNPSFWEK|ZXAGLUIVEUDJAR
218f58a1901649345aeccdc8,riken,ALZAZMCIBRHMFF|RKFAZBXYICVSKP
21921781e57e8035a6ea4961,pluskal_ms2,JWQLVCBZBLRGHT|YFKNMTKRALCAPE
219304c758cc626176493d20,riken,QCQGNTXXPCJRFZ|WMGBQZAELMGYNO
2196b9cf3aed8dd1b3ee6575,massbank+riken,DLRVVLDZNNYCBX|NTLXEWYXJAAKIX
219ddd57bf0c58e81c3d5258,pluskal_ms2,KLVFERIITBXTIL|WVVUGOCPOVLEAI
21ad3ed8f4daefa0c5d3a4d8,riken,HKODIGSRFALUTA|LWCKQMHMTSRRAA
21b464da08ebde7c50c13404,msdial+riken,DAXMBTMYJCYTRG|GMKMEZVLHJARHF|IWEIJEPIYMAGTH
21bf506179983de06d80bb4b,riken,ASPCIAWQVXVATP|XRGWZIGGCNSFRY
21cf4438cc6714887e4012d6,pluskal_ms2,RUYJGQYYWHXUAC|VVXFICIRCAZKBJ
21d23448368a1a7ce19fe735,pluskal_ms2,BOEMFEOUVXWWNZ|WWTABXAXNXQPOH
21d23ed1d6763b3136086cf2,riken,MMDUKUSNQNWVET|VCWUZNQATFVWGL
21e4bd357816f9f3d2aae6dc,pluskal_ms2,KGVFDGQLEUSHLJ|YLHQKKNDZBJXHR
21ecf1ee7be34080833ab405,riken,NNRLQJLRICHBII|OCAVICKDMVNGDY|WDTAJXMIXADUTH|ZZXJOMSIUOUAHV
21f359e699526d1429b2213b,pluskal_ms2,QVBVKZWOWLNBHL|VMQUIQPLKGWHIS
21f36423121494610d3d24ba,riken,CTJZWFCPUDPLME|FFWOKTFYGVYKIR
21f99f15c941a7ff59d188a5,riken,CCRXMHCQWYVXTE|CIUHLXZTZWTVFL|GCJWPRRNLSHTRY|GMTSSMHLANUOGS|JPEPPDJNTDNMQL|JYEDISZKFNNREA|KYFBXCHUXFKMGQ|QWNQZWRFKIHTPL|YKOPWPOFWMYZJZ|YOSRLTNUOCHBEA|ZOCKGJZEUVPPPI|ZPFRAPVRYLGYEC
21faef92b3da1a056a6bffe0,riken,FBSKJMQYURKNSU|XIGBHUXQOPWGDK
220cd8c00a382375f981b2a8,riken,CVAVMIODJQHEEH|CYJWWQALTIKOAG|LARPFJIXBULVPK|RIPYIJVYDYCPKW|YGVHOSGNOYKRIH
2217c35521fa3660cfcaa8ed,pluskal_ms2,AWCDYQKWSBGEIU|FVEPDFGUWHLKEB
221b99e926c157f88a325731,riken,DTTPWCNKTMQMTE|FVHFOJVXQABRQG|GGQVPULXXVQLRT|GMTJIWUFFXGFHH|MXTLAHSTUOXGQF|OJYLAHXKWMRDGS|PGOYMURMZNDHNS|PXJBXRNJLOOPSH|QNOIBYYGOLISPS|RKFAZBXYICVSKP|WRYJYFCCMSVEPQ
221dcc7c85d9ccb071bdb4a4,pluskal_ms2,KFAGUWAWGZOSNX|MARFXICSYVXYRU
222d2515a881df63070b4a4f,pluskal_ms2,BXGXTXCNFOCKMX|LXFSCSJMDZZGDN
222f70fb861337d19c2ef613,riken,BVMLCXLUJCAZQK|JASYOPOIUHUBJK
22305e72d035d121935f604c,riken,KKMPSGJPCCJYRV|YKOPWPOFWMYZJZ
2238b912a7713b08175871ef,riken,NDUAXKHGCJIYEQ|OXVUXGFZHDKYLS
223c802c10bf33f8d2ee8a74,pluskal_ms2,AIHRWHPASCEREG|NNHPAXDGGSLXOK
223f0dbde3d859c7ae9af050,msdial+riken,CIAXXTSXVCLEJK|OXGUCUVFOIWWQJ
223f464a9e42898f17a705a6,riken,CEUOJNPNKKLCDB|WLTCHRVAPMUZPR|WRPAFPPCKSYACJ
22411d37f868ecb094beb5a6,riken,CXSXBHMYYCPTHP|KVKRFLVYJLIZFD|RSIWXFIBHXYNFM|RYHDIBJJJRNDSX|WFRQIKSNAYYUJZ|WMSZDXQCLFUBAQ|XUARCIYIVXVTAE|YMGFTDKNIWPMGF
224262de9aca4af573b86395,gnps,FYBFAXXUDIPASL|QWZRCLPZAIFNEP
224af1da64f4b33e7717f069,riken,FNMHEHXNBNCPCI|LKYNAQSYQLFTCM
224ed7e190accd0639877731,riken,HGJXAVROWQLCTP|JAYVHSBYKLLDJC|OKPSCKUJXYCMPR|WFRQIKSNAYYUJZ|XUARCIYIVXVTAE|XYNPYHXGMWJBLV|YWPVROCHNBYFTP
22538b4e5cf9f8af6ea72f45,riken,ITVGXXMINPYUHD|NCAZLDCEJHFJDT|QEVHRUUCFGRFIF|VAMJZLUOKJRHOW
2268af85d1ada29b527ffc68,riken,OHJWWOZXCKEOGK|WVTKBKWTSCPRNU
226cd5033203dd72dd6104ac,riken,WJQLYTQYMSTZJJ|YXHDXNPMHKHRAN
226ff57a273ffec6aa4bc53f,riken,SHGLJXBLXNNCTE|XBFUIGXPVNIXDF
2293262ff80baf2aaaf845dd,riken,BCJMNZRQJAVDLD|GSKWIWOAUZQVES|JLYBBRAAICDTIS|KRQDMAXNTWLTDZ|QEANLIISUSNNDX|RHNFCIPJKSUUES|XKHCEDYSKNATME|YBCOIJNAMJAFSO
2296397d3aa77aa791a29ba1,pluskal_ms2,NAAMZGFVHDOIKP|PPJOASPPTJAFCG
22a2e833bdae5df41c6749ab,riken,AFEVCSJFNQWWDF|AJSPSRWWZBBIOR|ALPSEMFPAVSKJO|AONBXCCYURJCAY|BQKXJCBALVIMOT|CAFTUQNGDROXEZ|CXCKOTGRTPLISC|DAIAMOGGSOXZSO|DBCAVZSSFGIHQZ|DJOJDHGQRNZXQQ|DUAGQYUORDTXOR|FDRQPMVGJOQVTL|FNIRVWPHRMMRQI|FSTKYJOKUUVVMY|FXFHFOSEURHWMO|GFPLPBCJRRNZHM|GLACGTLACKLUJX|GLWPLQBQHWYKRK|HGJKGQUGPACAGO|IECPWNUMDGFDKC|IMNIZYXAQQBADI|IOIBVYOJSLAKRI|IOKLSJZBRCYLTH|ITVGXXMINPYUHD|IYOACTFZIFFILK|JDCPEKQWFDWQLI|KILZIJKCZIGLFJ|KRUJMYARKZZEEH|KSGGQJQFYBWKMO|KVOJTUXGYQVLAJ|KZWKYXLDADOEHV|LSHVYAFMTMFKBA|MBYNDKVOZOAOIS|MJBPUQUGJNAPAZ|NETSQGRTUNRXEO|NGSCXLPAQKLFEH|OLGXIHMDNRLIMD|OTVKQJMSEKQVPA|POMAQDQEVHXLGT|QFIYSPKZWOALMZ|QKYMKDOHBLWSEL|QNVWGEJMXOQQPM|RIGYMJVFEJNCKD|SGTCGCCQZOUMJJ|SIAOBOFCVOQCCL|SIBYGGBNBRCVQI|SMTKSCGLXONVGL|SPUDVSNUPBWEKG|UEHILKCNLIKLEV|UQCUBQIHIKJPHI|UZIOUZHBUYLDHW|VSIAVKJNOAFUKA|VTNZLQTUEWINQW|VVBWBGOEAVGFTN|WKWFEHCINVBVSW|WOJKRRDDERNLBU|XMVBNLMKPMPWAX|XPCTZQVDEJYUGT|XPNPKQSCYZUYBU|YDDUMTOHNYZQPO|YDQWDHRMZQUTBA|ZJVUMAFASBFUBG|ZOLVWZHOOPFGPM|ZPQSCMDVMOBZID|ZPWPIKNEPPRDSS
22a3401c94e43b3e2a865088,riken,PHLXREOMFNVWOH|QFPLAAZRZNKRRY|QVXHDRIBXYOKQA|VVLPFXAEVKKWTK
22b3e6a8238807622d4b961f,pluskal_ms2,PHCVYXVSUKLYGH|RZNKYAXXVTULOJ
22c334d5eef2623e5b2e6a60,pluskal_ms2,DGFZTTARNCHODV|VVCYEQNRWKGTDT
22c6180f88b1f9068215e1f2,pluskal_ms2,NZCIONSHJHDGFO|YTHSDGLNDXPJAJ
22cd100f13cbe720df28336e,pluskal_ms2,GFCSUTJOAMZKFA|LJSXVUNPOBKHPW
22d097d05515935cc42d2774,massbank+msdial+riken,FTVWIRXFELQLPI|KMOUJOKENFFTPU|LEJPLPFWLUXHCB|NKUOSFBSKVBOJC|TZBJGXHYKVUXJN|XVFMGWDSJLBXDZ
22e37b5661c76080bf9442bf,riken,FXFYOPQLGGEACP|HCGYMFPNEDDKQY|HRBGONPRSGPFMT|KRUJMYARKZZEEH|NXIXJPLNNMLKRR|UPADPCUOTDTWHH|VEVZSMAEJFVWIL|XSSREOLCRTWEPI
2301d9e91dbfd334a620a7ea,riken,ABEPLDYBWOKMCT|BJJCTXDEJUWVIC|POMAQDQEVHXLGT|QHLKSZBFIJJREC
2304f03dfe1667ae2456193b,riken,HMMGKOVEOFBCAU|PHFUCJXOLZAQNH|SDHTXBWLVGWJFT
2305dce17d8f5dff311579b4,pluskal_ms2,KADNASLNEZLISD|ORSCGZFGPRIFNA
2311035937ffbd95f0d4e8aa,riken,LSHVYAFMTMFKBA|VXIXUWQIVKSKSA
2318e6a15e691af04bb306e5,pluskal_ms2,MNCPFWLONMHTBU|ODDAWIAPCQZZNB
231d870a441f9b54f0c34cc4,pluskal_ms2,IXCMDAVKOFJIMK|KLUICKAWWIGDCB
2321a08e0efcd62dfb0bb922,riken,FMIMFCRXYXVFTA|IAKHMKGGTNLKSZ
2329d48020a7ba2f55a9323c,riken,LCMFDJQAHNDLEI|XUSYGBPHQBWGAD
233bda1b89d0a4ab84147fa6,riken,HJRVLGWTJSLQIG|LLPWNQMSUYAGQI|RPPYCVULPFKBOG
234994b78236921e4357456d,riken,UNFWWIHTNXNPBV|ZKWQQXZUCOBISE
234d4dc952bbeac5d9fb5b1d,riken,LSHVYAFMTMFKBA|YXOLAZRVSSWPPT
23537ef9060a5c421653753b,riken,AZIGQTILUNTIQH|IAKHMKGGTNLKSZ|KLXHCGFNNUQTEY|QVXHDRIBXYOKQA|VJILFEGOWCJNIK|VPJCTVQKHIFWKJ|XKXYJTIBKZGIPR|XRARAKHBJHWUHW|ZMXKPCHQLHYTHY
2354b685716017893228a162,riken,CMKFQVZJOWHHDV|MVCCWTMPDBIKCJ|NRYNTARIOIRWAB|VDGOFNMYZYBUDT
2355d04007ad89dfb2c7ee89,pluskal_ms2,PHNVWMHNNLEDFP|QNMJKUBLULVVIA
2358ea789b0cf1d7f74cf180,pluskal_ms2,ITOJSSZNFNNLGQ|UVAHMTDZARCXIG
235fdb684128a2aedf00d369,riken,KPDOJFFZKAUIOE|NGRRXMZEVSBATO
2365b4cec335ed2798e4f237,riken,FWYSBEAFFPBAQU|KQNPFQTWMSNSAP
236ae6e11f76694033cbd35d,riken,HSTZMXCBWJGKHG|NLJJSPKWNBUDNS|NMLUOJBSAYAYEM|OGBMVWVBHWHRGD|OLZAGZCCJJBKNZ|PCIXSTFFMHVOMF|YVWSYJNONPRMNI
2374bb3d741376cf856487b8,riken,KSZOEOONASRENA|LSGKMZLPZFPAIN
23754d38269c6778636915f7,riken,AOXXVRDKZLRGTJ|KBMSVODXFLAQNJ|RRRSSAVLTCVNIQ|WZUVPPKBWHMQCE
23759b7ff90f92a854756ccd,pluskal_ms2,APIIIPKQPKSIHU|YPMYAACWUFNTEB
237719f3e20fc878b4c1fcb5,riken,GMTJIWUFFXGFHH|GRTOGORTSDXSFK|HCUSLQJBGQJQCB|JNRJLCSYIQFLDS|KBMSVODXFLAQNJ|KEOITPILCOILGM|NKTORRNHKYVXSU|OFEZSBMBBKLLBJ|VQQGPFFHGWNIGX|WENNXORDXYGDTP|WRYJYFCCMSVEPQ|XSQFDXNJFMCRGJ
238da59f2d91082de3a14a56,pluskal_ms2,DZDRFPGBHOXFJT|HOKURLPBNQPMHY
2398650084c30f2947a38ea4,riken,DPJCXCZTLWNFOH|YGSDEFSMJLZEOE
23a82afbdeb1d6265c3c6a46,riken,HJRVLGWTJSLQIG|RKFAZBXYICVSKP
23adf3345e6062c513c8997d,riken,FCLHABDDNCSZCO|JQBOIGWHYPDAGZ
23b1e91fd9688346e739c9ee,riken,BZXULBWGROURAF|DHJXZSFKLJCHLH
23b8b4d846444617c09497e0,riken,MDFCJNFOINXVSU|SSZQYOJANKKXOX
23b8d4cd40dff841d9bc4245,pluskal_ms2,MPWDGKUNHRRBIV|QHYAHEARBBLIMY
23ba52151fde6bdf31d2b0ff,pluskal_ms2,DEDXOELQYHNPFM|LVKRLQCGHRMNRC
23c48a8e4c206e9384ff53aa,riken,ACPAJGMMTDTAEW|BMQBTHWVNBJSPS|FIAAVMJLAGNUKW|FOINLJRVEBYARJ|HLXRWTJXGMHOFN|IKGXIBQEEMLURG|IMPWMPCRAJNBMS|IUSZMBXMNBITIK|IVLRQLIWEVLAQF|IYCPMVXIUPYNHI|KKSYAZCUYVRKML|LTTQKYMNTNISSZ|LWYAMIUSVGPFKS|MLKQAGPAYHTNQQ|NBVTYGIYKCPHQN|NDOPUHIEVZKCTM|ORBKWGMJLDNPAA|PHZOWSSBXJXFOR|QVWUTEYXUYBGKO|RFKQJTRWODZPHF|SHPPXMGVUDNKLV|VLLFEMVDMFTBHG|VTNHVQOONVRIJY|WJJBQRNAMWKGNO|XJIILRFVONGQOG|YISCNLZAUIZSOA|YRAQEMCYCSSHJG|YVCVYCSAAZQOJI
23c5b952a38465b43f81c464,riken,MKQCLTNEQAMHGK|TZUGIFAYWNNSAO
23ceb669a9c06959ab09092e,pluskal_ms2,LPRKQJFIKKNYAR|RXEIDBOHFOSBOR
23e2c9a5adbc10089426ca3a,pluskal_ms2,CKHRRUPQQLGEHE|QUYQIBRSKHHZSX
23e4def1b2a21945e117f7ac,pluskal_ms2,CDLVEAFEZZYVQC|FAGMBGNXGXFVRM
23e77d14e7c01da62b2f4144,riken,UXYJCYXWJGAKQY|ZGRZULFRVWCUPF
23f294580bf76d5513346a9d,riken,PECAVQSFOYERFI|YEIWCFPXBQSECZ
2401f7afc6a9414decfe5d78,riken,YQNLTBIQEYMXGA|ZKUCDSCKSARUCE
240546337ba2ed818e1b3be3,riken,MVCCWTMPDBIKCJ|YZNCIXVBVQRGQN
240e4abb609d1e475309680c,pluskal_ms2,APXYIRKYNXGLTG|OLGWUYGDVHZZQD
2413b117da827d9c65c7b98a,riken,ACOHTHIEFMWBRC|BVUOXVSHTGNMRR|ZHOCWHLKCHVNGG
241889b554e5ea7a253a319c,pluskal_ms2,QSTBODVXYSWBJW|QYMAKTWHALBAAG
24219d97d2069342cd3e8aa6,msdial+riken,RPJDAOAJFXPEJG|WOXKDUGGOYFFRN
242513d4dce6f8a5ec144c3c,riken,FURUXTVZLHCCNA|IPCSVZSSVZVIGE
243adc39bf515b4a35396f98,massbank,KDLRVYVGXIQJDK|OJMMVQQUTAEWLP
243f62cebb96494d9f345a7d,massbank,GHASVSINZRGABV|IQFYYKKMVGJFEH|RWQNBRDOKXIBIV|SDQJTWBNWQABLE|SZXBQTSZISFIAO|ZCGLNFAUVVHTQO
2442d34f02f9ebff81436414,riken,CTJZWFCPUDPLME|FTVKHUHJWDMWIR|GLACGTLACKLUJX|OUGNWRCWQLUXHX|PZZRDJXEMZMZFD
2443b83f96626952100f9e4a,riken,NZCJCBZLNHDNCR|RJKCKKDSSSRYCB|UUFAJPMQSFXDFR
2444b3a2222eeef23f9e75c6,riken,CIYJVFJBFXRWJD|KLMZPLYXGZZBCX
24504573b0bcd7ee191e916e,pluskal_ms2,FXORUTMDZHMFKR|NIBVWJYNTPPMRS
246088e16a7684213d9cb374,riken,RIXNFYQZWDGQAE|WJLHDYQXCJXZGV
24895373e20c79f4247f4bb7,msdial+riken,NEZJDVYDSZTRFS|OEWYXUOBTOXNMX
249828c032f89e95333924f2,gnps,FDMQDKQUTRLUBU|IAYNHDZSSDUYHY|IQHFJDOCYUJLFM
249c69c6f2c9ecca59a6c3d8,riken,CVAVMIODJQHEEH|IQDIERHFZVCNRZ
24a6dfb6fcf38b410dbbf501,riken,IDGXIXSKISLYAC|KEEWIHDTSNESJZ|QGNVMEXLLPGQEV|QZZGJDVWLFXDLK
24acca792de76fa05f37842f,riken,CXCKOTGRTPLISC|KBMSVODXFLAQNJ|QLKSLGRVBGVPPG
24b249645716415467670edd,massbank+riken,BXRLWGXPSRYJDZ|VEVZSMAEJFVWIL
24baae3c005a819c90f3ec1f,riken,ADFOLUXMYYCTRR|DNJVYWXIDISQRD
24bb5286050984a59da9c872,riken,JGLIHGSIUBTIAW|NRNOIJZZYJOCDE
24c8b3b4fb25d674df228fc6,gnps,LVDNCZLSNFMREW|WQQFMYARHDHHNB
24d5e600f537fcfa153c583c,pluskal_ms2,WQZGKKKJIJFFOK|ZFXYFBGIUFBOJW
24d778bba3ded3bfb6e8aed9,pluskal_ms2,BXSWNEVPGYRLEF|MTIQGFJEGKOVQK
24dae131edecbecb0f9ebb12,pluskal_ms2,CYXUDQVIASTMEA|SYDYMJUELSZIBJ
24f680b3554a95a50bac9b5a,riken,CQJGDYZEMIGJCJ|JOGLPTTWXBWTKD|JRAZFLUTTVOOOC|RRHCDWLSHIIIIT|SLJTWDNVZKIDAU|WMEBIWWUBWHAOJ|ZPQSCMDVMOBZID
251d02140d4d271ecc605f49,riken,AOXXVRDKZLRGTJ|BRQQPHKRRCUYLA|COICYYHTLYZMEX|DHJXZSFKLJCHLH|GXAHUZMCACKPFI|KLQXMRBGMLHBBQ|LHZZULHOQSQSJN|NJELUFJHFGVCBN|PHDZNMWTZQPAEW|PHLXREOMFNVWOH|PYBFXJMIKJNNAJ|SQMGCPHFHQGPIF|XFSBVAOIAHNAPC|YZMKFMIZNSOPSN|ZMXKPCHQLHYTHY
2533f4519f809562c42aece7,riken,DEBDFZGNZTYPMF|MXOKGWUJNGEKBH|YXHVCZZLWZYHSA
253438b413b302afb2b50413,riken,NXJCRELRQHZBQA|YRCWQPVGYLYSOX
253e12512dbe72afd1ed9681,riken,LDIBSYFCDDKIQX|POMAQDQEVHXLGT|VOZHMAYHYHEWBW
2548640503b59aac5204182e,pluskal_ms2,CHUUDRIKNFAJGZ|JKUXPBOILPNJHP
255057b5e012c7f2caa0f904,riken,KXHCYYSIAXMSPA|SLJTWDNVZKIDAU
25608eb7c35e4f9c42f98f9a,gnps,HJNLKUBVAGPMJP|HXHOXUIZVFYTTR|USROVYCBGYOSLB
256939a2c64684b22262e0ad,riken,IYVFNTXFRYQLRP|JEJFTTRHGBKKEI|KGNGTSCIQCLKEH|LPEPZZAVFJPLNZ|NBVTYGIYKCPHQN|PEYUIKBAABKQKQ|PQCLZBCFLJVBGA|TUFDSEMWRYIOBO|UCZJPQIEFFTIEV|VJSCHQMOTSXAKB|WJJBQRNAMWKGNO|WTBZNVRBNJWSPF|XRARAKHBJHWUHW|YEFOAORQXAOVJQ
256b285dbe5190ad9048eb89,pluskal_ms2,QLESPZIBLXJTBI|SMALDVZQFBVHQY
259890e518cf35b92834c739,pluskal_ms2,NORQADGNSINJPG|YCJUEZLNSCUITH
259a63bbe8d95cac4e250ab8,pluskal_ms2,CHUUDRIKNFAJGZ|JKUXPBOILPNJHP
25ac899dfc086b1a06510efe,pluskal_ms2,NMQSSBYLGGVTDZ|OHGVHQMHGXAVGR
25aef95caf1c98d173cf5c1a,riken,IIQSJHUEZBTSAT|OIVDEBIGYOTPKV|VQQGPFFHGWNIGX
25af3b033dbdefec0df62974,riken,GBABOYUKABKIAF|LLEMSCWAKNQHHA|PGLIMMMHQDNVRS
25b053a687f9c1df235e5728,pluskal_ms2,XVZWLQXESCERMO|YAFCYESBJWJEMX
25b46b829461e344757c50fd,riken,AFEVCSJFNQWWDF|BMQBTHWVNBJSPS|BQKXJCBALVIMOT|BXKNQKQIBKBMIZ|DAIAMOGGSOXZSO|DHCSEHRBYOAURX|FKSGZFHITNNKNJ|GARZMRVWLORUSR|IMNIZYXAQQBADI|INIACRGCTLLWRM|IPMYMEWFZKHGAX|LKBQICPDNCGJOH|NEBPBFLVSYFRQE|NQGPNJDXRIYWIO|PAXNVPZJVMRVBU|QZFPLCRYJQKPRY|RAMDNIOVZOWWAL|RBFNEOONBAEQRW|RFDAIACWWDREDC|SBGHXFWRTKOHQM|SJBUJXPYPGGORF|SLJTWDNVZKIDAU|VEUCARGUUJVDOF|VTNZLQTUEWINQW|VVBWBGOEAVGFTN|VXNJCLUDBLYAOL|WOJKRRDDERNLBU|WURLGASLEZVNHV|XEMVQWDHRXAQNR|XQBZILVAQBMZFI|YISCNLZAUIZSOA|YMCYJIJWKFYPMN|ZKLSVVSNZGPHRI|ZPVYCUMXKPNGPP
25bdfaaa91d124aa9e81d65e,pluskal_ms2,AJCJQDHDAWZJCX|UFOFMWAGMPKJBB
25beb0cdc2244f4c6fb84fba,riken,KUNIPLHOIJFHHR|LLEMSCWAKNQHHA|PVLHOJXLNBFHDX
25c0c7b11dfe6bee29f09e3f,riken,QOMBXPYXWGTFNR|WYKQPGOKTKQHQG
25c29bf5e7db68f94b8d4030,riken,BPXIBBNVQKIXGG|FKSGZFHITNNKNJ
25cc9bf4a14852a6eca59606,riken,QPHXPNUXTNHJOF|VUTMUSRYWYUQIK
25e75986f39b4e4cc023bcad,pluskal_ms2,LNSXBBOFWRRZGM|RNBRLCCWVAEXET
25e881cc7ecf471f822ac9e2,riken,IYRMWMYZSQPJKC|RERVSJVGWKIGTJ
25f2e1ad50d2bb9299addd2d,riken,DUBPGEJGGVZKDD|HUVFVYIECRCQCN|JYRLHZSQUXTFGH|KQMVAGISDHMXJJ|WMBWREPUVVBILR|ZCTJIMXXSXQXRI|ZTHLHHDJRXJGRX
261cd1b52dec585392b58bb7,riken,IZQSVPBOUDKVDZ|SDXKZPQOVUDXIY
263a000e975f82611c6d3656,pluskal_ms2,AIHRWHPASCEREG|NNHPAXDGGSLXOK
26575bbcd5d4cf2bcc972756,riken,GDHMEZCJJXUPRD|XVOHELPNOXGRBQ
265c0c2b2cba67552026cbf5,pluskal_ms2,ALLUXZBOHPBSOT|PPAYXIXBAQIBAM
266f74cb38c09fe6b8603f7f,riken,FPJQGFLUORYYPE|GVQOVMKBYJKZSY
2675af030fb9674e3fb4ca88,riken,WJQLYTQYMSTZJJ|XBFUIGXPVNIXDF
267d31db88ef430380fc1070,riken,AQASRZOCERRGBL|HZIBYJCDCHVSPK
268d47c99cfcb6c0b88d1afb,riken,CCIUIWFXXDCCOJ|ZVHUQIMPAVOVTR
268f95cc21995f6b41fb7062,riken,CZSBHMFVVLYIQQ|OWMJDOUOHDOUFG
269b81c9e8ecd86afcc17160,pluskal_ms2,GXFIQOWIDSZYKM|VSTJLJLYMOOSPZ
26a166c150dbafcce14cd933,riken,BJFMLQOTWLSHOA|OWMJDOUOHDOUFG|OXLDBLCHXXJJPD|VEPUCZUJLKAVNM
26ae591f3f2ce4c005bfb8af,pluskal_ms2,GGONTXVZIMNXPZ|ZPQKVXNDMXBSEP
26b156c165aa82b2dc74a72c,pluskal_ms2,ITOJSSZNFNNLGQ|UVAHMTDZARCXIG
26b66b4aa471d1b1cfad44c8,riken,CTJZWFCPUDPLME|GZYPWOGIYAIIPV|NFZYDZXHKFHPGA|NLAWPKPYBMEWIR|NODILNFGTFIURN|OLOOJGVNMBJLLR|QOVKKEKBURQILF|UBCKYWKJKPMKAA|WMBWREPUVVBILR|WYQVAPGDARQUBT|YDDUMTOHNYZQPO
26b690274b07cf686b8d1328,pluskal_ms2,SVPTYFQAPONVFM|XGDDRSKSXHDPMQ
26bc44acac835362fff6bfdb,pluskal_ms2,JHFTZDIBPBWDSZ|ZWOBLPRWICPDNF
26d4d8775dcdd3b55800f7be,pluskal_ms2,ITRDWSJZKFTSEW|QMIOWKHMJRSGKV
26d6e6a14c93099e49f5753f,riken,GOHMRMDXUXWCDQ|XQVKQEFQGYTUAR
26f0a80831196d5d175fe060,pluskal_ms2,QVBVKZWOWLNBHL|VMQUIQPLKGWHIS
26f4ea63a6b897fdcf2ba03a,riken,ALWVJGZIYSIJGR|BWHZPGDZTFVUJN|GUQQBLRVXOUDTN|JGLIHGSIUBTIAW|JWCDJOWFOVBBCP|MINBUKAFVRAUDG|SCXRWQXEFHYUBB|VFUPDGRCPOEQAB
26fcf0cdba4f4050050abff9,msdial+riken,ATLJNLYIJOCWJE|XUCIJNAGGSZNQT
27092fd2325fdaf643178e8c,riken,AFEDQRGFPHITIL|AYNMYQSRRVGZDT|CMDLPOPJXJYAMB|HJSUUMKMBHCPEZ|UTCVMWVGPIYCTH
270d71ae555a8da3525f2f54,riken,MDWIGGAVQHTZTG|TXXAZYZRJSNVLW|TZXKOCQBRNJULO|YXHDXNPMHKHRAN
271a1a90d5daa6ec92768bff,riken,FVNYMYXXKXAQHS|URMVEUAWRUQHON
2720bf3ddaff3e0cc6f00847,riken,CXVOPJQBVVUOTC|UMTVUIVCCWBBHM
274217d836a79446d8d0ef4a,pluskal_ms2,IEUCTTBEYBXANC|UXZANABCLSOYHS
27443e82ffb1a218290f56c9,riken,FWVHWDSCPKXMDB|VJZKQVOURLBNBU
275158e4a4eadb4edef803f1,riken,FPMQKXQOBKDVHF|LZJRNLRASBVRRX
2761249fae03e6b73af5d268,pluskal_ms2,WBFAVGUESWCDPL|WPTPUPGXMPKMND
27770f3f6d4ca58c19f5ff77,riken,GLQYFMRUYWFXGT|MXXWOMGUGJBKIW|XVOHELPNOXGRBQ
2784f86eef89092817a60eba,riken,FCEXWTOTHXCQCQ|NIKHGUQULKYIGE|QGVLYPPODPLXMB
278de4e230ca536c5df8122d,riken,JGWQYLZHPPFHEH|KWVISVAMQJWJSZ|RKUNBYITZUJHSG|SLAWMGMTBGDBFT|XVOHELPNOXGRBQ
278ff0ac138a17154d454682,riken,CCRXMHCQWYVXTE|JZWZFNOVWZEQMF
2798eec8eabf6b1480d8cffa,riken,KMCZIPGKKBSLEX|RKUNBYITZUJHSG|SLJTWDNVZKIDAU
27a2a24ab2b08c8e672b31aa,riken,AYWNHWGQTMCQIV|BOJKULTULYSRAS|CZCIKBSVHDNIDH|GPTFURBXHJWNHR|GXWUEMSASMVWKO|JJURGRVZASRDDE|OUHBKBTZUPLIIA|PCWTUTJLXXOQPR|PTDAHAWQAGSZDD|ROLIIKCIEQNTMT|SDXKZPQOVUDXIY|UXUFMIJZNYXWDX|VSJKWCGYPAHWDS|WIONIXOBNMDJFJ
27a8f7fa936ea2c998e6f7dd,gnps,DRBGSRRLOUSABE|GRVFODKSPHRUNC
27b6c34b02159edd31399242,pluskal_ms2,JPWHBACOLDQDLV|SWSAOHQFTLUUDS
27be3e5bd5f6fcb1df3a0bbd,riken,AONBXCCYURJCAY|WMEBIWWUBWHAOJ
27c03a410343f747c201128e,msdial+riken,AAPVQEMYVNZIOO|NPOAOTPXWNWTSH
27cd18e275d7856ead473dfd,riken,OQANKTWSGPYURN|TZRVSGRFVXORLD|UUBMSUGALIVVPT
27d526d6bd48967a8c88e4db,riken,AHLBWJHZDLMJOJ|NQWVSMVXKMHKTF
27da87a120bd0ff9792791a2,msdial+riken,BRZLPCQEKPAETF|CKQJTGWITOTSIE
27dd498a9b226582936d78ef,riken,IMQLKJBTEOYOSI|ULZFTGWWPHYLGI|YURJSTAIMNSZAE
27e681c6aa545b801d820112,gnps,DYIHRLDJILTPIW|GAOZNCOLSXAHGT
27f13e301b85c0863d1a21ef,pluskal_ms2,VWUJQDWWRNTUKR|ZRLFBILQZFATFI
27fffd97c241de621f91aa27,riken,GVJHHUAWPYXKBD|ZYURHZPYMFLWSH
28015fe0507c2981114e3b5a,riken,ONQKSKDLYYDFLL|ZTVSGQPHMUYCRS
280ea79a01b4d013171affae,riken,FJISLLRXVSQIES|GBJKHDVRXAVITG|GGGUGZHBAOMSFJ|MIKUYHXYGGJMLM|WYDPEADEZMZKNM
280f324b872d99c7d2c2022b,pluskal_ms2,CVORYWHMUAVJIT|NKSUASKQZIZBIJ
2810754ff53704e5e5a05fe8,riken,CXVOPJQBVVUOTC|LMBHKAWZFQGFAN
284c2b50a950597a8999837d,riken,UMYAEKVHXDURJS|YDQWDHRMZQUTBA|YRAQEMCYCSSHJG
284e0c4859824ce59fdc7714,gnps,ADXGNEYLLLSOAR|LQHDJQIMETZMPH
28539c47b1ac98e445a0c1a2,riken,KTASKRCJBXZGMH|MZNIJRAPCCELQX
285c9384dc781e809bed8389,msdial+riken,RKFHFBWDNSYADY|UFXLSRZZVFZURD
285d5fc6e516869a510598a3,riken,SYDKOLLYPJCLPT|UPADPCUOTDTWHH
2861a3bdb2cb05f2dcba4b9c,riken,NNWMHSNRRWMMBI|UKUDZBHSBMEUCJ|XQBCHNNUNJCZAU
28730eac44096e48ae45e8c5,riken,HRBGONPRSGPFMT|JXTOWLUQSHIIDP|KILZIJKCZIGLFJ|NETSQGRTUNRXEO|NXAMVENCLBALNK|OLGXIHMDNRLIMD|OUQZQSNNIGHABI|RIGYMJVFEJNCKD|VEVZSMAEJFVWIL|VODLLOCLAAHTRJ|XQVKQEFQGYTUAR|YKGCBLWILMDSAV
287977dd08e1d43ed2e3a102,pluskal_ms2,CYSUIINROVMDJX|ONHPDZODNAKPDV
287a2612fd9b5924d272fca1,gnps,LTXREWYXXSTFRX|VKXWOLCNTHXCLF
288a144c504cc525e439f03e,riken,OXVUXGFZHDKYLS|RGOVYLWUIBMPGK
28a97f01942c75a306ca5502,riken,BTPCABAYRDUCFJ|GOOFZOQDLIMARN|KUYOHDBLZSPZHG|WXCCRMLNFFAMJC
28ac72b212ad898190271807,massbank+riken,NCAZLDCEJHFJDT|QOVGIKUHSFCSIK
28ac947352f5ce6ee1247314,riken,CVUANYCQTOGILD|PCZOHLXUXFIOCF
28c13c509529edc2009239a5,msdial+riken,HWEJNHCHMKSFET|IXODJGLAVBPVSW
28c53fd645683a80c24d11af,pluskal_ms2,GKBZZGLJFFTARM|NXEROWMPYNQHFS
28c8d9853e6afad78075ca81,riken,BPKLDKRUGJQLGK|HFFSTHNVLCSKNL|XQBZILVAQBMZFI
28d0668a5b4477082e452db8,riken,NAUZBQMEOYSERD|VYIKEBWUZLHWQK
28d54b1044d2b96a8a9818ab,pluskal_ms2,GDVMMPACXKUSLT|NKJUHJLRKSNMAM
28d8c730c26fcea8c6a36e59,riken,DFPMSGMNTNDNHN|OZJXTWMDBPQRGI|SEBFKMXJBCUCAI
28d944ea9e8630f2ab080c52,pluskal_ms2,MRBLOPXEGFQOSP|QJHOCPAGUHZUDH
28e8bc7ab21a4789d5f11813,massbank+msdial+riken,WNLRTRBMVRJNCN|XRARAKHBJHWUHW
28e94cfae99a20ff05fb76f6,riken,KBMSVODXFLAQNJ|YJBXPWORXXQARM|ZKTMLINFIQCERN
28ea21230ab4a602980da38f,riken,BLUAFEHZUWYNDE|WTQYWNWRJNXDEG
28ef89c566288b51a754f355,pluskal_ms2,CXDFOJFHXOHFPC|FNFVFFALESRXAL
28f293967732de8053281808,pluskal_ms2,ONBUDYDHHLFSPZ|VSLJXCOWCRWREN
2901c4a6f1146e1f55e2a14f,riken,JNARJHDJLSPXGM|YZMKFMIZNSOPSN
2902e4c8ad9767457beb2344,pluskal_ms2,BAHWBLGZSGIKQC|CUYQTBFYBUKTBY
2918420d2cced03804bcf043,pluskal_ms2,MYWLNUHOXLSXFR|UTDLBBNCPPFBRU
291b2d6ce04d4dab2b8eaf4e,massbank+msdial,NOOLISFMXDJSKH|ODHCTXKNWHHXJC|UORVCLMRJXCDCP
292513a280ae49ce3ed38193,pluskal_ms2,QDRCEIFSUYFTIV|YCXCRFGBFZTUSU
292611e0db2267896b49d9c7,pluskal_ms2,BCTBGFHJDISZRS|IPNMFOJKUXTWCG
293980daf2a91715d1602b54,pluskal_ms2,GJJUCNKPFCXAOS|XMKBWMNDONVUSR
29525bab69d3b13ff26113c2,pluskal_ms2,OIRDTQYFTABQOQ|QWGDMFLQWFTERH
29674f9200876662a3e8b045,msdial+riken,JDBGXEHEIRGOBU|KJVWRZGLXRPUHV|ODKYLYWWBHXMRV
298acf0e5d89a4789fa8c5e3,riken,IMQLKJBTEOYOSI|QMQIQBOGXYYATH
29944775a08cea8472c3834a,riken,UAHWPYUMFXYFJY|WXHUQVMHWUQNTG
29a60cd26c2bbacd12e81f64,riken,CUKSFECWKQBVED|MJBPUQUGJNAPAZ
29ac5ef0bea6c46ea9b18156,riken,SLJWCCMDGTZEGQ|XWOLWJSHOPYCNG
29c4c24c286916c848761800,riken,CWBZAESOUBENAP|MUCRYNWJQNHDJH
29c93ba6e6be78b6c5a320a1,riken,BJJCTXDEJUWVIC|SLJTWDNVZKIDAU
29e4c87dbe29ce6356e13397,riken,KXGVEGMKQFWNSR|PQCLZBCFLJVBGA
29e9d72e63212633f8bf5893,riken,LDIBSYFCDDKIQX|PXGWEUQZDRUMRE
29f68352a50cc88761f566d9,pluskal_ms2,FJQNUNBQWRUPSI|UUBVLNODMJCOTD
2a06b4e63e142e0019bb74b7,riken,FERIUCNNQQJTOY|GYFFKZTYYAFCTR|IKMDFBPHZNJCSN|JTRLVVUONAUOHI|RUDHEKPVEXODBM
2a0bb72ab2c5fcdd6f2fa866,riken,SQMGCPHFHQGPIF|UCZJPQIEFFTIEV|YJGVMLPVUAXIQN
2a0fe806f036aa74eea3c827,riken,MALFODICFSIXPO|WTBZNVRBNJWSPF
2a15c67aa197120a7affed8b,riken,KTZNZCYTXQYEHT|YRECILNLFWZVRM
2a16a7fbadf5a935ad378256,riken,RCKVHVSVSXHFLH|TZXKOCQBRNJULO
2a1b0a67288fe5fc55f7e779,riken,LVQDKIWDGQRHTE|QXANIAZAMPJWCV
2a1cdd480f5bef1062ff3ae1,riken,AIONOLUJZLIMTK|FCDLCPWAQCPTKC|PJQLSMYMOKWUJG|SOVNCTNQAWWYAQ|VTRDANCBYRZCRZ
2a20027d290e36f8c86d4655,pluskal_ms2,HVEPLLKJSMENJC|IZVDXSWDESLGHP
2a27f38fed9b3b10b25a8a29,pluskal_ms2,RZAZLALCJQVAPC|UULVWARUZBRKLD
2a350a0cecfec27bcfc5b477,riken,NKYAIPHVDQBFLF|RBTRUVNXLDXHBJ|WXBBQBYCUTXTJQ
2a398e8adda53bdcee77783c,riken,FVWJYYTZTCVBKE|LMBHKAWZFQGFAN|QBDHHZLEIBPNSS|UYXBVRMASFBLKM|XWFDREYZNGAQBP
2a3d62a0f20effbbfe7a7eb5,riken,HNZUNIKWNYHEJJ|QTEXZXUEISELDK
2a4954b14368061c2ed13f75,riken,FELCJAPFJOPHSD|TYFKYDTUEMTUNY|YRECILNLFWZVRM
2a5333f212003b5dddbe7762,riken,DKEZDPGUJMMUCC|HXWLKAXCQLXHML|IEBFEMIXXHIISM|MPXAWSABMVLIBU|PEMIXOORXAHUSL|PTPHDVKWAYIFRX|VJSCHQMOTSXAKB|VXMOIPRQSYFTHI
2a56c55e3561de2ef33e91ec,riken,DUXYWXYOBMKGIN|HPSWAEGGWLOOKT|LLXVPTXOKTYXHU|OWMJDOUOHDOUFG|OXLDBLCHXXJJPD|PHLXREOMFNVWOH|PRAUVHZJPXOEIF|UXYJCYXWJGAKQY
2a59acefdd93f9a77ce1e6d5,riken,JLPDBLFIVFSOCC|XVAPNQFQPDAROQ
2a6293e64971eeafc46733bb,riken,VELYAQRXBJLJAK|XQDCKJKKMFWXGB
2a731c6e2674c6eee0ab673e,pluskal_ms2,GRFDMYHZHROYFM|TVMDHLGHUIGCEL
2a77bd19fcf05b9a37ca7517,riken,FQTLCLSUCSAZDY|WYKQPGOKTKQHQG
2a7bf776fddb1672143a54dc,pluskal_ms2,DIBDSGAMKSCUJK|IQGBWKOGMWUSSG
2a87f7f8d20fa25652edbfe7,pluskal_ms2,DIBDSGAMKSCUJK|IQGBWKOGMWUSSG
2a954368c543cfddba488845,pluskal_ms2,CDHDBRPHUZTUEZ|HJOPLBQJTRQPAY
2a9d3fd94f2f301a8e3c7403,pluskal_ms2,LHKZIVMTXZLOTP|ZPEFYJBGAZLAKK
2abfe56b55d7696a07876161,pluskal_ms2,NNWHUJCUHAELCL|UQVKZNNCIHJZLS
2acfaae37c719719f463b9eb,riken,OHDJGUWKOIBIKY|PLAPMLGJVGLZOV
2ad2a43c8a31d826e2bae1f5,riken,NETSQGRTUNRXEO|XQVKQEFQGYTUAR
2ae24439a88804f4d29870f0,riken,UZBOWOQARWWIER|XQDCKJKKMFWXGB
2afc0746ff6fc4c0eb2e9066,riken,CXVOPJQBVVUOTC|INIACRGCTLLWRM
2b01bf2814a3120508500abb,riken,MQDZZCJYWRZONM|WLNDANGOFVYODW
2b0e51d7147abd1906ff89cd,riken,RCKVHVSVSXHFLH|TXXAZYZRJSNVLW
2b1664f56ae031a638917735,riken,KKSYAZCUYVRKML|XRCLPWMEBOMKMG
2b1b1e2d132c588f80fe35df,riken,MSSYPWFHLFBMMP|OZTXYFOXQFKYRP
2b2ef2fb132e63a3d2662dab,pluskal_ms2,NHCTVQJSTWXMPT|WSZNMVQDFFEQCM
2b417d2e0cdd10f877915c44,riken,BZKDCAIDWFPAGZ|SNKFFCBZYFGCQN|SQOJOAFXDQDRGF
2b41d9a575eb7c49e9bc6dca,riken,CWMIROLCTHMEEO|CZCIKBSVHDNIDH|KGEKLUUHTZCSIP|LFKQVVDFNHDYNK|OUHBKBTZUPLIIA|UPROOJBJZLZCGS|UVJYAKBJSGRTHA|XOXYHGOIRWABTC|ZTVSGQPHMUYCRS
2b43af84098260d20ed3d855,massbank+msdial+riken,JTHHOHSDOJJNFN|ZQSIJRDFPHDXIC
2b471d8d826312512c1beec3,riken,JTYYHSPDVLJFOJ|QBILRDAMJUPXCX|QKUFYFUSJMGILO|UGHBHGHMKLPTQY
2b5b5562f99cebaafad77f96,riken,AUTZLTCWRDPAPV|CZCIKBSVHDNIDH|FXFYOPQLGGEACP|FXNFHKRTJBSTCS|KDXVVZMYSLWJMA|PJQLSMYMOKWUJG|QRYRORQUOLYVBU|RSZDAYHEZSRVHS|VFMMPHCGEFXGIP|XZQLSABETMKIGG
2b5b5c750b612ba24249ab82,riken,LSHVYAFMTMFKBA|QCQGNTXXPCJRFZ
2b5e731e33a8e0adb449d0b6,riken,ALERZNQPBWWLMW|CNNRPFQICPFDPO|FBMORZZOJSDNRQ
2b6df99aaa4e61f0957cef6b,riken,JFZVCQKUYHJMKO|VAXDAORNOMZREO
2b7d4d756b2bce0268925bd9,riken,ASQYOZUMZFSDTE|DRTQHJPVMGBUCF
2ba252805d7d79aca6008fbb,riken,FVFSMBDVZVUETN|WXHUQVMHWUQNTG
2ba96d2118dfa9196c6bd60d,riken,KTZNZCYTXQYEHT|SOVOCMGDFRGRKF
2bab4acfcef06430364bb773,riken,KZMACGJDUUWFCH|MRRQSPRCJKZSOG
2bb96eb8c761514afef57e6c,riken,BCJMNZRQJAVDLD|IUKLSMSEHKDIIP|PYXFVCFISTUSOO|WLNDANGOFVYODW|YMWRMAOPKNYHMZ
2bcbfde6c4516e513c94bdf8,riken,ODMURDDTNPVMMD|VTRDANCBYRZCRZ
2be45c87cc81b7f841ea0706,riken,AMBQHHVBBHTQBF|IDQUPXZJURZAGF
2bf3371bb9436d3b99aa6542,pluskal_ms2,QXDIEFSQNFLMCU|UVAZHPYHBONVJQ
2bff0d0248c55ddfdb114835,pluskal_ms2,LHKZIVMTXZLOTP|ZPEFYJBGAZLAKK
2c04b8d8b16680502314d461,msdial+riken,GZYPWOGIYAIIPV|NODILNFGTFIURN
2c12a80de522a537e4aa8d03,riken,OUGNWRCWQLUXHX|QBDHHZLEIBPNSS
2c23d13bfc5eae432d09d33b,msdial+riken,LLAGPDHMPHPELN|YGPSJZOEDVAXAB
2c287d056cc7a4ce36632f28,riken,KVUHRGCWHSLKBK|PEUUVVGQIVMSAW|VMMVZVPAYFZNBM|YGSDEFSMJLZEOE
2c3284ce2a8327e581333337,riken,CXVOPJQBVVUOTC|ZJCUUXGLZWBCIL
2c45e8684cbde7a2c1b5a1e3,pluskal_ms2,CHNINISJXPDINL|XYRKBYYZNHPWAF
2c47dd786fbe0ae658bf8f04,riken,HHQJBWYXBWOFJY|LMEHVEUFNRJAAV|NGFMICBWJRZIBI|QWNQZWRFKIHTPL
2c597ffd5f78f06cdefb7e05,riken,VOZDDCMEFRAJHD|XZPNBJLXZMBECP
2c5de3e2d40c416b8274c069,riken,NFYYATWFXNPTRM|OFMXGFHWLZPCFL|VVLPFXAEVKKWTK
2c79836d95c831bc6000c50e,pluskal_ms2,NJBYUTOWPHROOF|WLCDWHOAVKKKDI
2c841313c941da0ad84b0d79,riken,CIAXXTSXVCLEJK|DVGGLGXQSFURLP|QEEBRPGZBVVINN
2c9967ed9563bf0610f07fe0,pluskal_ms2,HNRPWGFGJPJRIF|YXKQETMOWGGWEU
2caa53d25c7fcb9d85bbd7ef,riken,AOWRAYJMTOYETH|MHGKDTTXFHUGAY
2cac5e2da221cabe7c8fe6d2,pluskal_ms2,CDLVEAFEZZYVQC|FAGMBGNXGXFVRM
2cb9cb5f385131d5781f9714,riken,IHEJMZHKJYHVFF|OHDPFRGZBUACTR|WLNDANGOFVYODW
2cc03ec619db3821af16bd8a,pluskal_ms2,IUXQCJHIMUEULB|ONDKXBSPNWEMOX
2cc14c999d47bb968d053ed9,gnps+massbank,RKGMCYIVUHRCLR|UZIIZFWPDACYLG
2cd072bcc68fb09559d35521,riken,OZJXTWMDBPQRGI|UTCJVDFLMODHQX
2cd61cf61738b595c66c797b,mona,FELGMEQIXOGIFQ|YBBLVLTVTVSKRW
2cdce4491428b4f725937135,riken,CFKSVMVGALEHAP|CHMTTZIWXMOGME
2cdddaaac9bfcda0a0152acf,msdial+riken,HEMSJKZDHNSSEW|JNELGWHKGNBSMD|QQQCWVDPMPFUGF
2ce72a4bf81f391be9374318,riken,FJISLLRXVSQIES|GHKISGDRQRSCII|QFJUYMMIBFBOJY|XGVJWXAYKUHDOO
2ce76ac16bcbd6db617e25a9,riken,FIWGZIBLJWZUEA|MSKVJEAKVWAQTA
2cf9c2057f8390dab5747d99,gnps,LPRKQJFIKKNYAR|RXEIDBOHFOSBOR
2d0512d98513dd03f0298c12,riken,IOPDFSGGBHSXSV|LTTQKYMNTNISSZ|RJDSARTZFIBDAR|WRXVPTMENPZUIZ
2d0d162169d6ca8ed77d24dc,riken,BXKNQKQIBKBMIZ|OJYLAHXKWMRDGS
2d14259053de540ec79b518c,riken,TZRVSGRFVXORLD|XZTUSOXSLKTKJQ
2d23335f39232c00c0eb12f3,pluskal_ms2,MYRYGQYFYQIWAD|NHPNPGRWUFENKK
2d2f461aa35678333d1833c3,riken,LIHLSLRANKCHLV|OGWKCGZFUXNPDA|QWCNQXNAFCBLLV
2d3047db70b0df601d54f188,riken,GPZYTVLJQBNTMX|JTLPUINSVFNPLS|QKQZUNJZOQODTH|SKHJNNFXCKTDBG|YQNLTBIQEYMXGA|ZKUCDSCKSARUCE
2d363f355e5db53c5f2d4afe,riken,KBKUJJFDSHBPPA|YUSWMAULDXZHPY
2d483226bca50d4ee3fea099,riken,HAVWRBANWNTOJX|KDIKNBJFJOYFNY
2d647575e6b5f8622b89c0d4,riken,JRPKYTRZLLKZAQ|LLPRITPJQPQXIR|MMTWXUQMLQGAPC|YFVGIJBUXMQFOF|YPWHZCPMOQGCDQ
2d664a383ed26c84c8a9ee6e,riken,BZKDCAIDWFPAGZ|HDLNHPZHTNFCNP
2d6ca1dcef087e7368c56f9f,riken,LSHVYAFMTMFKBA|QCQGNTXXPCJRFZ
2d78ccaa65a9d2b793daa00b,riken,PJQLSMYMOKWUJG|RJZFGBNKPOVCHQ
2d8608b941026a6dd9e95489,riken,MXXWOMGUGJBKIW|ONJRISGOJDDBNB|PMVCHAWVCIWVLP|SLAWMGMTBGDBFT|UWKQSNNFCGGAFS|XVOHELPNOXGRBQ
2d8d75f0af48e9db7fb10ec9,riken,ATQBPBZOVWXRTA|GOHMRMDXUXWCDQ|JLYBBRAAICDTIS|VUWOVGXVRYBSGI
2da7c0b4be8bac4bc2faa0e4,riken,ALYHYIXFUOUIHJ|KFEFLPDKISUVNR|QJPCKAJTLHDNCS
2db2f676c876dc1841a51209,riken,NGOFDYKRKVTNMQ|QDBWYYHWAVXSRF|TUNFSRHWOTWDNC|USSZROTZVDHBKM|VOXZDWNPVJITMN
2dbf5763a57b779f31113de1,pluskal_ms2,PVHUKALHRBPQNM|SYVFGLXUEAXFAP
2ddc19fb713a8d8824a010a5,riken,ASPCIAWQVXVATP|STECJAGHUSJQJN
2de3a1fa72c0eb6218edd2f0,massbank,MCJGNVYPOGVAJF|UHXUZOCRWCRNSJ
2df0de91f87138b80007e1b1,pluskal_ms2,AIJMJWLEFKZSRF|GFRLHYDLHJNYMU
2df1e8ee7bc1c0e5fc7272c0,riken,DAXYUDFNWXHGBE|HPSWAEGGWLOOKT
2df7064b00b7d67be6f33fb2,riken,LTTQKYMNTNISSZ|RNXZPKOEJUFJON|SMTKSCGLXONVGL|ZJDOESGVOWAULF
2dfe30466947302d7bafc321,pluskal_ms2,CEIYBVJDLDUALL|ONBUDYDHHLFSPZ
2e0a0539e1b5d4fe24365219,massbank+msdial+riken,CWVRJTMFETXNAD|DLRVVLDZNNYCBX|SNICXCGAKADSCV
2e0bb4dab24b6a90e5c3bc8e,gnps+massbank,GLSMSUZWTDVJMA|RTHCYVBBDHJXIQ|ZRWZIRYFWBWNIU
2e0cde7117cbfe036622bebc,gnps+massbank+msdial,CUPOUBRMIZFFHN|QFDRTQONISXGJA
2e2066dac31604143b754423,riken,LFKQVVDFNHDYNK|ZNHVWPKMFKADKW
2e280c86de634fff6949d21c,riken,AKNILCMFRRDTEY|BBFYUPYFXSSMNV|BERNCPGDRADLCG|BLQKWEWRZOIORI|FYBYDIARZSHLFJ|IDQUPXZJURZAGF|JGFCDHIJCNLFPY|KHHOUARHSDWEKJ|LBJCQKYBKIAWHJ|LTTQKYMNTNISSZ|NBVTYGIYKCPHQN|OJISWUQNQQWEND|OLARKEMZPWGFJU|REIZDYUGEPBIJP|RXTPBERNZNYWSC|VGSYCWGXBYZLLE|VTNHVQOONVRIJY|WJJBQRNAMWKGNO|XPGSBXDVYMXNBX|YCXRBCHEOFVYEN|ZBXWGKPUSLRPHX|ZGRZULFRVWCUPF|ZZMNWJVJUKMZJY
2e2aa49674754c4c88a1d0c5,riken,CITHEXJVPOWHKC|GSSPKCPIRDPBQE|ONJRISGOJDDBNB|PMVCHAWVCIWVLP|RKUNBYITZUJHSG|SLAWMGMTBGDBFT
2e324530cf60e6febff6c6ea,riken,AJSPSRWWZBBIOR|AQRVLANKVSZHSJ|AZKVWQKMDGGDSV|HRBGONPRSGPFMT|KWRQPASKWCJCPI|LUULUSZGAPNFFC|OIGDMRGUWODKAI|QORFVLSDZGITGP|UEHILKCNLIKLEV|UPADPCUOTDTWHH|WNIHEQITLFEBKU
2e476cb88581f64f9c7e0cd7,riken,BPOPUDQXFXCWAW|CMDLPOPJXJYAMB|HJSUUMKMBHCPEZ
2e4dd8e2d33796bc2257f960,pluskal_ms2,WLZZTYFINARLDO|YZULDDZPZWXGDW
2e4f10ce2a7ec47ae2c8e017,riken,NRPKURNSADTHLJ|RLVCFPDMEANTCJ
2e512f5360b1a1c86978a749,riken,JLYBBRAAICDTIS|NJUXRKMKOFXMRX|QWQSMEDUZQDVLA|VGJOYFZLAIERID|XWMMEBCFHUKHEX|YBCOIJNAMJAFSO
2e534c19b7751e6380836d9d,pluskal_ms2,GZNVOMWIPLIKDM|IAGMYQWCKILWNO
2e53d9151cadfe612cf728fa,msdial+riken,FUOOLUPWFVMBKG|GDFAOVXKHJXLEI
2e5d968d15abc0e6ab40843e,riken,DEMKZLAVQYISIA|INBSFHNHCNZEOY|JVYKIBAJVKEZSQ|JWCDJOWFOVBBCP|KPDOJFFZKAUIOE|PJTYPIGQKDTERS
2e6c49dbcdb21c7bf1feeafe,pluskal_ms2,GXFIQOWIDSZYKM|VSTJLJLYMOOSPZ
2e6c8cc2452810f0bd5980b3,riken,CSWXLMRNEHKSSN|UFCGDBKFOKKVAC|ZPQSCMDVMOBZID
2e745d862abb48e9b8b9e341,riken,BVIAOQMSVZHOJM|JFIHYHJHQKUDKD|KSGGQJQFYBWKMO
2e7ff45afde50d9372b4ffa0,gnps,AIHRWHPASCEREG|NNHPAXDGGSLXOK
2e8ac3539f840b5a9968021a,riken,AIPRNSJTKFPHMW|AOHCBEAZXHZMOR|AYMYWHCQALZEGT|BDXYPHKGNUGUFG|CXBGOBGJHGGWIE|FCCUWKPTCIBKQH|FEIHRQSTXZRGQD|FPECZWKKKKZPPP|HNOSJVWYGXOFRP|ISNDTNDJSXYNKT|IYPYOSNUSXBFTR|JSIGICUAXLIURX|JTLPUINSVFNPLS|KYWSCMDFVARMPN|LHRODNGBSOEBAU|LIHLSLRANKCHLV|MCPFEAJYKIXPQF|NOWZBRLFRHWZOY|OGWKCGZFUXNPDA|OHJWWOZXCKEOGK|QELDJEKNFOQJOY|QHBZHVUGQROELI|QWCNQXNAFCBLLV|ROQZUJKOMJECOM|VTDZPALYKJNMNV|VYIKEBWUZLHWQK|XLHIYUYCSMZCCC|XUHLIQGRKRUKPH|ZJRDCQWLAILQHR
2eaaae26e0d2dec5be975a4a,pluskal_ms2,AWCDYQKWSBGEIU|FVEPDFGUWHLKEB
2eba494257bee2a8e79fcfd7,pluskal_ms2,QABQLDMYSFXIAI|WCTOCHMQEXSMHW
2ecf1dc96d5e479336a3ecc1,riken,BNSKYFUGMLMCLM|WTDHMFBJQJSTMH|YTZSBJLNMIQROD
2ed8dd8bcd055decffc1c983,riken,LTMHDMANZUZIPE|XRDJYSVGPBJZSG
2ed9e1c861bf2f79a3da8773,riken,UZIOUZHBUYLDHW|YURJSTAIMNSZAE
2eed85a4a255ecf72c37396d,riken,ATLJNLYIJOCWJE|KKMPSGJPCCJYRV
2f05f5fe5f21bb514413a719,riken,JKQXZKUSFCKOGQ|MIJYXULNPSFWEK
2f0f8f84a318dc841d69b232,riken,AJJMKDCAQHLJQF|WSBDCEJEINRUML
2f101e26a6ba362ef1674a9e,riken,GRTOGORTSDXSFK|JNRJLCSYIQFLDS|KBMSVODXFLAQNJ|KEOITPILCOILGM|OFEZSBMBBKLLBJ
2f1f1ba9c2261490c35002e6,pluskal_ms2,MPWDGKUNHRRBIV|QHYAHEARBBLIMY
2f3c71c5bd1380f5563ca921,riken,DDDXYRAMQRKPDO|YZNCIXVBVQRGQN
2f5373c87121a0adce5c3620,msdial+riken,UFCLZKMFXSILNL|VLLFEMVDMFTBHG
2f5474eca50ed3acf8983505,riken,DQFZFJHZGAOITN|XFZJEEAOWLFHDH
2f5e248fa0a35817c5fe90ca,riken,DIEUZIPSDUGWLD|GCJWPRRNLSHTRY
2f6197b986cd3fad9bd5cae2,pluskal_ms2,RYFIZTWMSCXECD|UUCAMRNBHPIFAB
2f718ae51c6cb3f0081cd38d,riken,AVXFIVJSCUOFNT|RBXVTEUAOTYIME
2f76695c1c665defb55d8688,riken,PULWZCUZNRVAHT|RFKQJTRWODZPHF
2f85e0df8218f54fed851dcb,riken,AALLCALQGXXWNA|CIUHLXZTZWTVFL|DIEUZIPSDUGWLD|FEZDDYPHEHMXLF|FRMCCTDTYSRUBE|GMTSSMHLANUOGS|IXODJGLAVBPVSW|JPEPPDJNTDNMQL|KTZNZCYTXQYEHT|KYELXPJVGNZIGC|KYFBXCHUXFKMGQ|LMEHVEUFNRJAAV|NRPKURNSADTHLJ|QASFUMOKHFSJGL|RLDVZILFNVRJTL|VCMMYRWIEZCYDK|XUCIJNAGGSZNQT|YOSRLTNUOCHBEA
2f89a45e30b62702dafc01dc,riken,CFKSVMVGALEHAP|IAFBOKYTDSDNHV
2f941b75d0fb8f5fd9c1f4b7,riken,DHJXZSFKLJCHLH|RIPYIJVYDYCPKW|ZVFCKHLBNXUAAD
2f96207d4ee42226d91e6610,riken,IBNHXRKBRQRAPN|NSYZCCDSJNWWJL
2fa7083f50b23d453ffc9d6b,riken,FSNGLHIMQHWTNF|PXJBXRNJLOOPSH|RSTKLPZEZYGQPY|WURLGASLEZVNHV
2fac450bbc7fd0e30b51123e,riken,GDGZMMDZJVKXTP|MBYNDKVOZOAOIS|PHMHDRYYFAYWEG|UZIOUZHBUYLDHW
2fb006d444d7e68fbcd38f3f,riken,CHHNJZWDIWUFAP|CMLFXLQIXVGGKS|DMDBJWPXOHROAS|FHVFUSPXGKLDPN|FIIAPJASQSDOKY|HKODIGSRFALUTA|IUSZMBXMNBITIK|JTYYHSPDVLJFOJ|KVRQGMOSZKPBNS|PLAPMLGJVGLZOV|QVWUTEYXUYBGKO|RHJULGLSOARXMO|SEBIKDIMAPSUBY|UAMJDBHGEBLGGF|XDLBSNLAIQNWON|YUSWMAULDXZHPY|YVCVYCSAAZQOJI
2fbce959507ad9b83e30265f,massbank,VVDXWJOYXVNLLQ|YWWHKOHZGJFMIE
2fc1d26307ac63c7c318ab1d,riken,ATJVZXXHKSYELS|MXXWOMGUGJBKIW|XVOHELPNOXGRBQ
2fc1d418215fde1fe428e8a7,gnps,AKVBCGQVQXPRLD|QWCKQJZIFLGMSD
2fc56b001975cbf6ba56920e,riken,HJSUUMKMBHCPEZ|JNDZMLHNKOCNMX|RDRPORVAKXEYRR
2fd172b0cfc0f560da25e531,pluskal_ms2,JZHCHLNPODFCTL|UTDZENVBQMAAHN
2fe265997aa3f64ab25d5853,riken,AIONOLUJZLIMTK|PWAOOJDMFUQOKB
2feb2fca2c62a3548fa89863,pluskal_ms2,CMUNUTVVOOHQPW|PHIQHXFUZVPYII
2ff1c4044dbe76c7645e26de,riken,BTPYUWOBZFGKAI|CZSBHMFVVLYIQQ|OWMJDOUOHDOUFG|VJEMOEYSQDKAQF|XBRXLXOCHNGHBC
2ff28fc2ddd71b27a5f9e763,msdial+riken,DUEPRVBVGDRKAG|WWROGCAUSKGAMX
30188eba68cf448d2400d59a,pluskal_ms2,GRTAEXYBNGARKQ|KIAZDLSDTVXHQF
3030c8a833181321f667c21a,riken,GOOFZOQDLIMARN|JLPDBLFIVFSOCC
303585dd8fad8c0a630a6693,riken,ALWVJGZIYSIJGR|BWHZPGDZTFVUJN|GLQYFMRUYWFXGT|GOOFZOQDLIMARN|HWKJSYYYURVNQU|KQKIBPHENIYGEF|QMNWISYXSJWHRY|SVHJCTSSYQPWEV|VTRDANCBYRZCRZ|ZVTVWDXRNMHGNY
303646900fc0b8e768be673e,pluskal_ms2,GFCSUTJOAMZKFA|LJSXVUNPOBKHPW
30417b24e9fed96b2bcd90af,pluskal_ms2,BCOCNVVIORAKJD|HDBZZOVINYSWFM
30445fe9e270c99ea23f5c1e,spectraverse,OPUHJXNRXZLPPO|VOEVEGPMRIYYKC
304f370e30132be15e78270f,riken,OXVUXGFZHDKYLS|QWCNQXNAFCBLLV
3063008850c32b030ab06acb,riken,GOOFZOQDLIMARN|KQKIBPHENIYGEF|QMNWISYXSJWHRY|SVHJCTSSYQPWEV|UWKQSNNFCGGAFS|VTRDANCBYRZCRZ
30685ecf9c066267b4422079,riken,BNSKYFUGMLMCLM|QGMUCGXWCKWHRJ|YISCNLZAUIZSOA|YTXIGTCAQNODGD
306bad6eb7b0e79d81919f12,riken,JEKMKNDURXDJAD|NJSAZXBJMATEKS
30839c74c883677dbf41cde2,riken,AJJMKDCAQHLJQF|ATWLFQWAUVXIEG|HGJKGQUGPACAGO|JHUNHTOHTUZTKV|JRAZFLUTTVOOOC|KFYOFJUUTSALEH|LTMHDMANZUZIPE|WOJKRRDDERNLBU
308fc1d964c17d65a947d950,riken,CYFXRGFESOFDNS|XEZVDURJDFGERA
30a2a8a8d0f0ea0582b015e9,riken,DTTPWCNKTMQMTE|RREUTBIFEJAKCA
30acb87787d5362c9504b44d,riken,GVEICTMRUVWSCF|JTYYHSPDVLJFOJ|KONAXQKGWYDUTG|UGHBHGHMKLPTQY
30c12209435d49baac4be1f9,riken,DEMQJEXKIJFBRD|XINFXFISYDXMAU
30c7acd64d0de49620359709,riken,BOPIMTNSYWYZOC|UXDFUVFNIAJEGM
30d1a63e6f97589bef38344d,massbank+riken,BPGBDEHBHGXYDZ|CRSFLLTWRCYNNX|JBDGDEWWOUBZPM|KFVUFODCZDRVSS|PJQLSMYMOKWUJG
30d3c01b00e313ae49141409,riken,AKNILCMFRRDTEY|CNOURESJATUGPN|DBJLNNAUDGIUAE|DQFZFJHZGAOITN|DYOKDAQBNHPJFD|FOINLJRVEBYARJ|GVRNTWSGBWPJGS|HDXIQHTUNGFJIC|IUSZMBXMNBITIK|IWRAOCFRRTWUDF|JLJAVUZBHSLLJL|KKMPSGJPCCJYRV|KKSYAZCUYVRKML|LMEHVEUFNRJAAV|LXOPDILLGIDKLW|NGFMICBWJRZIBI|NJUXRKMKOFXMRX|PUPKKEQDLNREIM|QQBFHNKJGBCSLG|UXVPWKDITRJELA|VJEMOEYSQDKAQF|WBYJYPOPDKQBQJ|WRLXHKDQSQMWSH|ZEASWHWETFMWCV
30f703285ab8c91e0fa22398,riken,ACVGWSKVRYFWRP|FMIMFCRXYXVFTA|KVKRFLVYJLIZFD|PULWRMOKQNWQBD|REZQBEBOWJAQKS|RYHDIBJJJRNDSX
310fa81ad5445ce229fa5fab,riken,LARPFJIXBULVPK|ORHBXUUXSCNDEV|VNONINPVFQTJOC|WCHBFWOEFOZHMK
3112d693a769860220c47f3c,riken,HPSWAEGGWLOOKT|JLYBBRAAICDTIS|KRQDMAXNTWLTDZ|NJUXRKMKOFXMRX|WLNDANGOFVYODW|XCDQFROEGGNAER|XWMMEBCFHUKHEX|YMWRMAOPKNYHMZ
31157783c080a8e8259b1dfa,pluskal_ms2,DVLRECMMOUCAFS|YVCDSSYGGFGHIE
3115bf0733f6da1daea076cd,massbank,DNTSIBUQMRRYIU|GXFRQLQUKBSYQL|RRBMVWQICIXSEO|SBDNJUWAMKYJOX|SMYMJHWAQXWPDB
31188d9d3df262cb39554e17,riken,KEOITPILCOILGM|YCXUCEXEMJPDRZ
311b8141175aeab1e29cf651,riken,GBJKHDVRXAVITG|KFEFLPDKISUVNR|LLMCZIBSELEBMK|NMLUOJBSAYAYEM
31239bf2da9cfca6d61efcec,pluskal_ms2,GTOZLSBCFMDWIZ|IHGVAVLSTPCCJP
3124e559109272ef06c28cc4,pluskal_ms2,ALLUXZBOHPBSOT|PPAYXIXBAQIBAM
3129e43c0650bba60189e9a2,riken,CYJWWQALTIKOAG|PJIXCASIWJDBOT|XYNPYHXGMWJBLV
312ad22875e6b3a8fc0a1b3c,riken,AIGAZQPHXLWMOJ|XAIUTKHLNZBMEG
31330a83fb94f7f673e5cc29,riken,JSLDLCGKZDUQSH|LBQIJVLKGVZRIW
3136edeb7bdcc579df4c8b8f,riken,GRTOGORTSDXSFK|PRQWQWSKFNQAOG
313a97551d62ea659b211d3e,pluskal_ms2,DQXDPHKOEHMQIV|LBKDYFOSBMAOCG
313e24167bd1465670aaab35,riken,DUXXSSRWDJUVQP|JUKFJOYCFLIWIA|QVYRGXJJSLMXQH
313f615b44f1ed90ca28139c,riken,MMJORIFPGDWBAA|UPROOJBJZLZCGS
313fe9ca79a7a0134d10e69f,pluskal_ms2,IJHZYWWUHYHEBJ|IJYIHKVWARMNQZ
314324cd791849339c669bb3,riken,AUCGRWHWAGXNQS|HXWLKAXCQLXHML
31484c1fe43cbea23e4b2913,msdial+riken,MGEVYVDQMTWJNV|ZIOCYJNRYIRTQD|ZROGCCBNZBKLEL
3148e4e1c6326db8f0c2e292,riken,DAXYUDFNWXHGBE|WBYJYPOPDKQBQJ
3150123071149dd698c64978,riken,DKEZDPGUJMMUCC|GGHMUJBZYLPWFD|VXMOIPRQSYFTHI
315b83b2d7554422a081449c,riken,FCEVNJIUIMLVML|GWHCXVQVJPWHRF|JGWQYLZHPPFHEH|SWOVVKGLGOOUKI|XMJAJFVLHDIEHF
316749a137c4f0aab3d60cc6,riken,HNZUNIKWNYHEJJ|ORJVQPIHKOARKV
3169b83e871b7533c60cd4aa,pluskal_ms2,KHPZUSRHGAZJFB|RCCIKUMUURARBT
3170b580f03d026d70862df0,pluskal_ms2,PHCVYXVSUKLYGH|RZNKYAXXVTULOJ
318c2e9c8e08a3c51929317c,pluskal_ms2,RYFIZTWMSCXECD|UUCAMRNBHPIFAB
3199517beeaf47c4dbea8359,pluskal_ms2,ISGYBTOINXAQJG|SKDFIOGACUNWTR
31a34883a9ed635925866da3,riken,KMPWYEUPVWOPIM|RXTPBERNZNYWSC
31a81fc1a42a443b30a1569f,riken,FHKHGNFKBPFJCB|WZAXZHIVHPRTIU
31af339f354bd601f3aedb25,pluskal_ms2,PHCVYXVSUKLYGH|RZNKYAXXVTULOJ
31b1748ab53846a0ca2a2f07,riken,KSZOEOONASRENA|WYDPEADEZMZKNM
31b26a4252fab980bd03f24a,riken,JLJAVUZBHSLLJL|KKJYIHSXTUGJLP|LKMNXYDUQXAUCZ|OAIJSZIZWZSQBC|ULSUXBXHSYSGDT
31b2cebf04c6472e6c2578b3,pluskal_ms2,BTYBIJYFDWWGQO|HOJZUWVUVKPLJU
31b5f94ac90f33672bda328e,riken,FPUXKXIZEIDQKW|IAEZLXLDZBZQPU
31b973e86dd8b9fec9384bdb,pluskal_ms2,AFZNMIWQLZFBKP|GJDZZCAMKXIUQV
31bb2598cdf8f464738bb9fd,riken,DSVMWGREWREVQQ|YKJXWYJDQVADMO
31c075e3954da762ecb4b7db,pluskal_ms2,LWZDCFBWESPALX|PGBRWDIOAWHWOX
31c81eec69d64246ce1246d7,pluskal_ms2,APXYIRKYNXGLTG|OLGWUYGDVHZZQD
31cee719fd1b93ea62167874,pluskal_ms2,GXOIDTTXZUMBPM|HTFUIYOLZFXOMK
31cf4936b76c0e79f0fe93d4,riken,AZIGQTILUNTIQH|DFBIRQPKNDILPW
31d85d4d2b64074226311d44,riken,DTNSOISBYQKHCS|IPQKDIRUZHOIOM|KVKRFLVYJLIZFD
31eb79c10862ee7d4130684d,pluskal_ms2,DAAGOCSHXCDWDY|OQALFHMKVSJFRR
31eef627ee04e0139ad4d9bd,riken,AEDDIBAIWPIIBD|XSLKAKROJKMHIT
31f233ac4a6eaa255fb65deb,riken,AFEVCSJFNQWWDF|GFPLPBCJRRNZHM
31f7339fdf365220f17ca53b,riken,AGBCLJAHARWNLA|GHBNZZJYBXQAHG|WPPPFZJNKLMYBW|YRCWQPVGYLYSOX
31fe13ba958c0805e648a46f,pluskal_ms2,GJJUCNKPFCXAOS|XMKBWMNDONVUSR
32153cc002d795454dbfd811,pluskal_ms2,MOBHZGQOOXHJFE|RZWORNXENDEBFF
3217f286e01d36c5266d1c99,riken,ALUBZGFIRHMLEY|WRVNQOQBAGEAIM
322036f7f086eef143aa548e,riken,NEQGOKAKPXXESR|QKQLSQLKXBHUSO|REZQBEBOWJAQKS
32261c31ad4ce831f9cd5b7f,pluskal_ms2,JJHPLYGNPBYYJU|WPCVTMLILSCELL
3227c78d3a93daf3df5f8e19,pluskal_ms2,JPWHBACOLDQDLV|SWSAOHQFTLUUDS
323b72c61f90494bd89e0de5,gnps+massbank,ALYNCZNDIQEVRV|ONWXNHPOAGOMTG
323b91536c49689eb4265dee,pluskal_ms2,DMBDSVAUFNAKHL|OBUJQPRMTVEICT
325326a684695e9d54cfd5e0,pluskal_ms2,IJEBDOXEOQAYMU|RWRQKEULWOCFAP
326e6251d1813071e765d15a,riken,LTMHDMANZUZIPE|ZKUCDSCKSARUCE
3272792b2bf8c8aa6396974a,riken,IWQURBSTAIRNAE|UXGMXDXDOQAYAD
3272ba7859eff72f56fb7155,pluskal_ms2,NHCTVQJSTWXMPT|WSZNMVQDFFEQCM
327c9a0bc2e07eb1dbd87cec,pluskal_ms2,PQSUWWHLOPXHBE|XMFISXJBZQTOEQ
3281d9c34952dbb556aec72e,riken,BQPRWZCEKZLBHL|HUJXHFRXWWGYQH|UHDGCWIWMRVCDJ|XDROKJSWHURZGO|YABIJLLNNFURIJ
328d850e9be13fc6a97359f1,pluskal_ms2,CXDFOJFHXOHFPC|FNFVFFALESRXAL
328f946fc6452a3e8f46e04e,riken,WFRQIKSNAYYUJZ|YMGFTDKNIWPMGF
32a904c1acda0674c77db429,riken,ODSSDTBFHAYYMD|VWDLOXMZIGUBKM
32ba0712d413c97ee056454a,riken,GHBNZZJYBXQAHG|RCTKRNCKOYYRIO
32c06f82e78d60b575880b9c,gnps,HSKAZIJJKRAJAV|LHWFDNGVDKNZDS|NFSKEXQRNDSSAN|NVXFXLSOGLFXKQ|RBQOQRRFDPXAGN|ULDZFCNXQRYRSI|VBCFJVBOSPSNFX|XASIMHXSUQUHLV|ZWSGDJAGORTQMX
32c5a64647c76f069964ff08,riken,AALLCALQGXXWNA|GCJWPRRNLSHTRY|KVAQLXUMUVEKGR|NGFMICBWJRZIBI|NRPKURNSADTHLJ|QWNQZWRFKIHTPL|RLVCFPDMEANTCJ|XJIPREFALCDWRQ|YKOPWPOFWMYZJZ|ZPFRAPVRYLGYEC
32cc5881e207ea302729fcdd,pluskal_ms2,CYWOBNOOZHGRNB|YSXVPHOARQUKAR
32da8301b56b23dab2fa992a,riken,DDDXYRAMQRKPDO|GXAHUZMCACKPFI|JWINIHBXRZXFKL|OWMJDOUOHDOUFG|UJZQBMQZMKFSRV|YRCWQPVGYLYSOX
32e123bc2be724fa437bb568,riken,PWMWFOWSRFRPQK|VJZKQVOURLBNBU
32e4553708f208f717a46d3b,riken,GOXOEVJSIJVLMD|VOBOQLHWHJWFCX
32e810fb905309e420ad87b0,pluskal_ms2,AGAAPCKBMLBWNN|SPYJSKIQMYRHCV
32e8a78c453c0ce493501199,riken,JANBLZHPNGBWAO|YESSRGNVIMVBNT
32eb52a466be3f02c40b89b1,pluskal_ms2,KGVFDGQLEUSHLJ|YLHQKKNDZBJXHR
32eb8a5db3f12abc5e3be700,riken,FYHCRNQGYSHQEP|VCMIRXRRQJNZJT
32eda5e14402442bbc8c0c90,riken,ANKZXIMZBGQTDU|AXPKCHVXKOSJDD|NGROIZSHBGXMTB|POCJVFDFEBOVMF
32f24ee9936716cb57adf77d,massbank,CXGONMQFMIYUJR|SNGREZUHAYWORS
32f3a2ae2b2f0693db619a9b,riken,ODSSDTBFHAYYMD|QJCKSTTYTCSITQ
32fbb0efd557e46bc8317b9e,pluskal_ms2,OQRHZAAKVGLWAJ|WAMDKICNFZXPIA
33049745456bd76f0ddc9fa5,pluskal_ms2,JBOVBXYGAKERSW|LAHJEFIOWWSNMI
331be4dffdb58775d3d01576,riken,AXGFSTYXXKOHOV|IAONIGCHXNWXRN|NQXYVTIQDNOHFM|NSYZCCDSJNWWJL|PZEAYKDDQCGSQU|RAMDNIOVZOWWAL|WVRAIABMMRFVCC
331ce251fc75c9e75c20be1f,riken,KIZBWUUJNJEYCM|XMJAJFVLHDIEHF
33216bce6cc8ec9f548d97ef,riken,IMQLKJBTEOYOSI|MDWIGGAVQHTZTG|QHZLMUACJMDIAE|YXHDXNPMHKHRAN
3328f47339b20cb46685b14a,riken,RMRJXGBAOAMLHD|UXDFUVFNIAJEGM
3341185719c66cc816b89988,riken,RTNZWGMBYCVCPK|TZRVSGRFVXORLD
3341d632db5a8110d6cbbfd3,pluskal_ms2,RADRBZBLNXVQEU|VGGGPCQERPFHOB
334471eb1f1688faab292934,riken,FOINLJRVEBYARJ|RAKJVIPCCGXHHS|RSZDAYHEZSRVHS|XYPWCJWXFYYGPA|YQUVCSBJEUQKSH
3347199d118a80cf6307eb32,riken,CVAVMIODJQHEEH|DWCCVUBESGIKQL|FPJQGFLUORYYPE|FXUVJKGSDBTXTJ|LCAZOMIGFDQMNC|LLEMSCWAKNQHHA|OLZAGZCCJJBKNZ|PVLHOJXLNBFHDX|RGOVYLWUIBMPGK|VDGOFNMYZYBUDT
3355aae3b3bc215ce0ea8661,pluskal_ms2,ITOJSSZNFNNLGQ|UVAHMTDZARCXIG
33610a87676118dc8b3dc347,riken,AALLCALQGXXWNA|QWNQZWRFKIHTPL
33664a39d5376251aba1a3e6,riken,LNOHXHDWGCMVCO|ZBXWGKPUSLRPHX
3379c48e997a4b12e92a9cb9,riken,HAWSQZCWOQZXHI|YDQWDHRMZQUTBA
337e230dc7164b0e15539cd2,gnps+massbank,FCOAHACKGGIURQ|IPASVSRDRRKZCQ|XIKIUQUXDNHBFR
338712fb7993b9ce04a662a0,pluskal_ms2,ACCFLVVUVBJNGT|UQTPDWDAYHAZNT
338b1fa2d41d6604791b8525,riken,HELXLJCILKEWJH|SMZYCXAYGPGYRS|UEDUENGHJMELGK
338dce87509ee254773c039a,pluskal_ms2,JIBONGVQKPOURC|SPHBZHTVZISMDQ
338deafaef2047d580f0f7a4,riken,DBMJZOMNXBSRED|MGJLSBDCWOSMHL|UYXBVRMASFBLKM|YLTPWCZXKJSORQ
3393c6f6451a63e1ac215d14,riken,KWBPKUMWVXUSCA|OZBAVEKZGSOMOJ
339d0c8fd36ecf84f4607331,riken,BLUAFEHZUWYNDE|CITHEXJVPOWHKC|GSSPKCPIRDPBQE|KMCZIPGKKBSLEX|QVCMHGGNRFRMAD|UWKQSNNFCGGAFS
33cb611ef909e57e22f3fb46,riken,ATWLFQWAUVXIEG|REZQBEBOWJAQKS
33d8d50220406fc5a9ee625a,riken,AEQDJSLRWYMAQI|DRTQHJPVMGBUCF
33f1f48efb25583de9c08699,pluskal_ms2,KOJNQFFODPLEAZ|ZTNKAWJJXPYVLP
3402c3ce8344484356bf95d3,pluskal_ms2,FEKZKIZUNAXBLO|IKKHMJLRUJIZHA
3411243eba8edd3f1fd51634,riken,IECPWNUMDGFDKC|LMBHKAWZFQGFAN
3413a69cd5a60703600d9700,riken,RNXZPKOEJUFJON|WZUVPPKBWHMQCE
342e125e5fa21351f3f576fb,pluskal_ms2,ADPBWRONXXWBJX|PZZYVYJTEQDIRL
342f39bff65d79b517d2d85e,pluskal_ms2,KADNASLNEZLISD|ORSCGZFGPRIFNA
34330017fab4d4145cb2f7c5,massbank+riken,MTDOAVVZGREVBQ|NVRUMGAPYRSOQF
345c1ea9795c79362c3234fe,riken,IMKJGXCIJJXALX|ZXAGLUIVEUDJAR
34678abb4feb9e9a1c8e366e,riken,AYWNHWGQTMCQIV|BJRNKVDFDLYUGJ|RFKQJTRWODZPHF|XOXYHGOIRWABTC
3468c521ad741713dc5be8db,pluskal_ms2,KRCOMOOXOZSNAJ|XNAWUDONOGZGEH
346d9998fe01bed6926669a1,pluskal_ms2,FEKZKIZUNAXBLO|IKKHMJLRUJIZHA
34857ccd6037b3d1396b140a,pluskal_ms2,IBWGYBLOTXJRTJ|WTABTGPEIIWEOZ
348dc4398756bfcc8d9dfd4d,riken,OAIJSZIZWZSQBC|PJQLSMYMOKWUJG
34b39a30ed5f7e698b723722,riken,AEDDIBAIWPIIBD|AMXYFWUYMQOLRN|BDIHZBORJCSTHA|KGGGRGBDMBZXKF|MUVGVMUWMAGNSY|NYSZJNUIVUBQMM|VZRKWGPIZJDNHC|XCUCMLUTCAKSOZ|XRDJYSVGPBJZSG
34b54f5eb604b58f846cc360,riken,AMOGMTLMADGEOQ|CULUKMPMGVXCEI
34bcfb541c370310d8af90f3,riken,OAPPEBNXKAKQGS|POVCYOFRCMBMKD|PYXFVCFISTUSOO
34d3890b56f3c4302a02e02d,riken,FMGSKLZLMKYGDP|ZVXWFPTVHBWJOU
34eb3d110a68fa577d9cdd37,pluskal_ms2,MVKYOLZBOLVKTI|YRTWPPFYURYSSC
34eda07c3d07c0814703ebfa,pluskal_ms2,BXSWNEVPGYRLEF|MTIQGFJEGKOVQK
34f62a16ec8c7d46be0b197d,pluskal_ms2,ISIBDMAKFALNIA|XZDXDZZLTQXFNU
350bdc705fb2218b53b0cb52,pluskal_ms2,MRBLOPXEGFQOSP|QJHOCPAGUHZUDH
35102cd4d192023a765ba7d3,riken,BWHZPGDZTFVUJN|GLQYFMRUYWFXGT|ZVTVWDXRNMHGNY
3515478a9b09d0df89e7c7f1,msdial+riken,KHWKLNXMSVVKCH|URFCJEUYXNAHFI
3516bf700d8f47ebd3390a8d,riken,AJUACYVEKRAXEB|JMFRWRFFLBVWSI|JYGAZEJXUVDYHI
3525a8ca02990e3c3d306766,riken,LKZDFKLGDGSGEO|XCUCMLUTCAKSOZ
3530b9d782bdefe2de19de6c,pluskal_ms2,MFQSVEIGELLNCR|WBGCLWQQDKRSMJ
3542a40318d4548a0e46f1f4,pluskal_ms2,ICBUCAMTLOPSQP|MBGZTKCRLRLDSL
354361a132d476480d84e960,riken,ATJVZXXHKSYELS|BWCNWXLKMWWVBT|CNNRPFQICPFDPO|DAXYUDFNWXHGBE|FBMORZZOJSDNRQ|KXHCYYSIAXMSPA|MXXWOMGUGJBKIW|PHDZNMWTZQPAEW|SLAWMGMTBGDBFT|UWQXJCZFCNIUHA|XMJAJFVLHDIEHF|XYYAFLHHHZVPRN|YJWLCIANOBCQGW
3548a31b1cf8bcc8e9504192,riken,BWLUMTFWVZZZND|UUFAJPMQSFXDFR
355d9dbea8cb6db66a67286d,pluskal_ms2,DJKRODZZJZNBHP|ZPHVBUQWCQILNB
356244eaf24731a287f0e3f1,pluskal_ms2,BBMIVYSZKOFQRF|TXHLMNLRIQPPAP
35655b9cb43f4bdd1c117395,riken,JKWDWVGZUYPALT|JPJDIOVDAAVUNF|LMBHKAWZFQGFAN|MIROITGPMGDCGI|MOIJAHWAZFJXSM|MXGAOIRJBACCEY|OFSZOCPGPLMCBG|ZPIVVUOUQNSWHD|ZZXJOMSIUOUAHV
3565981e2c6a8e4bf4eb8117,pluskal_ms2,PIUJUNVLYQQMDL|UYKSDDCKLQPYOZ
3567a197c40b857f1b9809a5,riken,CNNXMGXBAZQZDE|DOFJNFPSMUCECH|KRZBCHWVBQOTNZ|KZNIFHPLKGYRTM|RODXRVNMMDRFIK|RSDDHGSKLOSQFK|UKMSUNONTOPOIO
357a373a7ada2bb2fc40bd98,riken,NAIXCRGIEGDRIQ|NMLOPXSNELFOLK
357dae0d7e70bcd26a14a588,riken,GSTCPEBQYSOEHV|JQBOIGWHYPDAGZ|JUKFJOYCFLIWIA|JXLYSJRDGCGARV
3581a938bdcdb7c3aeec3f49,massbank+riken,SCCDDNKJYDZXMM|WSXZMNZWXLNIPA|XRGWZIGGCNSFRY
358ce3ab62213b050862f468,pluskal_ms2,LHXHWXOZMWMRIT|RQHFFTJESXCIFW
359fff63e0c100d01dc5b2dc,pluskal_ms2,AWCDYQKWSBGEIU|FVEPDFGUWHLKEB
35adc7824518d89bb91f1243,massbank+msdial+riken,AHLPHDHHMVZTML|HDFGOPSGAURCEO
35b1186ffabefeec39b7aed7,riken,KFJNVVJUICKJEQ|OKBOILMPCQJRQY|XLTFNNCXVBYBSX
35c56280bfa6fb0f463acbbe,pluskal_ms2,SIVKHOSFHOJITQ|YFISZQQDGWSXEE
35c58a5c0f74994123c629a6,pluskal_ms2,CMUNUTVVOOHQPW|PHIQHXFUZVPYII
35cbc4f5bb42224f79ccf4aa,riken,OHDJGUWKOIBIKY|RPYHJEFMMXMMHG
35ccfacb4a24d13100853a2c,pluskal_ms2,SXBBJBBFQDMDCF|XSSBUKKXZXENOU
35cde68e73708f31d44cffe0,riken,HAKLHHOBRHFKAB|HYHJBGSBEDXNHF|NKTORRNHKYVXSU
35d338d20a9d90f557ce666b,msdial+riken,BTXYOFGSUFEOLA|ONIBWKKTOPOVIA
35d7f53b04f2becb59ffe89c,riken,NTSAVLDATFYUQZ|YSOBQIMODQOGKQ
35e2fa4cafc30482e08ca690,spectraverse,XUDGAAFUMTTZCO|XZZSYDYWLNENCT
35f5ad906dddca3e2cde393d,pluskal_ms2,COSQDNGTNHDQEO|XIAAZSQJIDOGHX
35fd9c39eca72c8559b0c15b,riken,BAAYOQMJSFDMKV|UORKJWHZGSSNRL|UWHUTZOCTZJUKC
360e80503db15bf87f8de1e5,gnps,VWWQXMAJTJZDQX|YPZRHBJKEMOYQH
36157268236cceca6a81d91d,riken,XIROXSOOOAZHLL|ZFNQFXDDQAEAFI
3616b39cabf196e8daefe610,riken,FZAGOOYMTPGPGF|JJURGRVZASRDDE
36261b0e6a4e5bcbaa16f927,pluskal_ms2,HLVMFYYHDCYEJN|ZIVPFRGMWMFDPI
36271d155fc56e5b6cb88d42,riken,QBILRDAMJUPXCX|UVLDARVNLRWGBB
364095fc5ab53c1a0e9a1dd2,pluskal_ms2,AANLHOVYRNPCCG|OIHXHHOMMLHVNS
3646ffb3a9cce7c0d629d31e,pluskal_ms2,BNRJQSFLRQUAIH|YYXKGGZPCAXLIY
36480096de77b68a94a6c39f,riken,DAXYUDFNWXHGBE|MLGPKWUKOQAAGI
365ce3045ae898ac5f6020c3,riken,FDRQPMVGJOQVTL|LSHVYAFMTMFKBA|PEFASEPMJYRQBW
367af9ba9fab855b990faf1a,riken,AZKVWQKMDGGDSV|ZCCUUQDIBDJBTK
368470ca80304b6e4d91267b,msdial+riken,FJLBFSROUSIWMA|YLHIVIHHVKLKEI
3691fd6dc41b8021b8c134b9,riken,VJJPUSNTGOMMGY|XCDQFROEGGNAER
36969936262cf8523bf6d4ca,pluskal_ms2,NBFMCUOOMUNSMA|UAVWENCESKIYIK
369b6a552de8b164d3352649,riken,BKIACVAZUKISOR|LSHVYAFMTMFKBA|NULBHTHMVOCGOE|QGMUCGXWCKWHRJ|SEBIKDIMAPSUBY|SGNBVLSWZMBQTH|ZJDOESGVOWAULF
36a119b21acb4e43c3700528,riken,GXLUGCOZQDLXAJ|YUSWMAULDXZHPY
36a77eae7e26dd6fa99d5726,riken,IYCPMVXIUPYNHI|SGTCGCCQZOUMJJ|YJWLCIANOBCQGW
36c07036e08e63204bae900f,riken,JPMYFOBNRRGFNO|WTBZNVRBNJWSPF
36c115182ed0648d758bbb38,riken,AALLCALQGXXWNA|NLOAQXKIIGTTRE
36c6008a0fd592c2d743d5cc,riken,DQYACEDUQHWXQZ|GXLUGCOZQDLXAJ
36ce35db9dbbcca286802cc8,riken,BNMGUJRJUUDLHW|KWRQPASKWCJCPI
36ceb46ed7c60e03ca98d4ab,riken,DEMQJEXKIJFBRD|SEBFKMXJBCUCAI
36d0117a7c674e62697b2958,riken,CXVOPJQBVVUOTC|KESBUZBXJMXUNA|NNRLQJLRICHBII|OFSZOCPGPLMCBG
36d93c2d91dbd078e303f341,riken,GCJWPRRNLSHTRY|JYEDISZKFNNREA
36e1731fe20586a939117ed9,riken,JRAZFLUTTVOOOC|NNOQXTZBOCAPIN|WMEBIWWUBWHAOJ|ZPQSCMDVMOBZID
36e99f8709454952030d11d3,massbank+msdial+riken,DPWPWRLQFGFJFI|ZIYVHBGGAOATLY
36f23aba084276f090178551,riken,QLJNETOQFQXTLI|XVPVVWNZAJAPLF
36f4faf9ca5d706d9e39fae9,pluskal_ms2,KRCOMOOXOZSNAJ|XNAWUDONOGZGEH
36fcacd88cabcc7d79de5ff9,riken,DFBIRQPKNDILPW|DSVMWGREWREVQQ|PCWTUTJLXXOQPR
3700b3f3047797509a2e4ad7,massbank,OSUCQKNXQBPLDG|RAUWPNXIALNKQM|ZXVONLUNISGICL
370146be6f1703f3d2d8e8b0,pluskal_ms2,MVKYOLZBOLVKTI|YRTWPPFYURYSSC
37057e7a9124c7c507eb40c7,pluskal_ms2,AVKUERGKIZMTKX|OFBIFZUFASYYRE
371238b258db45f4909b7bd9,pluskal_ms2,FEKZKIZUNAXBLO|IKKHMJLRUJIZHA
3726cec1f2f56c4861fba5a8,riken,FQTLCLSUCSAZDY|LDJDMENPMPQEFY
3741105dbcd5a59ecd1f2502,riken,BKGUPIVDQHHVMV|ZNXDFTKQSCEJGE
3748257c63d6b971c854033a,msdial+riken,TXCYPEWFETYPBN|VLHOVPZUSXEINR
3758ab596366e6cbf8cd0b48,massbank+mona,GZAJOEGTZDUSKS|ZMZQVAUJTDKQGE
3760c76e1a3fed55481fe376,riken,AZKVWQKMDGGDSV|TZAAYUCUPIYQBR
37617856f9d9d66d9c40e6b5,pluskal_ms2,JBPUTKVOSWJTTD|UEXJCBSEXADJCE
376977e6b9f38e11e4c52105,pluskal_ms2,HHWABXGAQNCVFW|OZVZMPDVUMTGKV
3778ef2df679c59c80180201,riken,DEYFVOXDNWADAV|ZROGCCBNZBKLEL
377ce6df11bde7a6958e3cbb,riken,IMPWMPCRAJNBMS|KQGDHYQRJRGMDG
37953395b1ca8e1fe41bf2d8,riken,ACVGWSKVRYFWRP|CXSXBHMYYCPTHP|HGJXAVROWQLCTP|HJEXOQUMFMERIM|KVKRFLVYJLIZFD|PULWRMOKQNWQBD|REZQBEBOWJAQKS|WWVZUDKBWRFNRY
37997b24830851ad8ec0966a,riken,ONJRISGOJDDBNB|SWOVVKGLGOOUKI
379a4aebd7248934573d7bb8,msdial+riken,CTJZWFCPUDPLME|NODILNFGTFIURN|XLGNZQXMDVSKOV
379a611a464daacfddc06f2b,pluskal_ms2,NNWHUJCUHAELCL|UQVKZNNCIHJZLS
379d5de76b4319fe633187e9,riken,AGABNGOXUSXQDD|ITDOFWOJEDZPCF|LTTQKYMNTNISSZ
37a6b01e397f79dc18b10105,pluskal_ms2,MYRYGQYFYQIWAD|NHPNPGRWUFENKK
37b1a36ee73507b19e21494f,riken,IQPNAANSBPBGFQ|QMQIQBOGXYYATH|RNKMOGIPOMVCHO
37b1b3ded1441c79dfa1defe,msdial+riken,SDEURMLKLAEUAY|YAMUFBLWGFFICM
37c3e9511e45b2349b30da34,pluskal_ms2,FJINFEYFWRSHHD|IBHWHGVQKKGSCA
37d72a1a654635e4d8039423,pluskal_ms2,JUUDNBKOOJEVBA|UTKXNPBRSKXJEW
37d976ccc12f051ab7b809cc,riken,HEURTYMJWQPWNN|KHUVRRVIZOSFTI
37de0d6f7276b624608c03c1,pluskal_ms2,CNXFTPKHMABMBC|GXFWCFLWFXJYCX
37e76cdc471f84da98a2fa19,pluskal_ms2,LSHJBSNZCVJLHC|RCXHLQWLYVOCAO
37ee569e2edb402bb9c97db3,riken,HVYWMOMLDIMFJA|JPMYFOBNRRGFNO|NXJCRELRQHZBQA
37f4f7938c60b3ac3d13cf98,riken,SFLMUHDGSQZDOW|ZYEMGPIYFIJGTP
37f518c621eebadbfb22f5a8,riken,CCRXMHCQWYVXTE|CIUHLXZTZWTVFL|FRMCCTDTYSRUBE|GCJWPRRNLSHTRY|GMTSSMHLANUOGS|GZSOSUNBTXMUFQ|HHQJBWYXBWOFJY|IXODJGLAVBPVSW|JPEPPDJNTDNMQL|JYEDISZKFNNREA|KTZNZCYTXQYEHT|KVAQLXUMUVEKGR|KYELXPJVGNZIGC|KYFBXCHUXFKMGQ|NRPKURNSADTHLJ|QASFUMOKHFSJGL|RLDVZILFNVRJTL|VCMMYRWIEZCYDK|XUCIJNAGGSZNQT|YOSRLTNUOCHBEA|ZPFRAPVRYLGYEC
37f99e7bc3ab6b7f57953318,msdial+riken,DUMQPTRUYCCSEZ|RWSXRVCMGQZWBV
37fbf54bea914d4ccf447f5a,riken,KLMZPLYXGZZBCX|LLMCZIBSELEBMK|MIKUYHXYGGJMLM|RSAIVLRELNGZEY
38011607435050aa33f3e4d1,riken,LHGNBKKPEPCPCT|OCZZCFAOOWZSRX|ZXAGLUIVEUDJAR
380e98813088fc9fe5c63638,pluskal_ms2,MDSTUZJSRWNHAR|SQFVGVQJQQHFIE
381e312adf227cac114680cd,riken,DNRRQUCJUWPRKS|IAONIGCHXNWXRN|IEFRVMKLIFGNMU|PORLQGCIBQPFNX|WVRAIABMMRFVCC|YFPMXVUCUHZMPA|ZKLSVVSNZGPHRI
381ec047a0f828a4ef7ebde4,riken,JXCIHLUSRQSSRY|KLXHCGFNNUQTEY|VJILFEGOWCJNIK|WTLLIAVPAMWKOT
3820d797f196d17f79b5fa92,riken,VDGOFNMYZYBUDT|XPMQJVHMFLZDSA
38308ce721f321618d54cbb5,riken,ALPSEMFPAVSKJO|APPXYONGBIXGRO|FEQSYBHDHIPRKS|MHGKDTTXFHUGAY
3831624366b48914b97aab62,riken,MRIAQLRQZPPODS|NODILNFGTFIURN
3838dedefc9f00a90763cdaf,msdial+riken,NQTHUXPTRCFUQT|YPHRNWDOWQQWOC
384c178684ff5db3ec466554,pluskal_ms2,GNHNRASZHPLFHL|PAFIXKQJMGFWKU
384f506b1818d50a6b8e613a,riken,QERHBVOJJKVACB|UEXLXEOCAYUYCI
38525b72b6a10093d91cc4dd,riken,FJGOEBQRHWKKJH|JLPDBLFIVFSOCC|OHVJCFZJKPEJRL|WYKUTTFFZMQCGO|YISCNLZAUIZSOA
3853dbaf0ffda860fd39a658,pluskal_ms2,BNWOSCGZGKVWJU|QGDQWSUJMRTUGB
386025c4a428378d3fbbad41,riken,APTNOIWSCDBIAS|JMBINOWGIHWPJI|PJQLSMYMOKWUJG
38614ab41a3f480636adc50c,riken,BERNCPGDRADLCG|XRWQBDJPMXRDOQ
3864ee49c81a6c02a2a3af4f,riken,KHWKLNXMSVVKCH|KLXHCGFNNUQTEY|RAYQKHLZHPFYEJ
38667d3ec6fcb91bec22c37a,riken,FTVWIRXFELQLPI|OBEHELRBTWMPHI
38679762bca34f21cf5c2496,riken,CXSXBHMYYCPTHP|KVKRFLVYJLIZFD|WFRQIKSNAYYUJZ|XYHOBCMEDLZUMP|YMGFTDKNIWPMGF
38682452e3920250d2feac63,riken,FLLNNFLVVBJTDW|UWQYBLOHTQWSQD
386c35285259fce8499cc78f,pluskal_ms2,IFQGGAHTPJSUOS|NBEYHLRJNTUBRR
386fa9e1ee90bd705d809360,riken,LSHVYAFMTMFKBA|QCQGNTXXPCJRFZ
387d89f954ef996c7096c438,riken,ALPSEMFPAVSKJO|ATEFPOUAMCWAQS|AXPKCHVXKOSJDD|BNMGUJRJUUDLHW|BUBVKRMIMSPLND|BVMVRPVYRJQROP|CUJYYVNWNPLKFR|DNRRQUCJUWPRKS|DQYACEDUQHWXQZ|DSGCKNJWFRMMHJ|FCCUWKPTCIBKQH|FIGCRSATKGRFOH|FPNIDMZXMYSHOX|GPHUERASPIVMNY|GWDFJIBHVSYXQL|HVYWMOMLDIMFJA|JKCJSQKIASUTKA|JRAZFLUTTVOOOC|JRHMMVBOTXEHGJ|JTLPUINSVFNPLS|KILZIJKCZIGLFJ|KJNAEXDMQJHQJL|KONAXQKGWYDUTG|KQJOTRBNSBFLSW|LPVOPZMNIAIRJY|MQYXUWHLBZFQQO|NIYIYLBOTBYWCY|PAXNVPZJVMRVBU|PORLQGCIBQPFNX|PZZRDJXEMZMZFD|QIJQOXKBKYUQGM|SLRUNSWMCGKKPV|SYJCVRHCBPLGHM|UFUVJROSOIXJGR|UTMFIKFVXBHDRL|VRSRXLJTYQVOHC|VTNZLQTUEWINQW|WKBWYWJYOAONEI|WNGVOVVMNRIJOX|WQLVFSAGQJTQCK|WRJSPKBWGMBBSI|WZOBJNOPFAHZTE|XVPVVWNZAJAPLF|YIIKPFWLWYKDPH|YISCNLZAUIZSOA|YMCYJIJWKFYPMN|ZBXWGKPUSLRPHX|ZHOMOKSXIMUJFE|ZOLVWZHOOPFGPM|ZYGHJZDHTFUPRJ
388a55b80b3e7740aff89c6c,gnps,BHLXTPHDSZUFHR|RSXGUJLKWYUPMC
3893cc88413670ac56268f9d,riken,AMBQHHVBBHTQBF|FEWJPZIEWOKRBE|GVJHHUAWPYXKBD|IECPWNUMDGFDKC|IMQLKJBTEOYOSI|IZODPOCIKVLNIL|KFFCKOBAHMGTMW|KISYRRMFQYIIFQ|KYQZWONCHDNPDP|KZLDMAIXPXOZCX|LRRDDWMXYOSKIC|LTMHDMANZUZIPE|NFZYDZXHKFHPGA|PYXFVCFISTUSOO|RJWJHRPNHPHBRN|TUGWPJJTQNLKCL|UEDUENGHJMELGK|VGJOYFZLAIERID|VRDCOPNSCZLBLD|WMBWREPUVVBILR|XFFOMNJIDRDDLQ|YBCNXCRZPWQOBR|YSXNEFJASLJGTK|ZDZSFWLPCFRASW
389fbd31f2cc26f1fa583ec3,riken,CEBXXEKPIIDJHL|IMKJGXCIJJXALX|UFHDLEVLWORPKO
38aa7eca14fb3c76942d12bc,riken,WWVZUDKBWRFNRY|XUARCIYIVXVTAE|YMGFTDKNIWPMGF
38b85f7ba2a07937a8643308,pluskal_ms2,BCTBGFHJDISZRS|IPNMFOJKUXTWCG
38d52eef81edca494365748a,pluskal_ms2,AQDZYCQXYSAVHC|ZWUYKLCNJVTMLO
38dd01d13de64a7018f999d0,pluskal_ms2,ADRVHQUIMACBAD|ZTAWAXPOIPKSNV
38e74cffd4be0cd7dd0fbf21,riken,UQCUBQIHIKJPHI|ZMXKPCHQLHYTHY
38f59abef3a1b01b2fe42fa1,riken,KHSCYOFDKADJDJ|NJSAZXBJMATEKS
38fd5fc3725f666db7f08957,riken,DXPPUWBUOSSSAV|FVWJYYTZTCVBKE|LMBHKAWZFQGFAN|MOIJAHWAZFJXSM|QBDHHZLEIBPNSS
3901a18563c9506a91c14406,massbank,CVHZOJJKTDOEJC|GHOKWGTUZJEAQD
390c8be233ace3fbcdbee4eb,riken,JNARJHDJLSPXGM|UGRTULRMPFVUBH
390cd961d05809a68c5f293d,pluskal_ms2,SSMCNUGKNFSYFI|WJXDFYJPIUSOMT
391867c666f7c9caa192e7d5,riken,GBADBFAXAWZGHM|LWCKQMHMTSRRAA
3919c65858f3aadd60d454e4,pluskal_ms2,ADPBWRONXXWBJX|PZZYVYJTEQDIRL
391f95f0d734ba43ba43b59d,massbank+msdial+riken,CQOVPNPJLQNMDC|ZZIALNLLNHEQPJ
39247c5b53e33615b0587b03,pluskal_ms2,VWUJQDWWRNTUKR|ZRLFBILQZFATFI
3935ca7e342d176e6f60916c,riken,PGLIMMMHQDNVRS|SDHTXBWLVGWJFT
394e377b0a4da663d7845f3d,pluskal_ms2,VHNBSWKVDGABEV|ZUXLIBRTWRBKLQ
3965f2af6be7c2f1a317e8bf,riken,CNNRPFQICPFDPO|LDJDMENPMPQEFY
396ded64a89a61e8bdb3ae6e,riken,PAYRUJLWNCNPSJ|ZMCHBSMFKQYNKA
39751a8fdd608c2b40c47d01,riken,RAJWOBJTTGJROA|VUOFIHCZMOIBFY
3977fa287eee76a29c2df51e,riken,RSAIVLRELNGZEY|VKJLHZZPVLQJKG
398235206e4e592c0f968787,riken,GHCZYXUOYFOXIP|PXGWEUQZDRUMRE
39889feed1fd5248eee9fd16,riken,GOOFZOQDLIMARN|JLPDBLFIVFSOCC|KQKIBPHENIYGEF|KRVIIMWSCXORIQ|RTNZWGMBYCVCPK|VTRDANCBYRZCRZ|XVPVVWNZAJAPLF
398a54013d6f5020f97d0eb0,pluskal_ms2,GJJUCNKPFCXAOS|XMKBWMNDONVUSR
399363797761c9305ffee7bd,riken,KPEBLJUVHUTNCC|POVCYOFRCMBMKD|RZVHIXYEVGDQDX
399bd50ba2937fa1110354b9,pluskal_ms2,DJPUZFZJFKCELR|YOJLMXSXDFOSLI
39a1f5ad8ce1c885573423ad,riken,RAKJVIPCCGXHHS|RAYQKHLZHPFYEJ
39abe0af287e360d0ea01a7f,pluskal_ms2,NBMNQTQSJQDCHA|SPIIDRMCTHYLNE
39abe199da7f83a918f103ee,riken,GPFNSVXDXCMNOL|SLJTWDNVZKIDAU
39afcc0b7c309b1c25034f8e,massbank,UQTZMGFTRHFAAM|VCKPUUFAIGNJHC
39bb3d06cb0182baa7b30e3e,riken,BDIAUFOIMFAIPU|LUTYTNLPIUCKBJ|NWQBYMPNIJXFNQ|PHZOWSSBXJXFOR|PMBOOVZSTMWOFS|QJVXKWHHAMZTBY|XDROKJSWHURZGO|XZVXEPPPQBLGMQ
39bd2b27f684bee3ba7e68e0,gnps+massbank+msdial,NHVNXKFIZYSCEB|RITKHVBHSGLULN
39c5ad4043a2e462e0587702,pluskal_ms2,IKSHXEFFYBSFGO|SQFVGVQJQQHFIE
39cc0d8377560b3e0abf42d6,riken,DCULYKVTBAXAER|JXCIHLUSRQSSRY
39ce4d5f4ef777e18291a98a,riken,OBEHELRBTWMPHI|YABIJLLNNFURIJ
39e8e65ccf1b557a4f0de348,riken,DYOKDAQBNHPJFD|XYYAFLHHHZVPRN
39ea2e3b76f42af37a5dca0f,riken,LSHVYAFMTMFKBA|OTUCXMIQUNROBJ|VELYAQRXBJLJAK
39ec471ea57f34727b060419,pluskal_ms2,JVZPGYIJXCWFMH|PBFBWKUVMUZLGD
39ec9ebb6f17d3e4949c0c99,pluskal_ms2,JPWHBACOLDQDLV|SWSAOHQFTLUUDS
39fa059df0b75f19eff54abd,riken,VDYCLYGKCGVBHN|WDJUZGPOPHTGOT|WFRQIKSNAYYUJZ
3a17acaf2a0614e76824aca6,riken,AAGFPTSOPGCENQ|NAHTXVIXCMUDLF
3a18e8f51358c50b4038cd12,riken,JGFCDHIJCNLFPY|KLPNFWKZLQAVTH|LLPRITPJQPQXIR|MMTWXUQMLQGAPC|NULBHTHMVOCGOE|UIDGLYUNOUKLBM|WYKUTTFFZMQCGO|YSXNEFJASLJGTK|ZNEIIZNXGCIAAL
3a1aeec0881fe7a0de2a7223,pluskal_ms2,OMVBWGOVOFYKNC|YZVUFQFNZWNCPZ
3a24a99a4ffde968cef27943,riken,JUZGXATTXYZBGK|YJBVHJIKNLBFDX
3a2bf9e104980ff895f80fb6,riken,CKTYBTRYMOEPOK|DDGJUTBQQURRGE|FTVWIRXFELQLPI|FVWJYYTZTCVBKE|GOQYKNQRPGWPLP|HCZKYJDFEPMADG|IDGXIXSKISLYAC|IGGUPRCHHJZPBS|IPCSVZSSVZVIGE|KHUVRRVIZOSFTI|ORBITTMJKIGFNH|PXGWEUQZDRUMRE|QQHJDPROMQRDLA|RRRSSAVLTCVNIQ|URFCJEUYXNAHFI|XEZVDURJDFGERA|XHCADAYNFIFUHF
3a323f65db009b766f359ed3,riken,GHKISGDRQRSCII|WTFRADBWXYQLMA
3a399699742b17fdd9dc7173,riken,SKHJNNFXCKTDBG|ZBXWGKPUSLRPHX
3a3f41b3ea20b7230b6dd742,pluskal_ms2,IPELEGBBNWXWNG|WXAMGBXNTNHFJR
3a5604f14a3761994dfcf684,pluskal_ms2,BRRLAKHLNMKPSH|GDQAHQCHCRXPQV
3a63c4f718a6c1267aeb376b,riken,QNBLVYVBWDIWDM|XYHOBCMEDLZUMP
3a686b9bd683d48ce2d20057,riken,AIPRNSJTKFPHMW|AYMYWHCQALZEGT|BDXYPHKGNUGUFG|DBCAVZSSFGIHQZ|JSIGICUAXLIURX|KHPCPRHQVVSZAH|KYWSCMDFVARMPN|LIHLSLRANKCHLV|OGWKCGZFUXNPDA|OHJWWOZXCKEOGK|OJXQLGQIDIPMTE|QHBZHVUGQROELI|QJKMIJNRNRLQSS|QWCNQXNAFCBLLV|VTDZPALYKJNMNV|VYIKEBWUZLHWQK|XUHLIQGRKRUKPH|ZJRDCQWLAILQHR|ZMKZIKHBSPDWEF
3a6b1a8c290c37f6936e1605,riken,AJJMKDCAQHLJQF|CMQOKNQYLSMKJC|WKBWYWJYOAONEI|WURLGASLEZVNHV|XDLBSNLAIQNWON|YISCNLZAUIZSOA|YMCYJIJWKFYPMN
3a6b6ccca92b1a79df86132e,massbank+msdial+riken,PEFNSGRTCBGNAN|RXAXTTGJEMODPY
3a7ae4e7e6e650384f0daddc,massbank+mona,HCAJEUSONLESMK|XOAAWQZATWQOTB
3a82c0e0a40aef6cab312adf,riken,GZSOSUNBTXMUFQ|PZZRDJXEMZMZFD
3a82e1895f260a1cb5c2a804,massbank+riken,BHPGRVQWTLDDQX|QOMBXPYXWGTFNR|UOVGCLXUTLXAEC|VDLGAVXLJYLFDH
3a988a43adf106d570fbf009,riken,KLQXMRBGMLHBBQ|MPXAWSABMVLIBU|YCDZBVXSGVWFFX
3a9c7cf8f57a14e0460cc46a,pluskal_ms2,ISGYBTOINXAQJG|SKDFIOGACUNWTR
3aa24ec8ff893d55082e3b2f,riken,DAXYUDFNWXHGBE|DVBDUGXUGVXSTB|FBMORZZOJSDNRQ|GKAJCVFOJGXVIA|SLRCCWJSBJZJBV
3aa6ae83ddedafc7b3371143,riken,KBLILLDKTZXCRK|YEFOAORQXAOVJQ
3aab94819e73461ce5b741ed,riken,UZFVFMDEGBUPFO|ZWMMEKXOLCCKLA
3ab3393115e081b6db0ec777,riken,DRTQHJPVMGBUCF|FYHRJWMENCALJY
3ad683f6c032754552852b9d,riken,BMCZTYDZHNTKPR|CWVRJTMFETXNAD|DAXYUDFNWXHGBE|LLEMSCWAKNQHHA|OLZAGZCCJJBKNZ|OXVUXGFZHDKYLS|PANKHBYNKQNAHN|PVLHOJXLNBFHDX|WYKQPGOKTKQHQG|XPMQJVHMFLZDSA
3ad9731c32a4350a55e72799,pluskal_ms2,DJKRODZZJZNBHP|ZPHVBUQWCQILNB
3adc26b68989c7206091161d,riken,DFBIRQPKNDILPW|PTDAHAWQAGSZDD
3addc6ce9d2d0f26ce38ab6d,riken,FFGGWIVHOGEVSP|HGJKGQUGPACAGO|QEEBRPGZBVVINN|ZPVYCUMXKPNGPP
3adec61f8c7d07f892c0750d,pluskal_ms2,BCOCNVVIORAKJD|HDBZZOVINYSWFM
3adeea86a7859b75dd04d587,riken,GGHMUJBZYLPWFD|HXWLKAXCQLXHML|MOLPUWBMSBJXER|MPXAWSABMVLIBU|VXMOIPRQSYFTHI
3af834ea62d3a5fe808f2e12,pluskal_ms2,GGEYBVAPNCCXKQ|OSFYWKJULMWTDG
3afc79583ad22d34a1948a6e,pluskal_ms2,APXYIRKYNXGLTG|OLGWUYGDVHZZQD
3afd6ae7460551cce663714e,riken,NSYZCCDSJNWWJL|YJGVMLPVUAXIQN
3b07e7e600cb562e4c2af77e,massbank,UXIGWFXRQKWHHA|ZMZGFLUUZLELNE
3b14edcbdbef453133022f02,riken,MRIAQLRQZPPODS|OVSQVDMCBVZWGM|VFLDPWHFBUODDF
3b23e5eb48d96cf8d0915a76,riken,IKYPEGVINGQGGO|WAZQKBSNIFTXNV
3b389857d145154a13479309,msdial+riken,OZDABLANSWPSGY|WTPSHLVHJOJDIF
3b453db510243eedc11aa97a,pluskal_ms2,GUGOEESGYHJVJH|LJUFQFXDVDKVNZ
3b4ec254142f2f2ee205b28c,riken,BTPYUWOBZFGKAI|LLXVPTXOKTYXHU
3b5843a8196de20c2f894bf6,massbank+riken,FXNFHKRTJBSTCS|OUGIDAPQYNCXRA
3b585ef40802d4edc32ddefe,riken,CUKSFECWKQBVED|RERVSJVGWKIGTJ
3b58f9b4669e37b06096c551,riken,DOFJNFPSMUCECH|HXTFHSYLYXVTHC|KBPHJBAIARWVSC
3b61813e714f6157bd1b8edd,riken,OFSZOCPGPLMCBG|QBILRDAMJUPXCX
3b68899e8cd6c0c52d8103a3,msdial+riken,LSHAJDRFVTXNOB|UIEGOKVPCRANSU
3b952a4fc2d5060735a41970,riken,HELXLJCILKEWJH|UXGMXDXDOQAYAD
3b9594f5b569f9ebe4ad3f02,pluskal_ms2,OQNLOMPHYCOESK|YAFCYESBJWJEMX
3ba2744b35ce20e7b9c68abb,pluskal_ms2,DQXDPHKOEHMQIV|LBKDYFOSBMAOCG
3ba7b6e3dbc58f1dd97c27db,riken,CULUKMPMGVXCEI|SFLMUHDGSQZDOW|WTDRDQBEARUVNC
3ba9f6912e740b982cfca449,pluskal_ms2,COSQDNGTNHDQEO|XIAAZSQJIDOGHX
3bab772c72b081d55add3fde,riken,JFZVCQKUYHJMKO|WQVCDQYJDQXJLY
3babce494f94bd5e8ae47adc,pluskal_ms2,ICBUCAMTLOPSQP|MBGZTKCRLRLDSL
3bb31efbc7131101c792c887,pluskal_ms2,NWTSTPZQKALREV|PIEMUUAGYIKIIL
3bc7d0b3c231bc71ee7416af,riken,NNOQXTZBOCAPIN|YTVGSCZIHGRVAV
3bcde93b1c9107e553784be6,riken,AKNILCMFRRDTEY|DBJLNNAUDGIUAE|FCEVNJIUIMLVML|FHIJMQWMMZEFBL|GVRNTWSGBWPJGS|GXLUGCOZQDLXAJ|HZIBYJCDCHVSPK|KYFBXCHUXFKMGQ|LPHOGVFYEBRXSC|MQDZZCJYWRZONM|MQLSOVRLZHTATK|PYJMYPPFWASOJX|QWQSMEDUZQDVLA|STKUCSFEBXPTAY|WRLXHKDQSQMWSH|XMJAJFVLHDIEHF
3bced68c3b481640154b1b31,riken,HCKUIVZXCXTBEH|NACOJBQGIGOFFX|WBYJYPOPDKQBQJ
3bcf2f5313746d5293f285c9,gnps,DRMBEWVFWBEMRS|MNUKJZQDIQEMES
3bd498d96126368ba28c1a77,pluskal_ms2,BXSWNEVPGYRLEF|MTIQGFJEGKOVQK
3bf002721f8e6ede76b4a9e2,pluskal_ms2,GGONTXVZIMNXPZ|ZPQKVXNDMXBSEP
3bfef0d3d84cbd6e724032f0,riken,BGTCFSJRFQXBHW|CVUANYCQTOGILD|DCULYKVTBAXAER|FIDOCHXHMJHKRW|JXCIHLUSRQSSRY|KDFKJOFJHSVROC|KLXHCGFNNUQTEY|KMPWYEUPVWOPIM|KTEXNACQROZXEV|LVCXAKWFQYYXLU|PDAYUJSOJIMKIS|PXQNZQURQNZGKZ|QFPLAAZRZNKRRY|SQKPHECGTGXVQW|UGJAEDFOKNAMQD|VJILFEGOWCJNIK|XKXYJTIBKZGIPR|YCWDWJWRRMHVMZ|ZMXKPCHQLHYTHY
3c2b7eedc6992240aad43ce5,riken,CTWQJCNXXJIJAY|FYHRJWMENCALJY|HSSJYSJXBOCKQM|JPGOJQJBPLCRQP|UBCKYWKJKPMKAA|VWDLOXMZIGUBKM|XGPBRZDOJDLKOT
3c5957421856c66802493243,pluskal_ms2,IUXMTYJKGIMPHV|MHYUNYWLDKJMRL
3c60c3b80c40f1da49bdc0ee,gnps+massbank,KJCVRFUGPWSIIH|KVBGVZZKJNLNJU
3c64b832f26f97d93aeae073,msdial+riken,OTCCIMWXFLJLIA|YRCWQPVGYLYSOX
3c663472a88c8815f96ca5f3,riken,IMKJGXCIJJXALX|WGTCMJBJRPKENJ|XYNPYHXGMWJBLV
3c86a3e015c7bcc7fff205c3,pluskal_ms2,SAUZXUNTWRNGJU|SJXUBMDSTDDEOO
3c871ae066480c74ef906d11,riken,IHEJMZHKJYHVFF|SPUDVSNUPBWEKG|SZNJLZSXOGIOOZ
3c976199e37cd9c244a2b6af,pluskal_ms2,APIIIPKQPKSIHU|YPMYAACWUFNTEB
3c9b581bd61839de19e40734,riken,CPJKKWDCUOOTEW|LBTVHXHERHESKG
3ca0fdb8c92930dc84975fb3,riken,DJOJDHGQRNZXQQ|IRZVHDLBAYNPCT
3ca9044616ae5ac5fc55dfc6,riken,KSEBMYQBYZTDHS|UAHWPYUMFXYFJY
3cb29865690ae054fec447d7,msdial+riken,ILBONRFSLATCRE|JNMRHUJNCSQMMB
3cb5c64622fc53ac2ff60943,riken,NODILNFGTFIURN|OVSQVDMCBVZWGM|RJWJHRPNHPHBRN
3cb92aba2f169acf7ab9c6e1,pluskal_ms2,KADNASLNEZLISD|ORSCGZFGPRIFNA
3cc735fd52aff561308c614d,msdial+riken,KGGGRGBDMBZXKF|SOSLMHZOJATCCP
3cdc1d40e2f358c4cc906ba1,pluskal_ms2,CEAWTEFLCWIYNQ|GZTPCINTRJLOCU
3ce00ffe242f3487b07888ab,riken,HMJSBVCDPKODEX|MZNIJRAPCCELQX|VNVIRJDHGPNWHS
3d04b154569e3b54f0e25429,riken,IWUQDUXHOBXBCB|LINCEHCWNRFISH|XPCTZQVDEJYUGT
3d0da24ffaf2c6a2d433dc5b,pluskal_ms2,MEDLHXNJCIBFNL|SSEXMUKRNXSQFH
3d1bdb50e5358d31ce88b350,riken,FFULTBKXWHYHFQ|FNDTZZIWWYSDAH
3d21c317e22a886e41fe7e9c,riken,ARPGURKWJGBPTN|DVBDUGXUGVXSTB|ZPFRAPVRYLGYEC
3d251bb86de42dc3d25180da,riken,AAJIHHYEPHRIET|BHPGRVQWTLDDQX|VJZKQVOURLBNBU|XVPVVWNZAJAPLF
3d25ea3d566b8bb552518103,pluskal_ms2,AJCJQDHDAWZJCX|UFOFMWAGMPKJBB
3d32c28a5d2fd2b8361f90ee,riken,FSLPMRQHCOLESF|HUSISCNTLUEZCN
3d34d9f356842165f96a7d31,riken,FVHFOJVXQABRQG|XSQFDXNJFMCRGJ
3d3eac2a468e033497a7ad5d,riken,FCEXWTOTHXCQCQ|GGGUGZHBAOMSFJ|HJRVLGWTJSLQIG|HNJZOHHIXSIJFG|HSTZMXCBWJGKHG|INIPQDKLXQHEAJ|LFYJSSARVMHQJB|ZSBXGIUJOOQZMP
3d4309a2e42a19f241bf8058,riken,MRIAQLRQZPPODS|NODILNFGTFIURN
3d4b84d00f1e942cfa8c831c,riken,CMISKXBIKZBGPM|KRYFHYSXWHRZKT|MEHHCBRCXIDGKZ|WHSZCJYHLPMLHS
3d4ed4eef4eecf96d67db53c,riken,MJRQUHHZUFSBLY|OZJXTWMDBPQRGI
3d5933293ceb89a78235d984,riken,MIJYXULNPSFWEK|QMQIQBOGXYYATH|ZYEMGPIYFIJGTP
3d620c3a4e6f4dbeb17b6bb0,riken,KFEFLPDKISUVNR|KYWSCMDFVARMPN|RKFAZBXYICVSKP|ZSBXGIUJOOQZMP
3d63157ee59a23e5bdcbed8f,riken,AYMYWHCQALZEGT|KYWSCMDFVARMPN|NVSLBOBPSCMMSO|OCDGBSUVYYVKQZ|OGWKCGZFUXNPDA|ROQZUJKOMJECOM|VYIKEBWUZLHWQK|ZJRDCQWLAILQHR
3d68c1e5b83426dbe14aaf77,msdial+riken,DORPKYRPJIIARM|HLPXMGYELYMAQM
3d6ba73bb1da4619e373c573,riken,DCULYKVTBAXAER|SQKPHECGTGXVQW|VYIKEBWUZLHWQK
3d7d663b04eaaf7df04e1f50,msdial+riken,OGURJSOPVFCIOO|OWCRARVHWCCRAG
3d7e96276d877d5b12293620,pluskal_ms2,APIIIPKQPKSIHU|YPMYAACWUFNTEB
3d8b0ccc0febb5f4f92a82f2,pluskal_ms2,IRDOVJJZBJZACO|JIMIRZCIIUGDPI
3d8fbec6c2b2ed910e812247,riken,KBLILLDKTZXCRK|MFIHSKBTNZNJIK|NTPLXRHDUXRPNE|QXANIAZAMPJWCV|RPZNDXQAMBDGRZ
3dab6d3e435cb950e24e53c5,riken,DIEUZIPSDUGWLD|GCJWPRRNLSHTRY|YKOPWPOFWMYZJZ
3daed26d35756ff5b8594f4c,riken,CCRXMHCQWYVXTE|SJJRKHVKAXVFJQ
3dc290b82acd73cc23f90492,riken,KBKUJJFDSHBPPA|KRFBMPVGAYGGJE
3dcc7f7e33391559137ab76b,massbank+msdial,GHOKWGTUZJEAQD|UZKQTCBAMSWPJD
3dcf5f3ee0bd49ca8d4f28ac,pluskal_ms2,GNTNFDGUUKHKPJ|PGKALWCTRFUUJO
3ddc2a7ecbb46d22353bf6bb,riken,IMQLKJBTEOYOSI|YURJSTAIMNSZAE
3ddfb9cb936b47575f3d9cb0,pluskal_ms2,JUJGKVROMWUCBV|PXTZDSPTHUBOIB
3de700dab319cd11ff94e749,riken,INYYVPJSBIVGPH|MROYUZKXUGPCPD|RSAIVLRELNGZEY
3dfb98869c05c780b9437d22,riken,DFDVWAJDFYYBAC|FWVHWDSCPKXMDB|YCDZBVXSGVWFFX
3e035703f46fcc79beeca1ab,riken,AEPCMDRTWXAGAK|KPXIBWGPZSPABK
3e0cdbf0bdf039bfc60acc9d,riken,CITHEXJVPOWHKC|GLQYFMRUYWFXGT|TYALNCRUIKOKGP|UWKQSNNFCGGAFS|XVOHELPNOXGRBQ|YPMOTUXWPXDQDJ
3e115f5a2f04fd2e1d9bd9d5,riken,CKUVNOCSBYYHIS|HCXVJBMSMIARIN|ILEDWLMCKZNDJK|KLWSYWJRTXQLGN|LTMHDMANZUZIPE|NFZYDZXHKFHPGA|RHJULGLSOARXMO|RWNHLTKFBKYDOJ|WCGUUGGRBIKTOS|YDDUMTOHNYZQPO
3e2290f412b7ad3e659078de,riken,JWCDJOWFOVBBCP|VXHNSVKJHXSKKM
3e37fa32f7fd41fb90c7f154,pluskal_ms2,KLVFERIITBXTIL|WVVUGOCPOVLEAI
3e3d06f7a61c869ff776dd3c,pluskal_ms2,BSHOUTZDBGSAHM|JJBLQEHPWKPCRE
3e4c884c0f1c5bdd4ccb0bd2,riken,IIQSJHUEZBTSAT|ZLJCBUYEMINKJV|ZXAGLUIVEUDJAR
3e4f4d9eece5c1b737128504,gnps,AVSXSVCZWQODGV|GGCLNOIGPMGLDB
3e592a13fe910adfcb0962e2,riken,AYEKOFBPNLCAJY|JEJFTTRHGBKKEI
3e5aa983ddc771865ea89c8a,riken,AALLCALQGXXWNA|ALTRINCJVPIQNK|AVXFIVJSCUOFNT|HQQUZVFMUSCUJS|HRSFCYYMBMDMOU|HUOOMAOYXQFIDQ|IYCPMVXIUPYNHI|JRPKYTRZLLKZAQ|KKSYAZCUYVRKML|MDAHEEBYLFVHSJ|OCZZCFAOOWZSRX|OHDJGUWKOIBIKY|PEFASEPMJYRQBW|PULWRMOKQNWQBD|TUUXBSASAQJECY|UBCKYWKJKPMKAA|WJMMBVSOQPALFO|WLNDANGOFVYODW|WPPPFZJNKLMYBW|WZAXZHIVHPRTIU|XFZJEEAOWLFHDH|XMJAJFVLHDIEHF|XRYVAQQLDYTHCL|YBCOIJNAMJAFSO|YLTPWCZXKJSORQ|ZPFRAPVRYLGYEC
3e5c27267c58cf7746d4e263,riken,DBMJZOMNXBSRED|GLWPLQBQHWYKRK
3e5ca7178fbe6c0c35f81a85,pluskal_ms2,IEUCTTBEYBXANC|UXZANABCLSOYHS
3e6417b4ccc525142b33d287,pluskal_ms2,ADRVHQUIMACBAD|ZTAWAXPOIPKSNV
3e64b1f76386893c3f2296b1,riken,GRTOGORTSDXSFK|MVLZRHJIQUMZRO
3e795dc9f6f6c746d60515ca,pluskal_ms2,CDHDBRPHUZTUEZ|HJOPLBQJTRQPAY
3e860f006e52a94e196039ab,pluskal_ms2,XISVQJAIDIRBFK|XQQIQWJGWZKEHS
3e87234f03bdef1d8b15cb65,riken,LLVOJEYSNCNXJN|PCIXSTFFMHVOMF
3e8a42cfdbee4e3a291e3ab3,riken,AIFCFBUSLAEIBR|ALTRINCJVPIQNK|AOXXVRDKZLRGTJ|ATDWCWKOJNGCHW|ATWLFQWAUVXIEG|BXKNQKQIBKBMIZ|CXCKOTGRTPLISC|DGDWCRWJRNMRKX|DMAOFWOOOIHKPU|DTNSOISBYQKHCS|DUBPGEJGGVZKDD|FCCUWKPTCIBKQH|FOUMOIACEBZYPT|FXNFHKRTJBSTCS|GPZYTVLJQBNTMX|HNGNQFQJPOBLJE|HSSJYSJXBOCKQM|IHYUCPYKBNICIV|IMPWMPCRAJNBMS|IPMYMEWFZKHGAX|IUSZMBXMNBITIK|IYCPMVXIUPYNHI|JRPKYTRZLLKZAQ|KVKRFLVYJLIZFD|LNIVUWPCHRNJLG|LZJRNLRASBVRRX|MKQCLTNEQAMHGK|MOIJAHWAZFJXSM|MQYXUWHLBZFQQO|MXTLAHSTUOXGQF|NEJKEXUJCSYMCC|NLVBYGTTYRFJKH|OAUREGNZECGNQS|OLAMGHNQGZIWHZ|OVMFOVNOXASTPA|PGOYMURMZNDHNS|PWAOOJDMFUQOKB|QIEOAEKNEKYVTH|QKQZUNJZOQODTH|QVUPQEXKTXSMKX|QXIPXNZUEQYPLZ|RDUAJIJVNHKTQC|RMIQIULKBBCLIL|RPLMLWBOUPDPQF|SCULJPGYOQQXTK|SHIBSTMRCDJXLN|SVXJDTNFJXKATR|TUUXBSASAQJECY|URMVEUAWRUQHON|VCWUZNQATFVWGL|VFMMPHCGEFXGIP|WDTAJXMIXADUTH|WGAGIALDHUDRIR|WIDIORLKUZCAMX|WRTWKAQFZYXAEJ|XJMPAUZQVRGFRE|YZNCIXVBVQRGQN|ZEASWHWETFMWCV|ZZXJOMSIUOUAHV
3e941ac533c8f3073a2e8969,pluskal_ms2,ADRVHQUIMACBAD|ZTAWAXPOIPKSNV
3e9ae150169790fec73c39c7,riken,KPDOJFFZKAUIOE|MYBAONSAUGZRAX
3ea3a00995a42c23874f6965,riken,OIRDTQYFTABQOQ|RVLHHZKCFQNHII
3ea3ba5ab17527a0d82aee53,pluskal_ms2,GXFIQOWIDSZYKM|VSTJLJLYMOOSPZ
3ea70311402b1d3e60494ecb,riken,BNMDTQMFJGEHPC|CKUVNOCSBYYHIS|RAQNTCRNSXYLAH|RLDVZILFNVRJTL|RNKMOGIPOMVCHO|VNONINPVFQTJOC
3eaaeb4887271255bd5a0396,riken,LSHVYAFMTMFKBA|QCQGNTXXPCJRFZ
3ebfde9c402c58d69798d00e,msdial+riken,HJZVPFAZKUHWMN|XACKZSRNTPEYBU
3ecb9d0774a8a67993369d62,riken,OVMFOVNOXASTPA|QFJIQUOMKJNYLI
3ed1e1eb11a592237eb7a787,msdial+riken,FXNFHKRTJBSTCS|IKIIZLYTISPENI
3edcca613495841e719a2c0a,riken,BJYNQLLJSSPXMI|SGROMIWARYNAJQ
3eea4adbe85002add2e2ef40,pluskal_ms2,MNCPFWLONMHTBU|ODDAWIAPCQZZNB
3eff249a3bb8fd8c3b7c8731,massbank+mona,HSSBORCLYSCBJR|ICUTUKXCWQYESQ|IDQHRQQSSQDLTR
3f082055e6007066b0043d29,riken,CDDWAYFUFNQLRZ|FCEXWTOTHXCQCQ|FPUXKXIZEIDQKW|IAEZLXLDZBZQPU|IOUVKUPGCMBWBT|JBGSWIBJAGBGOP|NIKHGUQULKYIGE|ROTMXRXTGVWUHF|ZJDFNIHQCHHZGU
3f1782ebb6ce59c264d5c667,riken,HSPBTZRUYDLHGR|XLRHKPTXMXNAGC
3f1ba3cd7315c9c050707ad2,riken,MDZKJHQSJHYOHJ|SSHDNSCEQSPWIM
3f1f9cbe9fe9cce838c7e15a,riken,NDEVARCRJOYXJL|XUCIJNAGGSZNQT
3f22496cdf169a98ac8a2796,riken,DFDVWAJDFYYBAC|FELCJAPFJOPHSD|HXWLKAXCQLXHML|MPXAWSABMVLIBU|RDUAKQUSLVHHOC
3f247e4e6600ab0c0543558c,riken,JMSVCTWVEWCHDZ|LDCYZAJDBXYCGN
3f2b5d1977039c7ee23db721,riken,PHZOWSSBXJXFOR|RISXUTCDCPHJFQ|ZVXWFPTVHBWJOU
3f2e94664bc042918ddb464f,riken,LKTUJUDNQJTEHZ|QKYMKDOHBLWSEL|TUNFSRHWOTWDNC|VTNZLQTUEWINQW
3f30ad3c6e7d0aae3aab9e5b,pluskal_ms2,HRFVVZAVGMSBRG|PDNSXMTYKJTDIC
3f35d2b24acad70e549385b4,gnps+riken,ASOKPJOREAFHNY|FCLHABDDNCSZCO|GXHQODLTRMIQQU|HTYKHVALTAIEOS|JKCJSQKIASUTKA|OHCQJHSOBUTRHG|VETFWJPJUHRUQG|XDUJXLJZJWSLKK|YBUWIVMOMHEALF|YQHAWUJDYLUTMU|YSOBQIMODQOGKQ
3f372548040344eda3ca1c76,riken,AMXYFWUYMQOLRN|GPFNSVXDXCMNOL|HRLFUIXSXUASEX|LCXREBMNASQAOC|VTLYEMHGPMGUOT|XSLKAKROJKMHIT
3f4f06d62a467a572321d8ad,riken,NJPDRQDELKMUTI|PBFGAFDJVQAMRS|TWSZDJCOYVYRGM
3f5583d6bbcc74984dcbd963,pluskal_ms2,AANLHOVYRNPCCG|OIHXHHOMMLHVNS
3f7f38e69586d699fca57415,pluskal_ms2,PBAPPPCECJKMCM|SVOQIEJWJCQGDQ
3f83f4adabcb8f36185ed1ee,pluskal_ms2,BCTBGFHJDISZRS|IPNMFOJKUXTWCG
3f9071cfc6b93407942f29e5,riken,KRYFHYSXWHRZKT|NQXYVTIQDNOHFM
3f9282824b5e3d6570fc0c4a,riken,NODILNFGTFIURN|OVSQVDMCBVZWGM|RJWJHRPNHPHBRN
3f99a7a0bdc324c43e42a863,massbank+riken,GRBHNQFQFHLCHO|MWOOGOJBHIARFG
3f9ab68dd8b46aeb6f103555,riken,CUKSFECWKQBVED|OFSZOCPGPLMCBG|RXOOFAKPNMCCSD
3fa1df295cceeb7d5071bcff,pluskal_ms2,CWIHCHBWHUKXFQ|VFASMTWOJZTBQT
3fd346225d297cd46142a23c,pluskal_ms2,LPRKQJFIKKNYAR|RXEIDBOHFOSBOR
3fde22cc08be021e42bb9713,riken,BTPCABAYRDUCFJ|DFPMSGMNTNDNHN|FTVKHUHJWDMWIR
3fee51c2e2765beaf0c81944,riken,DHJXZSFKLJCHLH|HGIIHVJCDPYWBJ
3feeab48923fdbb6504b9ef7,riken,CBHCHIRHODOGAA|TZRVSGRFVXORLD
3ff2613d82ff60e09a55714c,riken,CBHCHIRHODOGAA|NAUZBQMEOYSERD|TZRVSGRFVXORLD
3ff73cfc2c62df0c0a22fbac,riken,BQPRWZCEKZLBHL|TZRNJQYCOSMOJS
40069bfb6b7ebcb37f2f396c,riken,RDUAKQUSLVHHOC|YTXIGTCAQNODGD
4020721ce6bff03c1f1beb7a,riken,FMIMFCRXYXVFTA|HMMGKOVEOFBCAU|OKPSCKUJXYCMPR|PGLIMMMHQDNVRS|PHFUCJXOLZAQNH|QBUIDYLGKMWNEA|REZQBEBOWJAQKS|WFRQIKSNAYYUJZ|WMSZDXQCLFUBAQ|XYNPYHXGMWJBLV|YMGFTDKNIWPMGF|ZZUFNBURDFJFSK
402c4a47c75507dccb759823,pluskal_ms2,IXCMDAVKOFJIMK|KLUICKAWWIGDCB
40367fd1553c3eb048bb2cfa,pluskal_ms2,GRTAEXYBNGARKQ|KIAZDLSDTVXHQF
403c520d9e3c24c8c468a1e8,riken,ALZAZMCIBRHMFF|VZTUIEROBZXUFA
403c751313e436e07ebd730c,riken,SBZXBUIDTXKZTM|ZUHZGEOKBKGPSW
4041064fcf43764795d780ce,pluskal_ms2,ATGOUMQDRBWCTG|IVNCONQKTFXXOW
4045235ae0212e3d7eee03fa,riken,IOUVKUPGCMBWBT|KFEFLPDKISUVNR|QIMGUQIHCNDUKU
404aa1d62b45e6966f72323d,pluskal_ms2,CMUMNKHCUBSOSI|OXZZANIKBBNMME
404afa1d77175a36dc0392cc,riken,DFNZYFAJQPLJFI|GWDFJIBHVSYXQL
4059b200a4a55768650a86e6,riken,GVJHHUAWPYXKBD|YKNWIILGEFFOPE
405acc95578cbbe8e97abfab,riken,JPMYFOBNRRGFNO|SYTYLPHCLSSCOJ
406671be10a860899ab1f339,gnps+msdial+riken,DUBCCGAQYVUYEU|LLHVQDWTNVJRDD|OVSQVDMCBVZWGM|OXGUCUVFOIWWQJ
406dc63c084d4dfc230ad721,riken,CKEXCBVNKRHAMX|XATAXBHNGRMKLI
407ddf9f38ac95a1084c4720,riken,LLHJXODPYGGYCJ|OFSZOCPGPLMCBG
4082f0082d9cfa5e68a79a29,riken,VPJCTVQKHIFWKJ|XKXYJTIBKZGIPR
4084e8b092b4486adf10d56a,riken,PWAOOJDMFUQOKB|RWXIFXNRCLMQCD
409b56291a05e490cbc5bfd4,riken,KDXVVZMYSLWJMA|PJQLSMYMOKWUJG|RJXQOURJIQZYIP|SFVWPXMPRCIVOK|URMVEUAWRUQHON|XJHDMGJURBVLLE
40b43542203768ac589e53b5,riken,KXHCYYSIAXMSPA|WNGSUWLDMZFYNZ
40be2af265776d2bcf50143e,pluskal_ms2,KFAGUWAWGZOSNX|MARFXICSYVXYRU
40bf39e5b07f2112b40ea5e1,pluskal_ms2,ICBUCAMTLOPSQP|MBGZTKCRLRLDSL
40c4ac5d9223e0832a9a8808,pluskal_ms2,MEDLHXNJCIBFNL|SSEXMUKRNXSQFH
40c9923884461ef4d25e2558,riken,GUQQBLRVXOUDTN|NIQFOSSBJJDEES
40cc22a00c4f9a4ee6c8ea36,riken,CKUVNOCSBYYHIS|VNONINPVFQTJOC|ZCOLJUOHXJRHDI
40e20cbe1fdd4d3bdf7cefe5,pluskal_ms2,BIAVGWDGIJKWRM|UNRCMCRRFYFGFX
40f1f39a391a031f50c32aba,riken,DFOCUWZXJBAUSQ|GKRBWXABVALDGQ|WXHUQVMHWUQNTG
40f8198d343b5283e7830fc8,msdial+riken,PMMYEEVYMWASQN|RJANATGWWPNKAL|URRIQHWWGFUPHG
41035217c8c5e16ab80530f1,massbank+msdial+riken,JSJWCHRYRHKBBW|SEWFWJUQVJHATO|ZNHVWPKMFKADKW
4110140ee0ff01c85ddd5a64,riken,GCJWPRRNLSHTRY|JELWYGQTQBQPGH
4118c59d65617eb3bdf74ce9,pluskal_ms2,PQSIXLOUDAFRSO|ZOWWBCZXWIOJOA
41249e72ed2a1d00282cdd77,pluskal_ms2,KUXXLZILBGVVLH|SQGYGJYLBBNULC
41299008aaafd8ddf9ce3573,riken,IUQOJESNSFQLHI|UNFWWIHTNXNPBV
412d8ad36a2cf3c0261550e7,riken,AIONOLUJZLIMTK|DTOSIQBPPRVQHS|KRKNYBCHXYNGOX|URRIQHWWGFUPHG
412e7fd55adb0e1936d3870b,riken,AIPRNSJTKFPHMW|CMLFXLQIXVGGKS|IFQVDHKHKVDYQC|LINCEHCWNRFISH|QMGGMESMCJCABO
4140118bd666d97108a9ce19,riken,AIPRNSJTKFPHMW|JQBOIGWHYPDAGZ
414c4ebc6ab928a59473fc67,riken,CNPWIVIIZHULCN|DHJXZSFKLJCHLH|HTBWBWWADZJXID|OXLDBLCHXXJJPD|PCIXSTFFMHVOMF|TYPSVDGIQAOBAD
414c9d3eddb401af688996c2,gnps,AMXCTLDSFXUPOC|UYDSWRORAHRACW
414d88a779bf405bb5f35716,riken,OKGRRPCHOJYNKX|YJGVMLPVUAXIQN|ZJVUMAFASBFUBG
4151556ce47ee84a8145424b,riken,GQSWROAHWOCYES|TXDUTHBFYKGSAH
4158d1f730fd79ec5a8bfacb,riken,OBVFJCCARDWRFB|RAJWOBJTTGJROA
4163d1f811cee0aafb612250,pluskal_ms2,FJINFEYFWRSHHD|IBHWHGVQKKGSCA
416543c2c092a4316235795e,pluskal_ms2,BXGXTXCNFOCKMX|LXFSCSJMDZZGDN
416f81658cb51695b691ed85,riken,DUBPGEJGGVZKDD|XLTFNNCXVBYBSX
417af70dcb10e5f180cf978a,msdial+riken,DANYIYRPLHHOCZ|HVQAJTFOCKOKIN
418ac990093324e04113dd41,riken,GRTOGORTSDXSFK|KBMSVODXFLAQNJ|OIVDEBIGYOTPKV
418c092a57355793bee20145,pluskal_ms2,NFHQLSIRHVVGPN|SIUCWWPPXASGCD
418e175b96222d467bd9a66b,pluskal_ms2,AMXCTLDSFXUPOC|UYDSWRORAHRACW
41a1fda4fc306d0a97d87a79,pluskal_ms2,KFAGUWAWGZOSNX|MARFXICSYVXYRU
41bbb30b81a16db3170591e1,riken,GJOCOWQRASAGSS|JBSCMIAEEWZQBR
41c4710bf5a065d5d937019b,mona,QAIPRVGONGVQAS|QIAFMBKCNZACKA
41c80d07c9c37f2bfba3696f,riken,AEQDJSLRWYMAQI|AHKQEBQUOMPIFK|ATEFPOUAMCWAQS|AZKVWQKMDGGDSV|BGKLFKHHSFCDKC|BQPRWZCEKZLBHL|BXTNNJIQILYHJB|CAFTUQNGDROXEZ|DBMJZOMNXBSRED|DGDWCRWJRNMRKX|FDRQPMVGJOQVTL|INIACRGCTLLWRM|IRZVHDLBAYNPCT|JAYAGJDXJIDEKI|KWRQPASKWCJCPI|MVLZRHJIQUMZRO|OADZSFPWAGMTDV|OFSZOCPGPLMCBG|OTVKQJMSEKQVPA|POMAQDQEVHXLGT|PWAACAMQKVIVPZ|RDUAJIJVNHKTQC|SHCNCWNJFICBJU|SQFSKOYWJBQGKQ|VVLPFXAEVKKWTK|XDROKJSWHURZGO|XOFQQXMAHNZIDD|XUWSHXDEJOOIND|XZVXEPPPQBLGMQ|ZXPRMRWMMPZQED
41cddb79c304891fa86b1fb4,riken,KHWKLNXMSVVKCH|MLKQAGPAYHTNQQ
41d76c16e3e5a3f7d3033fc9,riken,CKDKGHDDRAMHGK|KJNCJEFOGQPOHS|NCAZLDCEJHFJDT|SXILFEBNQCRWAL
41ee4183d37f585a5cfdd829,riken,CMLFXLQIXVGGKS|POMAQDQEVHXLGT|SOGONHOGEFLVPE
41f124e8841b022c336c4ba9,msdial+riken,DZTHIGRZJZPRDV|LLVOJEYSNCNXJN|OBGPEBYHGIUFBN|XRYVAQQLDYTHCL
41fdd3fcde72badcb9942b16,pluskal_ms2,NFHQLSIRHVVGPN|SIUCWWPPXASGCD
41feced98a0a18ef48b4443d,pluskal_ms2,GNFHAPQGOWHXGO|UCMKQKNCNBSRHR
4200ab6381fd21901ffb7731,riken,BTHCJHQOYFUIMG|FIGVVZUWCLSUEI|GOSWTRUMMSCNCW|UKAPHSQFHWHBHI
4201974c46ae3b824948cffe,riken,OFSZOCPGPLMCBG|UYXBVRMASFBLKM
42030d1dc4b0f877e9ef1dcf,pluskal_ms2,CDHDBRPHUZTUEZ|HJOPLBQJTRQPAY
421b619540d6adec9ae6a62d,riken,NVXMWPFVIMTPPT|VJRPWEGZZYYJQK
421d9a395b3e6e1d785cf59a,riken,WCNWARYSICKKGF|XQBZILVAQBMZFI|ZJCUUXGLZWBCIL
4220ade5c25112961576cac7,riken,LVIWUACEPGXDSG|WGZOFZHJJGGXQB
422ba3282e6e3059cc98ae98,pluskal_ms2,DFSNUDFNCOQUSJ|LXVCQCRSHWSFRS
4233ddd0aa70f186e4e72d33,riken,DDDXYRAMQRKPDO|UJZQBMQZMKFSRV
423a631ae1c0c989d2eafe89,riken,IECPWNUMDGFDKC|ZYBXFVWSQYBVRU
425bd6b70d0d2cfee97ce11c,msdial+riken,CGZNTHDUAFIKOH|DORPKYRPJIIARM
4264243c497e40129b606320,pluskal_ms2,AAKPNRVLVGZWKZ|NAHCTWNRIUPWLS
42688d6d206425036f98173c,pluskal_ms2,LHIMNNALUHPRPU|XYLLJSHRRXJODP
426fde9c3f4825ff38ac435f,pluskal_ms2,AANLHOVYRNPCCG|OIHXHHOMMLHVNS
427a2ede3a5087b11af4f32b,riken,PVXPPJIGRGXGCY|RSAIVLRELNGZEY
427b643bd0f0abbae3cb994d,riken,IDQUPXZJURZAGF|IIQVLUKTYMSHDW|SIWOWUAUIFWBDY|YISCNLZAUIZSOA
4284d6dd485bf1a5ce053863,riken,ASLHXRONSASUAK|HGJKGQUGPACAGO|JOGLPTTWXBWTKD|NRNOIJZZYJOCDE|RAJWOBJTTGJROA|ZPQSCMDVMOBZID
429a18fe50cc7132b38e3d40,riken,JPMYFOBNRRGFNO|NXJCRELRQHZBQA|XSSGQRFNGHRFBC|YLHIVIHHVKLKEI
42a3498f769645075a4556c6,pluskal_ms2,SSMCNUGKNFSYFI|WJXDFYJPIUSOMT
42bf642b94d819dc813a242c,msdial+riken,DTERQYGMUDWYAZ|YJCJVMMDTBEITC
42c1b7946841eb0802d51d58,riken,LNYMNCSNEKIYJD|QUPLPSQVUJKCSC
42c24cad064a85dacc7551f6,riken,FHKHGNFKBPFJCB|KTAQQSUPNZAWEY
42c61322f2dd9ba9df1663ac,riken,BGKLFKHHSFCDKC|CZCIKBSVHDNIDH|NVRUMGAPYRSOQF|OJNRSSICLVGCRK
42d8f8b1d65d3e7a80234fbe,msdial+riken,KFYOFJUUTSALEH|LXAMCLNOVGHDMD
42e24208429593da5ddd2be9,riken,QISXROCIXKXUPS|SHCBCKBYTHZQGZ
42e954349ac0c107696ed697,riken,JGFCDHIJCNLFPY|MMTWXUQMLQGAPC|PKRPFNXROFUNDE|WYKUTTFFZMQCGO|YDQWDHRMZQUTBA|YLTPWCZXKJSORQ|YPWHZCPMOQGCDQ|ZPBMSWIWMJNVEH
42eb0bf033f76eae23da182a,pluskal_ms2,HHWABXGAQNCVFW|OZVZMPDVUMTGKV
42f040a13968cab0b0931f0e,riken,DJSISFGPUUYILV|RJXQOURJIQZYIP
42f5b60d247b27f7fdb79b0d,spectraverse,OWPBOGBKQHDESS|VROAEYMUFZTBRV
4300cdff0cab15e62306f387,riken,AJJMKDCAQHLJQF|IKGXIBQEEMLURG|JHUNHTOHTUZTKV|KFYOFJUUTSALEH|SJBUJXPYPGGORF|VUOFIHCZMOIBFY|WMEBIWWUBWHAOJ|WURLGASLEZVNHV|YMCYJIJWKFYPMN
430a42847ab64948c447dad8,riken,UWKQSNNFCGGAFS|YRECILNLFWZVRM
430d624d1a242957d61ba1d5,riken,HLIWTFURSHVAHJ|YMGFTDKNIWPMGF
4322bb1b6dfc28d458adbb36,pluskal_ms2,IRDOVJJZBJZACO|JIMIRZCIIUGDPI
43256731a07d462b078d4758,riken,HCZKYJDFEPMADG|ORMBYUPZHHWUEM
432bfbaea19aeabd25028643,riken,FXOWIGCIDJMTMG|ILKZIWOLBIGWMR
432f6432c9d10779a4d96809,pluskal_ms2,HPOCNXSXHBPCMS|XYNSYKOYOYGJOL
43396ad9e88be7a6afc77348,msdial+riken,FSBUXLDOLNLABB|XQXPVVBIMDBYFF
433cc5075d8d6aec34ee04db,riken,FNDTZZIWWYSDAH|HMMGKOVEOFBCAU
4340f3a7d0e77e7677cf913e,pluskal_ms2,BHWOKYGIZKCKPI|KWZPDRYHNZNEAL
434e50721d801a70e711b125,pluskal_ms2,CHNINISJXPDINL|XYRKBYYZNHPWAF
434fd6180df130d574c62f4c,riken,ALTRINCJVPIQNK|BDCDNTVZSILEOY|BPXIBBNVQKIXGG|BVKFFAQGFXJQBI|CIAXXTSXVCLEJK|DBOVHQOUSDWAPQ|DLIKSSGEMUFQOK|DQFZFJHZGAOITN|DQYACEDUQHWXQZ|FFULTBKXWHYHFQ|GPLOTACQBREROW|HDXIQHTUNGFJIC|HLKOGABKYAJUAW|HMKTWGVEVBAHME|HUOOMAOYXQFIDQ|JGFCDHIJCNLFPY|KSIVGTKSVYIZEB|KWBPKUMWVXUSCA|LXOPDILLGIDKLW|LYGPBZVKGHHTIE|MDCUMTGKKLOMCW|NSEWTSAADLNHNH|NULBHTHMVOCGOE|OHDJGUWKOIBIKY|PPCHTBBOSVKORE|QXIPXNZUEQYPLZ|RGNXWPVNPFAADO|RMSKZOXJAHOIER|SJBUJXPYPGGORF|ULZLIYVOYYQJRO|VEVZSMAEJFVWIL|VNLOLXSJMINBIS|WQLVFSAGQJTQCK|WSGPLSDARZNMCW|XRWQBDJPMXRDOQ|YCFQXQCEEPCZMO|YDQWDHRMZQUTBA|YMGIZFOKBPQFPX|ZGRZULFRVWCUPF|ZVXWFPTVHBWJOU
435052b6f41892779b888c39,riken,BAVIFLQGTGNVOP|CGKWSLSAYABZTL|DFMMVLFMMAQXHZ|DJSISFGPUUYILV|DUBCCGAQYVUYEU|FBSKJMQYURKNSU|FCVHQMAHORAAKT|FERIUCNNQQJTOY|FSBUXLDOLNLABB|FTVWIRXFELQLPI|FVWJYYTZTCVBKE|FXFHFOSEURHWMO|FXOWIGCIDJMTMG|FYZYXYLPBWLLGI|GCLAFEGUXXHIFT|GJOCOWQRASAGSS|GNMUGVNEWCZUAA|GVJHHUAWPYXKBD|HJBUYKZTEBZNSH|HULPONUAINYLQQ|HZIBYJCDCHVSPK|IZODPOCIKVLNIL|JKQXZKUSFCKOGQ|JPJDIOVDAAVUNF|JZNGEGWFNPRYBH|KBKUJJFDSHBPPA|KFJNVVJUICKJEQ|KILZIJKCZIGLFJ|KMOUJOKENFFTPU|KNGPIBWCWOQBEK|KQNPFQTWMSNSAP|KVRQGMOSZKPBNS|KWTSXDURSIMDCE|KYQZWONCHDNPDP|KZMACGJDUUWFCH|LCTONWCANYUPML|LSIIVRCCTPRGGJ|MGJLSBDCWOSMHL|MIJYXULNPSFWEK|MXGAOIRJBACCEY|MYWUZJCMWCOHBA|NZCJCBZLNHDNCR|OLOOJGVNMBJLLR|OSELKOCHBMDKEJ|OVSQVDMCBVZWGM|OYHQOLUKZRVURQ|PCMORTLOPMLEFB|PEUUVVGQIVMSAW|PFTAWBLQPZVEMU|PHLXREOMFNVWOH|PQSUYGKTWSAVDQ|QBVHCHNPFRRZHI|QCQGNTXXPCJRFZ|QMQIQBOGXYYATH|QOVKKEKBURQILF|RAKJVIPCCGXHHS|RAUZGKXNHRJUJO|RBEATXBLUJTDQZ|RJKCKKDSSSRYCB|RUFIGEPXTYTFFK|SBHXYTNGIZCORC|UAPZTGRENZINFN|UEHILKCNLIKLEV|UTMFIKFVXBHDRL|VEVZSMAEJFVWIL|VHBKIIVLIAIHBT|WMBWREPUVVBILR|WMGBQZAELMGYNO|WQEPLUUGTLDZJY|XBDQKXXYIPTUBI|XSSREOLCRTWEPI|YMWRMAOPKNYHMZ|YSIFYNVXJOGADM|YURJSTAIMNSZAE|ZVFCKHLBNXUAAD|ZVTVWDXRNMHGNY
435f3b7b4fd7ba316b009f43,riken,REFJWTPEDVJJIY|XBYUUOMUOFZSBJ
4361e45a35e0d7b5410774dc,pluskal_ms2,MBHXABZAPUIOEK|QRSQCHAMGNNKHE
437f1922c2ed89c0824ec25e,spectraverse,ATQPKTPQHMREPM|REFJKOQDWJELKE
4398f886f3cd01352ddf007c,riken,CXSXBHMYYCPTHP|HGJXAVROWQLCTP|KVKRFLVYJLIZFD|OKPSCKUJXYCMPR
439cfd9b5b8d8897dff2ae07,riken,LSHVYAFMTMFKBA|QCQGNTXXPCJRFZ
43a92a07459e60ebf6bf8e16,riken,DCYOADKBABEMIQ|LSHVYAFMTMFKBA
43b4cd4ec1fe7cb4660ccfaf,gnps+msdial+riken,CJFSVYYGNWQUMQ|YYGNTYWPHWGJRM
43b512ac17ca12c27e56862e,riken,OHDJGUWKOIBIKY|UPADPCUOTDTWHH
43b74f5bc1cac3717e111647,riken,ALWVJGZIYSIJGR|GHBNZZJYBXQAHG|HWKJSYYYURVNQU|JLPDBLFIVFSOCC|MWAHYWGUPMVQHH|NAUZBQMEOYSERD|SCXRWQXEFHYUBB|WXCCRMLNFFAMJC|XVAPNQFQPDAROQ
43b945fcc6f7d96a494c2323,riken,NAHTXVIXCMUDLF|YBCNXCRZPWQOBR
43c94b3a8c7f1df2785aca54,riken,ALYHYIXFUOUIHJ|CDDWAYFUFNQLRZ|FPUXKXIZEIDQKW|FQEQMASDZFXSJI|GBJKHDVRXAVITG|ROTMXRXTGVWUHF
43d6777578ac25b26ab5e377,riken,AALLCALQGXXWNA|AEDDIBAIWPIIBD|NLOAQXKIIGTTRE|RINHYCZCUGCZAJ|SHCBCKBYTHZQGZ
43d73eee0365a6f7399eef34,pluskal_ms2,IBSZGTKGJHXGQJ|YVWHTPKOIYVQNZ
43dcf12a34d1eaab63f1b77a,riken,MCPFEAJYKIXPQF|NVSLBOBPSCMMSO|OGWKCGZFUXNPDA
43f16bebda075e9b1d7a6b4d,pluskal_ms2,FZDNVUUSLMMINZ|MOIVLJTXVOWXCD
43f497a5ac7ce885e51eb1a1,riken,LLXVPTXOKTYXHU|XUHJBXVYNBQQBD
43f88bf7413f3a3dfc0dfa40,riken,CWVRJTMFETXNAD|RPYRMTHVSUWHSV
43fc2da1d453c375ab038cc2,pluskal_ms2,GXFIQOWIDSZYKM|VSTJLJLYMOOSPZ
440ab02fbb97e6166c98f446,riken,CRSFLLTWRCYNNX|GKHCBYYBLTXYEV|HLHZQJPJPNQANY|JEJFTTRHGBKKEI|OLGXIHMDNRLIMD
4420a23efe5143fab5e15148,riken,CWVRJTMFETXNAD|DDNCQMVWWZOMLN|DTOUWTJYUCZJQD|FPJQGFLUORYYPE|FXUVJKGSDBTXTJ|GVQOVMKBYJKZSY|LARPFJIXBULVPK|LCAZOMIGFDQMNC|PVLHOJXLNBFHDX|RDJAFOWISVMOJY|VDGOFNMYZYBUDT|YJWBWQWUHVXPNC
4421e1399d8e9539e62f40e0,riken,CUKSFECWKQBVED|DJOJDHGQRNZXQQ|FEIHRQSTXZRGQD|GVEICTMRUVWSCF|LUTYTNLPIUCKBJ|XHCADAYNFIFUHF
44259f6266c5a3ad769fe9ba,riken,NSEWTSAADLNHNH|ZROGCCBNZBKLEL
4426c5406348952e971f3a39,pluskal_ms2,GFCSUTJOAMZKFA|LJSXVUNPOBKHPW
442b0dfca6ace0a78120d1b5,riken,DYHOLQACRGJEHX|GZSOSUNBTXMUFQ
443a39fc900c08396999d2d8,msdial+riken,POULHZVOKOAJMA|YLJREFDVOIBQDA
443c3108c380430d2fa26912,riken,GRTOGORTSDXSFK|KPKYWYZPIVAHKU
444ad623ac2154252c600299,riken,BBNQHOMJRFAQBN|HZIBYJCDCHVSPK|SHCBCKBYTHZQGZ|TYALNCRUIKOKGP|UAPZTGRENZINFN|UNLDMOJTKKEMOG|XMJAJFVLHDIEHF
44649d4446546bb126f173a5,riken,BSYHSWKTXMTFNF|CKEXCBVNKRHAMX|CQJVKYORMGSYFU|DBUNRZUFILGKHP|DGFVATVOFRGGFO|DLIKSSGEMUFQOK|FFGGWIVHOGEVSP|FFULTBKXWHYHFQ|GAZDXIGXYWVWQX|HAVWRBANWNTOJX|KWBPKUMWVXUSCA|LDBTVAXGKYIFHO|LJWPEDHNPDOGIV|LPVOPZMNIAIRJY|NLVBYGTTYRFJKH|NSEWTSAADLNHNH|NULBHTHMVOCGOE|OEHBHOIFLXXHAM|PBPNOAHYDPHKFH|PBSOJKPTQWWJJD|RGNXWPVNPFAADO|SCULJPGYOQQXTK|TZJALUIVHRYQQB|VEVZSMAEJFVWIL|WOJKRRDDERNLBU|YDQWDHRMZQUTBA|YMCYJIJWKFYPMN|YSIFYNVXJOGADM|ZJDOESGVOWAULF
44657258426ba4f0c81e3747,riken,JAYAGJDXJIDEKI|NKMVPHNGKMCDLC
446b76285fc4b110272c7ca1,riken,LPYXWGMUVRGUOY|LUKBXSAWLPMMSZ|MLVVTNIFHMERMU|MWOOGOJBHIARFG|PCMORTLOPMLEFB|UAHWPYUMFXYFJY
446fb96a839d7e13519f071b,riken,IUSZMBXMNBITIK|OSDLLIBGSJNGJE
447bebedf8caaa7bb6eb0573,pluskal_ms2,AJCJQDHDAWZJCX|UFOFMWAGMPKJBB
4493af100cf6323a870868ab,pluskal_ms2,LNSXBBOFWRRZGM|RNBRLCCWVAEXET
4495fedb6ca5564b7d53d65a,riken,NRNOIJZZYJOCDE|XGVJWXAYKUHDOO
4498feb37dadacd1535be015,riken,BKVDVQYVPMCYQR|MXGAOIRJBACCEY
449f5cea25a5b24cde0ff2fa,riken,UUDZDKPKXAEKLA|YVIVANDTNNUXRH
449f6ec8211f37bd47c3536b,riken,BGTCFSJRFQXBHW|FIDOCHXHMJHKRW|XRARAKHBJHWUHW
44a40e5a3e7e0ca3bb9720c6,riken,FDASUPFDHLZNSK|PUPKKEQDLNREIM
44d05b7407f2de1ca8405283,riken,AAGFPTSOPGCENQ|CIKNPMUSQDPKAK
44d70aeeb7db90a8dc7bb60f,pluskal_ms2,RZAZLALCJQVAPC|UULVWARUZBRKLD
44ecb4537aef14b886db89b1,pluskal_ms2,KLVFERIITBXTIL|WVVUGOCPOVLEAI
44eea58436271095b1ce9a0d,riken,OICIAYRGTXPUNW|WJLHDYQXCJXZGV
44ef14bc466690821edd4b9f,riken,PWNTUQHZNAMVQO|UFKTZIXVYHGAES
44f4c7367e89f9aa168f0d57,pluskal_ms2,LWZDCFBWESPALX|PGBRWDIOAWHWOX
4504af7954cc189e234fa87e,riken,NNDOCYLWULORAM|XRARAKHBJHWUHW
450c913b199048e754046b4a,riken,CVAVMIODJQHEEH|GQSWROAHWOCYES
450fdce8e07a0e693f7b1b71,pluskal_ms2,ATGNLOUPTQGNME|NFRXHMPNKCYKNN
452db1f74da49d46371a3125,riken,CCRXMHCQWYVXTE|CIUHLXZTZWTVFL|FRMCCTDTYSRUBE|GMTSSMHLANUOGS|HVBACKJYWZTKCA|JPEPPDJNTDNMQL|JYEDISZKFNNREA|KKMPSGJPCCJYRV|KTZNZCYTXQYEHT|KVAQLXUMUVEKGR|KYELXPJVGNZIGC|KYFBXCHUXFKMGQ|NGFMICBWJRZIBI|NRPKURNSADTHLJ|RLDVZILFNVRJTL|RLVCFPDMEANTCJ|SOVOCMGDFRGRKF|VDYCLYGKCGVBHN|XUCIJNAGGSZNQT|YKOPWPOFWMYZJZ|YOSRLTNUOCHBEA|ZOCKGJZEUVPPPI|ZPFRAPVRYLGYEC
4531d972c86c23df95a5ecb4,riken,KRYFHYSXWHRZKT|NVKAWKQGWWIWPM
4536ba76a1005c8abc3ebacd,pluskal_ms2,PBAPPPCECJKMCM|SVOQIEJWJCQGDQ
4543ce428fc378f0661f2824,riken,CMZBHJZZCBTJGG|HLHZQJPJPNQANY
455166b31ca37b987780c6ca,riken,RERVSJVGWKIGTJ|UXVPWKDITRJELA
455aa42b9434284f1eedeaeb,pluskal_ms2,ATGOUMQDRBWCTG|IVNCONQKTFXXOW
455f231bbd5a65cd4794316f,riken,FXFYOPQLGGEACP|QCQGNTXXPCJRFZ
4567b00f21eee98b23a14a57,pluskal_ms2,ITOJSSZNFNNLGQ|UVAHMTDZARCXIG
456d43dcad2dbfa70901bed0,riken,CTGCWSGMWONEJE|TYUAGPZTMCIDLX
459872a3ce3d9f03711251a7,pluskal_ms2,GRTAEXYBNGARKQ|KIAZDLSDTVXHQF
459db97c1962f4f8a976c97c,pluskal_ms2,FLHUJBKBZZRVCG|VNHOPSNATDRMNE
459dcc7c68eebec201147196,riken,GWDFJIBHVSYXQL|JZZOGGANLSAZTC|OBEHELRBTWMPHI|SZNJLZSXOGIOOZ
459dff1320d9bf372a6d225c,gnps+riken,FTVKHUHJWDMWIR|GXHQODLTRMIQQU|INOGLHRUEYDAHX|MVPCMGQGQCCOSI|NGSWKAQJJWESNS|YQHAWUJDYLUTMU
45a15e1f5fae1f28744dae42,riken,GBXXXUUAOFPGRP|GYFFKZTYYAFCTR|NCAZLDCEJHFJDT|RERZNCLIYCABFS|VFPFQHQNJCMNBZ|VRDCOPNSCZLBLD|XJOTXMLDNWCDRH
45a5db36f2398c4c23dfa911,pluskal_ms2,ADPBWRONXXWBJX|PZZYVYJTEQDIRL
45b533b2b321ff461e5029b4,riken,DZWQPAFWILBODA|RXZBMPWDPOLZGW
45c96baf07dba288858e5c4b,pluskal_ms2,QDRCEIFSUYFTIV|YCXCRFGBFZTUSU
45dcfdcdcb617388a18ccb3f,riken,UFUVJROSOIXJGR|YRECILNLFWZVRM
45f0002021a1a7bb52900610,riken,NSEWTSAADLNHNH|WYKUTTFFZMQCGO
45f10e11cac9a65e2f8a64de,riken,OHCQJHSOBUTRHG|PIPAJLPNWZMYQA
45f240467774193a7344aff6,riken,BHPGRVQWTLDDQX|CBRIPBVLBHVFML|MBWUSSKCCUMJHO|QOMBXPYXWGTFNR|UYXBVRMASFBLKM|YMGIZFOKBPQFPX
46060a06d014a35e056fadf4,massbank,IQFYYKKMVGJFEH|PXOZAFXVEWKXED
461b6363f7ec6002d2ac71c5,pluskal_ms2,JDNHQANVCKLXRQ|YZOQSKZLTMUEER
461b6e4baaf38f6286b6de95,riken,OZTXYFOXQFKYRP|XAIUTKHLNZBMEG|YVPXVXANRNDGTA
462e5bcc305cfead76705d93,riken,CDRPUGZCRXZLFL|FLIACVVOZYBSBS|ILCZJAQMVSXUKH|IPCSVZSSVZVIGE|JMSVCTWVEWCHDZ|RGZSQWQPBWRIAQ|YWJXCIXBAKGUKZ
464cea44312b0fc52d92d68d,msdial+riken,NWIUTZDMDHAVTP|YVCVYCSAAZQOJI
465e2930f87cdc0b68429794,riken,AMXYFWUYMQOLRN|BLZGPHNVMRXDCB|KGGGRGBDMBZXKF|NYSZJNUIVUBQMM|QISXROCIXKXUPS|SHCBCKBYTHZQGZ|XCUCMLUTCAKSOZ|XSLKAKROJKMHIT|ZUADKIVUCPFXDX
4665069f697dcad9cba2f800,riken,OZNNWTQYFYFKJQ|REZRQXGLFNRJRN|ZFGICBIPGQQHGH
4681bde3285382e2f7db8467,riken,IAKHMKGGTNLKSZ|JXCIHLUSRQSSRY|KLXHCGFNNUQTEY|KTEXNACQROZXEV|LVCXAKWFQYYXLU|PXQNZQURQNZGKZ|WTLLIAVPAMWKOT
46853d9cb479ebcc6e0f465b,pluskal_ms2,MXTLAHSTUOXGQF|VZTUIEROBZXUFA
4686be011cfa5e7c4d79c62a,riken,RPYHJEFMMXMMHG|ZKWQQXZUCOBISE
468be0bdcf48ba142125ae37,riken,PBKJAWKRZRAQQO|QMNWISYXSJWHRY|XGPBRZDOJDLKOT
4692a589170feeee0a4971ae,riken,HCKUIVZXCXTBEH|OAVAUZCEOWCYCC
4693e4246fbd98cfc712e483,riken,IIWUQMDYQWUJCW|XWQGRJXKNVHATI
46997663061c0e0b5fbce002,riken,HLHZQJPJPNQANY|XMVQWNRDPAAMJB
469b6adfffddd8864cbc5f58,msdial+riken,KHPCPRHQVVSZAH|NOWZBRLFRHWZOY|VXTQFTUOAJRUDO
46a071e99055d35821dbb350,riken,GLWPLQBQHWYKRK|XGPBRZDOJDLKOT
46a2b604d8a8cd632b77e775,riken,KBMOUMVVDXEABW|OQDGBIQQFFTLKL|QQANTDQGINANND
46afb921665940d6280dfad0,riken,CITHEXJVPOWHKC|IUCHKMAZAWJNBJ
46caa273f1fabff169e78780,riken,DMCPFOBLJMLSNX|DXYUAIFZCFRPTH|GBLZBLJGCQTQMB
46cadebeae5a00480a9ee407,riken,MPXAWSABMVLIBU|QOMBXPYXWGTFNR
46cf0098ce41317d0b2b8a7e,pluskal_ms2,APIIIPKQPKSIHU|YPMYAACWUFNTEB
46d0157541208b4924f336f4,riken,DFUXHMHWOWANRY|KUNIPLHOIJFHHR|XWOLWJSHOPYCNG|YQNLTBIQEYMXGA
46d3a0514ac1f6aa34edbfe6,riken,CPJKKWDCUOOTEW|CZMVEBBPDBROJA|FHVFUSPXGKLDPN|HUOOMAOYXQFIDQ|INVGWHRKADIJHF|IOPDFSGGBHSXSV|JEJFTTRHGBKKEI|NBVTYGIYKCPHQN|NQWVSMVXKMHKTF|PULWZCUZNRVAHT|REZBMFHXMQAQGQ|RHJULGLSOARXMO|TZAAYUCUPIYQBR|UCZJPQIEFFTIEV|VFAMXXXCIPXUHZ|YRAQEMCYCSSHJG|ZNXDFTKQSCEJGE|ZZMNWJVJUKMZJY
46eeb7f2c116497ad56e678c,pluskal_ms2,ASRXEZIKGLIGGL|VFWXVTFDHYMRIG
46efd0653100e9bc21b82a24,riken,KMPWYEUPVWOPIM|OHJWWOZXCKEOGK
46f39a5ee0b6338a9ab7a6ce,pluskal_ms2,NZCIONSHJHDGFO|YTHSDGLNDXPJAJ
46f6fc7278c8a8c2095e6faf,riken,GZYPWOGIYAIIPV|NLAWPKPYBMEWIR|YKGCBLWILMDSAV
46f9d78b041d4f67c45dda3d,pluskal_ms2,DEDXOELQYHNPFM|LVKRLQCGHRMNRC
470be91a19bf2404df2fdf21,pluskal_ms2,QYENEJZFFZRKRV|XMZWMRWRPXRDHL
47193004a56268dfe4427778,riken,CMKFQVZJOWHHDV|MVCCWTMPDBIKCJ|TYUAGPZTMCIDLX
47249b0b90e3bd9c8efdda78,riken,LTJSBYAKDOGXLX|WYDPEADEZMZKNM
47276cf345458a298d23d5f0,riken,AEPCMDRTWXAGAK|USSZROTZVDHBKM
4731a1a53f57eda49c967be5,riken,MCPFEAJYKIXPQF|WHFUDAOCYRYAKQ
473ce4177d63cf7f5d554205,riken,IHUNBGSDBOWDMA|LDIBSYFCDDKIQX|LZERJKGWTQYMBB|TUUXBSASAQJECY
4752bd4a4c99e2816febfbb2,gnps+massbank+msdial,OYHQOLUKZRVURQ|WJCNZQLZVWNLKY
4755493f7278dc96695b5de3,riken,DXDRHHKMWQZJHT|RVLHHZKCFQNHII
475969659eebf308774c96ad,riken,WFRQIKSNAYYUJZ|XYNPYHXGMWJBLV
475e955c93a08915b05ebf00,pluskal_ms2,UBYKKSNRJIVBEI|VROHGNXCTIWHOM
476e571d1913c7affb90cad5,riken,ACNHBCIZLNNLRS|DBOVHQOUSDWAPQ|FEPAFOYQTIEEIS|ZULSSCAFEXMMQF
47879b610dbcdc18db1e7e18,massbank,JDSHMPZPIAZGSV|VXIXUWQIVKSKSA
478acce56f7585f9fe76e32d,riken,GJHXLOJRUGWNKP|GWHCXVQVJPWHRF|SLJTWDNVZKIDAU|UWQXJCZFCNIUHA|WRXVPTMENPZUIZ|WTBZNVRBNJWSPF|WVTKBKWTSCPRNU
47bae6f8cd83796d25824ead,pluskal_ms2,SIVKHOSFHOJITQ|YFISZQQDGWSXEE
47bc188dff7e9f86159275cd,riken,KLXHCGFNNUQTEY|KTEXNACQROZXEV|PDAYUJSOJIMKIS|PXQNZQURQNZGKZ|QVXHDRIBXYOKQA|VYIKEBWUZLHWQK|WTLLIAVPAMWKOT|XRARAKHBJHWUHW
47bd0a3cd15687800d3fe6cb,riken,AGABNGOXUSXQDD|XDROKJSWHURZGO
47c82b1b2466e109d6c826f3,riken,KILZIJKCZIGLFJ|KKOLMSSIDZXPLS
47dc41f33c59f35c1defedf6,pluskal_ms2,ADXGNEYLLLSOAR|LQHDJQIMETZMPH
47e60b320240515b26d61f26,riken,FTVWIRXFELQLPI|JNNGEAWILNVFFD
47f3cbc874c06a03fc89de53,riken,LKBQICPDNCGJOH|REZBMFHXMQAQGQ
47f5b7edb4ece509191b3f5a,pluskal_ms2,MNCPFWLONMHTBU|ODDAWIAPCQZZNB
47ff04bfedd8373c33893d77,riken,AEDDIBAIWPIIBD|GQRPJUIKGLHLLN
4804a2094ea21725bd324782,msdial+riken,BRZLPCQEKPAETF|CKQJTGWITOTSIE
4813ebab622c9f84356260b8,riken,ASWVTGNCAZCNNR|FIQMHBFVRAXMOP
4818b1cc5b322b1676bc494f,riken,FEWJPZIEWOKRBE|KHSCYOFDKADJDJ|OYHQOLUKZRVURQ
481b13c5cdeda5207693ac00,riken,PMVCHAWVCIWVLP|SLJTWDNVZKIDAU|VWLXIXALPNYWFH
481d6cea4664076811598e7f,riken,DFPMSGMNTNDNHN|ISQRJFLLIDGZEP|UBVJDBFJGYOVQT
482ee44a2c6f9821fc63b4ce,riken,DTNSOISBYQKHCS|VNLOLXSJMINBIS
4835ba3daaf887ebea0fec1c,pluskal_ms2,MBELGAQBYWCSAX|QULYBEMQHFMVJL
48422daab37339c6da12fd8a,riken,CDRPUGZCRXZLFL|CHACNMULAGKUQN|YTVGSCZIHGRVAV
484c4f71ca36f03d461f3c24,pluskal_ms2,MNCPFWLONMHTBU|ODDAWIAPCQZZNB
48519ac6e706d190d8d5a594,riken,ASUTZQLVASHGKV|FVFSMBDVZVUETN|FVHFOJVXQABRQG|HCUSLQJBGQJQCB|HPVWWHYNAAZHQR|HRYLQFBHBWLLLL|IUSBVFZKQJGVEP|KBMSVODXFLAQNJ|KEOITPILCOILGM|NKTORRNHKYVXSU|OIVDEBIGYOTPKV|OTJBXGAQAVEFCP|VQQGPFFHGWNIGX|VUEGHZSQVJADCO|WENNXORDXYGDTP|WRYJYFCCMSVEPQ|XSQFDXNJFMCRGJ|YCXUCEXEMJPDRZ|YKPUWZUDDOIDPM|ZFXYFBGIUFBOJW
48574c3a37dfc2a8b83060fc,riken,IPCSVZSSVZVIGE|JMSVCTWVEWCHDZ
485e7f035d4627c4ff94afe5,riken,GZSOSUNBTXMUFQ|GZYPWOGIYAIIPV|NLAWPKPYBMEWIR|NODILNFGTFIURN|UEDUENGHJMELGK|WMBWREPUVVBILR|ZQSIJRDFPHDXIC
4864580a0a07a95d81f5ed8d,pluskal_ms2,ACCFLVVUVBJNGT|UQTPDWDAYHAZNT
4872947f3eb35a578de96e9f,pluskal_ms2,KFGWNIGZMCIXJX|WUNZLRSOMAHYDP
4875056d64099529432a95f5,riken,ALERZNQPBWWLMW|ARPGURKWJGBPTN
4878250efb7e0bb92ecfa633,riken,IMKJGXCIJJXALX|MFIHSKBTNZNJIK|RDJAFOWISVMOJY
487db447eaa549f1330687cd,riken,CWBZAESOUBENAP|FNMHEHXNBNCPCI
487f9907660e573199ace012,pluskal_ms2,KBORUZAANHVCGZ|QPBUJNUECVGSHA
4882df56a00b233328211d34,pluskal_ms2,JFYYCQXZVIOBKU|LAXGVLPLAROBNQ
4891010209b8f24d383000e8,pluskal_ms2,FLHUJBKBZZRVCG|VNHOPSNATDRMNE
48b1c70e2be9db9170c9f022,riken,NEBPBFLVSYFRQE|OVSQVDMCBVZWGM|QWDBCIAVABMJPP|XIKYOEXOYRWIOU
48b3e613c1666fb201ec407c,riken,GVQOVMKBYJKZSY|MFMQRDLLSRLUJY|RCTKRNCKOYYRIO
48bb7f98730d7b35e40ca3fd,riken,CJNSZGMXFQQMOV|GBADBFAXAWZGHM
48c1db9bbba50b24e3883fc2,riken,ARPGURKWJGBPTN|RIXNFYQZWDGQAE
48d713a9ccefeb24ce944f00,pluskal_ms2,CEIYBVJDLDUALL|ONBUDYDHHLFSPZ
48edcbd9731b8b866b9b7872,riken,BEBLLQPTMVOKAX|STECJAGHUSJQJN
48f1c73e8466e98baec1be59,riken,HUKSJTUUSUGIDC|TYNLGDBUJLVSMA|UWHUTZOCTZJUKC
48ff1aa0de63d200c692c8a2,riken,ASUTZQLVASHGKV|FVFSMBDVZVUETN|FVHFOJVXQABRQG|GMTJIWUFFXGFHH|GRTOGORTSDXSFK|HRYLQFBHBWLLLL|JNRJLCSYIQFLDS|KEOITPILCOILGM|NKTORRNHKYVXSU|OIVDEBIGYOTPKV|OTJBXGAQAVEFCP|RSWGJHLUYNHPMX|VQQGPFFHGWNIGX|WRYJYFCCMSVEPQ|XSQFDXNJFMCRGJ
48ff8743b8a93b6accf211a7,pluskal_ms2,DROPVPJMRGGPKM|ZJEPNTABSZKVMM
4900d96ba87eb76d09573ef4,riken,RTNZWGMBYCVCPK|XZTUSOXSLKTKJQ
4922b6e728ef289b9089cf36,pluskal_ms2,WBFAVGUESWCDPL|WPTPUPGXMPKMND
4927dc1e04a345ba398de0ef,pluskal_ms2,WRUYWUZCEXHLHL|XNCWGISKEPDGKJ
49280dadaa60881933cdef3d,riken,APZYKUZPJCQGPP|DRRWBCNQOKKKOL|OSELKOCHBMDKEJ|PCMORTLOPMLEFB|PNTWXEIQXBRCPS|STECJAGHUSJQJN|UFUVJROSOIXJGR|UVDQDNQWGQFIAO|YPMOTUXWPXDQDJ|ZMKZIKHBSPDWEF
493e0656570b1b3ea80eafe5,riken,LHRODNGBSOEBAU|QTEXZXUEISELDK|QUQPHWDTPGMPEX
49436710ebb4b93394845cea,riken,GLQYFMRUYWFXGT|UUDZDKPKXAEKLA
4943c852e16dd73679d21228,riken,DWCCVUBESGIKQL|FCEVNJIUIMLVML
494eab5798c08d87cf9df00d,riken,JUKFJOYCFLIWIA|JXLYSJRDGCGARV
4966aec0b2eb4246bb070c8a,riken,APTNOIWSCDBIAS|PCZOHLXUXFIOCF|VJILFEGOWCJNIK
4976d1d1dd9b9cb6b56cdabe,riken,ABDZGGVFJYHTBS|GVEICTMRUVWSCF|IRDDGQRTXGSVFE|IUOVOAJPVOWNCJ|IYPYOSNUSXBFTR|JTYYHSPDVLJFOJ|KONAXQKGWYDUTG|LHRODNGBSOEBAU|LLHJXODPYGGYCJ|OFSZOCPGPLMCBG|QBILRDAMJUPXCX|QTEXZXUEISELDK|QUQPHWDTPGMPEX|UGRTULRMPFVUBH|WQVCDQYJDQXJLY
49785491c8fbb05f22800ad1,riken,MALUGOVXWFDNBU|VXNJCLUDBLYAOL
497e053737b1f7eccd4d0dac,massbank,HRKAMJBPFPHCSD|KVMPUXDNESXNOH
49830acace413de6a9376c5b,riken,FOTOOFMZLCVYRC|IUQOJESNSFQLHI
4989d4d63c1496f0efbb7ca0,riken,DOUMFZQKYFQNTF|KGEKLUUHTZCSIP
499241f0804f2542d8f8a152,riken,LIHLSLRANKCHLV|OXVUXGFZHDKYLS|PANKHBYNKQNAHN|QUCQEUCGKKTEBI|YTRAYUIKLRABOQ
4996b3d8c26bad59f37ff6b3,riken,JBDCDOBVMZPGJA|JGEMRNWCJLNVDH
499b33d6dc0f03204f43ab2f,riken,AEMJDNJKSCBKRL|OVSQVDMCBVZWGM
499dc7b5757858234a95f6e4,riken,KTZNZCYTXQYEHT|LMEHVEUFNRJAAV|NRPKURNSADTHLJ|QASFUMOKHFSJGL|YOSRLTNUOCHBEA
49c0485612dd650f5b2a0554,riken,CQJPSSJEHVNDFL|QEANLIISUSNNDX
49c4ed86b7e52445ae171640,riken,ALYHYIXFUOUIHJ|QJKMIJNRNRLQSS
49c651d304909a8dc3005079,riken,KFYOFJUUTSALEH|PWAOOJDMFUQOKB
49c94fa61f3a1f0b2d469c4f,riken,JDIORNFCMMYMLF|WTBZNVRBNJWSPF
49d2cb493be17d50ac000e0f,riken,BKGUPIVDQHHVMV|LSHVYAFMTMFKBA
49d60d9677bf9e811260560a,pluskal_ms2,AUPVXELYDOKUDB|RSHLQDXUKBUQRK
49d89934b2c1f82e091385b7,riken,FPIVCKLVSVCJHW|JPJDIOVDAAVUNF|MOIJAHWAZFJXSM
49ee7e90d455c51248fc165f,riken,AYNMYQSRRVGZDT|BOJKULTULYSRAS|FSTKYJOKUUVVMY
4a157659b744b5a57bea297d,massbank+msdial+riken,HVYWMOMLDIMFJA|ZSPWEUZMDXEYMX|ZXIATBNUWJBBGT
4a1651c97b6bc59c11723875,riken,AALLCALQGXXWNA|AVXFIVJSCUOFNT|DYOKDAQBNHPJFD|FHIJMQWMMZEFBL|FRMCCTDTYSRUBE|GCJWPRRNLSHTRY|GQRPJUIKGLHLLN|GVRNTWSGBWPJGS|HVBACKJYWZTKCA|JLJAVUZBHSLLJL|JMUOPRSXUVOHFE|JYEDISZKFNNREA|KRQDMAXNTWLTDZ|KTZNZCYTXQYEHT|MDAHEEBYLFVHSJ|MQDZZCJYWRZONM|NJUXRKMKOFXMRX|SJJRKHVKAXVFJQ|VGJOYFZLAIERID|WLNDANGOFVYODW|YKOPWPOFWMYZJZ|YMGFTDKNIWPMGF
4a1943e4b906f06782f845e5,riken,FVWJYYTZTCVBKE|MQYXUWHLBZFQQO
4a1dec928fdb11146a111142,riken,CTJZWFCPUDPLME|DYDCUQKUCUHJBH
4a2099364e6895a5bcf11e9d,pluskal_ms2,BXSWNEVPGYRLEF|MTIQGFJEGKOVQK
4a3150b34cbacb006348201f,gnps,SDEURMLKLAEUAY|YAMUFBLWGFFICM
4a341b7eb154873ae955d718,pluskal_ms2,NCCUROCZYCSKOD|PEELMVUBOGZJLX
4a34bf087f72f120a1c7f62e,riken,ITVGXXMINPYUHD|NODILNFGTFIURN|PQHNJDATPYXLIX|SEBIKDIMAPSUBY|VAMJZLUOKJRHOW|XJOTXMLDNWCDRH
4a4e336fd5141ba989cfd892,riken,DBODJJZRZFZBBD|FIQGQTITXPTKIY|IAOZJIPTCAWIRG|IVAAIDDXJLCZQF|WYOTUUJXYVODGL|YHWNASRGLKJRJJ
4a50ddf73247c11364cd0f94,riken,KSSWRUXVLNZVCO|ZFNQFXDDQAEAFI
4a51f5ab447a94bc5ec56b25,gnps,JUCVXDDMQHPCKT|MYBGWENAVMIGMM|SBBYBXSFWOLDDG|SCMPXORBOTWFTI|YGYBFMRFXNDIPO
4a530660abfdbfb9c7780d1c,riken,CPJKKWDCUOOTEW|GWDFJIBHVSYXQL|KLMZPLYXGZZBCX
4a5774e75de389157365b630,msdial+riken,FAUTUPCMPPIYHO|XWDUIGPTBYOBBP
4a5faa2f53bf2f9b0c99e68a,riken,SKYPPFSYUDCEQR|SYLIRTRYLBYOBO|WRXVPTMENPZUIZ
4a6d0f8c3f136633d0c4edea,pluskal_ms2,DFSNUDFNCOQUSJ|LXVCQCRSHWSFRS
4a94348e090e5071fde32abc,riken,AZAZKLKDEOMJBJ|SFLMUHDGSQZDOW|YDQJABBOEPTJBN
4ab06252073a7e783faab893,riken,CNNRPFQICPFDPO|DAXSYTVXDSOSIE|FQTLCLSUCSAZDY|OHVJCFZJKPEJRL|SPAFMWIHXVIIPF
4ab94c2566774225b5271f19,riken,PVLHOJXLNBFHDX|RDJAFOWISVMOJY|XPMQJVHMFLZDSA
4ac3f4652dfb0b8a16cdb54f,riken,GRTOGORTSDXSFK|KBMSVODXFLAQNJ
4ac9647527efa7b887632e60,riken,CTJZWFCPUDPLME|DCYOADKBABEMIQ|GZYPWOGIYAIIPV|NLAWPKPYBMEWIR|QOVKKEKBURQILF|QUQPHWDTPGMPEX|QZZGJDVWLFXDLK|REFJWTPEDVJJIY|WMBWREPUVVBILR|WYQVAPGDARQUBT|XQDCKJKKMFWXGB|YYHALSQIUVXMSN
4aca66ab8c68f848c7d0e055,pluskal_ms2,JVZPGYIJXCWFMH|PBFBWKUVMUZLGD
4ad4554e9ca86d902d4543d9,riken,GBJKHDVRXAVITG|ROTMXRXTGVWUHF
4ae548651711201cfddbab43,riken,SMZYCXAYGPGYRS|UEDUENGHJMELGK
4af9d5dc86e3ae9523bd905a,riken,FRMCCTDTYSRUBE|KTZNZCYTXQYEHT|NRPKURNSADTHLJ
4afba51394420a22cbad8e4c,riken,FSTKYJOKUUVVMY|UCICMEZSJCENSS
4b02b620990423cd27c14ceb,riken,BROOMPUVDPTGEG|CMKFQVZJOWHHDV|UEDUENGHJMELGK|UJZQBMQZMKFSRV|YBNGMTPOCJXHDM
4b0f7d5fd4e74697ebe33a97,pluskal_ms2,MOHGSMMTQPPBRA|UAQPQLSIUBYIKF
4b0fc67834088e0c1dae115b,riken,GGQVPULXXVQLRT|HJRVLGWTJSLQIG
4b27a4e49e8a10771db8f2e6,pluskal_ms2,JUUDNBKOOJEVBA|UTKXNPBRSKXJEW
4b45dd48079393182bc3df59,riken,LSHVYAFMTMFKBA|QCQGNTXXPCJRFZ
4b517ea8f442e9acf65527ea,gnps,ACCFLVVUVBJNGT|UQTPDWDAYHAZNT
4b5eb8a607a5500e8cde9b02,pluskal_ms2,BOEMFEOUVXWWNZ|WWTABXAXNXQPOH
4b5f36317a10d9fe003495c3,pluskal_ms2,RADRBZBLNXVQEU|VGGGPCQERPFHOB
4b612f6ccc29a723b858c639,riken,CXVOPJQBVVUOTC|JMTMSDXUXJISAY|NNRLQJLRICHBII|OFSZOCPGPLMCBG
4b628e6006947b9805fe29ab,pluskal_ms2,AJCJQDHDAWZJCX|UFOFMWAGMPKJBB
4b653f9444b9a8d5c941c241,pluskal_ms2,APPSMRPOZOOILN|QNOQKNYTTJIAFL
4b6a011c335640635e65ee67,riken,GOSWTRUMMSCNCW|OIRDTQYFTABQOQ
4b7b3dbf1b89d3c2c1acb3a1,pluskal_ms2,LTXREWYXXSTFRX|VKXWOLCNTHXCLF
4b8208aed152c490486ef33d,riken,HNGNQFQJPOBLJE|YQNLTBIQEYMXGA
4b8253cbb28b9228392661f3,riken,KBMSVODXFLAQNJ|WYJAPUKIYAZSEM
4b87c01f3685dcb215a72559,riken,NRPKURNSADTHLJ|SBHXYTNGIZCORC
4b882156ab4fd6a3cecf132f,pluskal_ms2,KOJNQFFODPLEAZ|ZTNKAWJJXPYVLP
4b970a3a6f1e225427c73559,riken,ACVGWSKVRYFWRP|BXNJHAXVSOCGBA|HGJXAVROWQLCTP|HMMGKOVEOFBCAU|KVKRFLVYJLIZFD|NEQGOKAKPXXESR|OKPSCKUJXYCMPR|PHFUCJXOLZAQNH|PSOUXXNNRFNUAY|PULWRMOKQNWQBD|QKQLSQLKXBHUSO|REZQBEBOWJAQKS|RYHDIBJJJRNDSX|WCGUUGGRBIKTOS|WFRQIKSNAYYUJZ|WMSZDXQCLFUBAQ|WWVZUDKBWRFNRY|XUARCIYIVXVTAE|XYHOBCMEDLZUMP
4b9c4742aaccc9fe4ef903a1,riken,MWWBDLRPMWTLRX|OUTJRQWSVYAHKN
4bb432659b33579490d6eb7b,riken,DCULYKVTBAXAER|JRHMMVBOTXEHGJ|NNDOCYLWULORAM
4bb93335b5960dd47d3da1f8,riken,OAVAUZCEOWCYCC|SIBYGGBNBRCVQI
4bc2a434eff901630512c717,pluskal_ms2,JBPUTKVOSWJTTD|UEXJCBSEXADJCE
4bcbf94b200d0e1ce196893e,riken,GOOFZOQDLIMARN|OQANKTWSGPYURN
4bd09ba015804035034901ee,riken,CJNSZGMXFQQMOV|MSKVJEAKVWAQTA
4bda8417b199b5435ce6a594,pluskal_ms2,CQPNHLMWWVMZRW|NMRMXCLXYLASKB
4bde65a08bf731b7f5e4cba2,massbank,PPDBOQMNKNNODG|QWENRTYMTSOGBR
4c063a21560d11a5078b4a6a,riken,FVFSMBDVZVUETN|FVHFOJVXQABRQG|GRTOGORTSDXSFK|HRYLQFBHBWLLLL|IUSBVFZKQJGVEP|NKTORRNHKYVXSU|OTJBXGAQAVEFCP|VATOSFCFMOPAHX|ZFXYFBGIUFBOJW|ZSBXGIUJOOQZMP
4c09dbe918aed0d12275e785,riken,DCBSHORRWZKAKO|QWQSMEDUZQDVLA|RHNFCIPJKSUUES
4c10f3aa7f927bcab39e3d5b,riken,QLKSLGRVBGVPPG|ZWRRJEICIPUPHZ
4c1bf6df0ba7144e2279a4d7,pluskal_ms2,DMCKFAOCACFYQG|XPOJRNNBAARAGP
4c1d3aa7798a364c36a58ec0,riken,IKGXIBQEEMLURG|KXVRUTRUTLGTEP|VUOFIHCZMOIBFY|WKBWYWJYOAONEI|WMEBIWWUBWHAOJ|WURLGASLEZVNHV
4c230910eb4b18e78b3daa89,riken,AYWNHWGQTMCQIV|CYBWUNOAQPMRBA|CZCIKBSVHDNIDH|FIHJKUPKCHIPAT|HUJXHFRXWWGYQH|JJURGRVZASRDDE|KVKRFLVYJLIZFD|NVVDQMVGALBDGE|OUHBKBTZUPLIIA|PTDAHAWQAGSZDD|PZMKVXLYUUFZPT|QMGGMESMCJCABO|QMNWISYXSJWHRY|ROLIIKCIEQNTMT|RWSXRVCMGQZWBV|SDXKZPQOVUDXIY|UVJYAKBJSGRTHA|UXUFMIJZNYXWDX|VSJKWCGYPAHWDS|WIONIXOBNMDJFJ|YWJGYBXHXATAQY
4c232f56306f014d64064092,riken,ATJVZXXHKSYELS|GSSPKCPIRDPBQE|GVRNTWSGBWPJGS|GWHCXVQVJPWHRF|HZIBYJCDCHVSPK|LPHOGVFYEBRXSC|PMVCHAWVCIWVLP|SVHJCTSSYQPWEV|SWOVVKGLGOOUKI|UAPZTGRENZINFN|XVOHELPNOXGRBQ|XYYAFLHHHZVPRN
4c3027575bbd2ebb7e36fec6,riken,GVRNTWSGBWPJGS|LLPWNQMSUYAGQI
4c369461fc9651d70ae51ce2,riken,GDGZMMDZJVKXTP|MIBATSHDJRIUJK|OZTXYFOXQFKYRP|ZPEADZHVGOCGKH
4c381ff31a8f13ce91785a29,pluskal_ms2,JVZPGYIJXCWFMH|PBFBWKUVMUZLGD
4c3cf4d5e6192931931a0c97,pluskal_ms2,LWZDCFBWESPALX|PGBRWDIOAWHWOX
4c47a6c209ec983e39071bb1,pluskal_ms2,FJABZNARGCQYHI|IBHPQPWGCJIELA
4c49b663a6971633c40d872d,riken,CSGQJHQYWJLPKY|ZCEMXUNJITYHIZ
4c694a41df8e27ca96f85396,riken,LSHVYAFMTMFKBA|QCQGNTXXPCJRFZ
4c6e46eab4e94e0f704a2a9e,pluskal_ms2,BRRLAKHLNMKPSH|GDQAHQCHCRXPQV
4c7ee6e97cde9ac419d80e56,pluskal_ms2,SIVKHOSFHOJITQ|YFISZQQDGWSXEE
4c83fa13f4eca7dd584ee5ec,riken,DYFUVQSGLMQLRX|VXMOIPRQSYFTHI
4c8617c2d0a349381ce07852,riken,CDRPUGZCRXZLFL|JAYVHSBYKLLDJC|PSOUXXNNRFNUAY|QNBLVYVBWDIWDM|VUMZHZYKXUYIHM|WMSZDXQCLFUBAQ|XYNPYHXGMWJBLV|ZZUFNBURDFJFSK
4c88903a7944a7b4477ffeb6,gnps+riken,KVPLVCKTEICQDV|ZPPQIOUITZSYAO
4c92f3906df5766835de815b,msdial+riken,SOVOCMGDFRGRKF|XZPCFZLGAZNCOI
4ca1a0dcd808edd9d02eeaf7,msdial+riken,MKUXAQIIEYXACX|NWBJYWHLCVSVIJ
4cd04b6fddf2e49744e806f1,riken,IMQLKJBTEOYOSI|YURJSTAIMNSZAE
4cd3c70667a67a1180f0375d,gnps,CEIBBOWWGZPHFO|JAIDVTGVKPOASW
4cd6ab240be6d01d523b1f3c,riken,JJVSDUQOSRRODQ|MWEZHNCHKXEIBJ|NTSAVLDATFYUQZ
4ce93c423555a60c417be5a4,riken,BHPGRVQWTLDDQX|JJVSDUQOSRRODQ|MWEZHNCHKXEIBJ|NAIXCRGIEGDRIQ|OWMJDOUOHDOUFG|UCZJPQIEFFTIEV
4ce999a1d2db97fd8e56963f,msdial+riken,KPSRODZRAIWAKH|LDHQCZJRKDOVOX
4cf2e9d0681026a9da0f5565,msdial+riken,AHLPHDHHMVZTML|XRARAKHBJHWUHW
4cfc6b659f620fad69be34dd,riken,DBUNRZUFILGKHP|JBFOLLJCGUCDQP
4cfd2cd5d1538f3f9331c15b,pluskal_ms2,ICBUCAMTLOPSQP|MBGZTKCRLRLDSL
4cffc64a1ddea8475c056ab6,pluskal_ms2,NMQSSBYLGGVTDZ|OHGVHQMHGXAVGR
4d083c04f50953511918dbcf,pluskal_ms2,JWSUYYYSEWWBFM|RWCMOQXHIDWDDJ
4d19417188ffcfe08e6ca839,riken,ATJVZXXHKSYELS|PHDZNMWTZQPAEW|RKUNBYITZUJHSG|SLAWMGMTBGDBFT
4d19c3c77cf087598cb04f0d,pluskal_ms2,GGEYBVAPNCCXKQ|OSFYWKJULMWTDG
4d2e29396542ee710a36267f,riken,YEFOAORQXAOVJQ|YFPMXVUCUHZMPA
4d37280060d95c537340e2ee,riken,DQOHLVPBHZDXQR|VETFWJPJUHRUQG|XSYFJARDFYYUAD
4d39c6b49a6cb2b3af092aa4,pluskal_ms2,LDEMKQVEUQTLTJ|XCUTWOJRCRSBLM
4d4d43b3ae8c0e54568f2853,riken,DXPPUWBUOSSSAV|FVWJYYTZTCVBKE|LMBHKAWZFQGFAN
4d5220bd32918b221282f8fa,riken,OYHQOLUKZRVURQ|QCQGNTXXPCJRFZ
4d5323095b835127ff9a95d4,pluskal_ms2,FXORUTMDZHMFKR|NIBVWJYNTPPMRS
4d58a01ed4eb6677a6a31e2c,msdial+riken,QMQIQBOGXYYATH|ROHFNLRQFUQHCH
4d5b5eebcad5437d43fbb34a,riken,CQLRUIIRRZYHHS|POMAQDQEVHXLGT|RTATXGUCZHCSNG
4d5b8f6e7d34781dd0e6b6e2,pluskal_ms2,KDBDWGPULDIDTM|SZFAVNQMZHISJC
4d614f448aed5d974913032f,pluskal_ms2,MYRYGQYFYQIWAD|NHPNPGRWUFENKK
4d62f7cc65867fb2096f1a5e,massbank+riken,CAFTUQNGDROXEZ|CRSFLLTWRCYNNX|DFOCUWZXJBAUSQ|JNNGEAWILNVFFD|NCAZLDCEJHFJDT|OBEHELRBTWMPHI|PCMORTLOPMLEFB|PQSUYGKTWSAVDQ|PRZVXHGUJJPSME|TYNLGDBUJLVSMA|UFMAZRUMVFVHLY|YLYLCQRQSRDSQR|YXOLAZRVSSWPPT|ZROGCCBNZBKLEL
4d76230a2dd8e588282d3da4,riken,ATWLFQWAUVXIEG|XDLBSNLAIQNWON|YISCNLZAUIZSOA
4d7c2c762bdf6f56311771bb,riken,BHPGRVQWTLDDQX|FWVHWDSCPKXMDB|GGHMUJBZYLPWFD|KLQXMRBGMLHBBQ|MOLPUWBMSBJXER|PEMIXOORXAHUSL|PTPHDVKWAYIFRX|RDUAKQUSLVHHOC|VJZKQVOURLBNBU|VXMOIPRQSYFTHI|WTCVROXOIQEIRC|XUSTZFGBQSSEAX|YCDZBVXSGVWFFX
4d9e0072b4a59e525e8092a8,riken,KXVRUTRUTLGTEP|LMRLDJDATYPZAG|RAJWOBJTTGJROA|RTNZWGMBYCVCPK|WOJKRRDDERNLBU|WQLVFSAGQJTQCK
4da99feadf5e29b0a7634420,riken,CNHACNVJEKRLHF|MGJLSBDCWOSMHL
4dabd3194077201290497213,riken,CNPWIVIIZHULCN|MVCCWTMPDBIKCJ|UJZQBMQZMKFSRV
4dacff7fa788bfa15651732c,riken,CQJVKYORMGSYFU|FIGCRSATKGRFOH
4daf6fe7c0b85ce45f57c8f2,riken,MXGAOIRJBACCEY|ZJCUUXGLZWBCIL
4dbcb30968025bfb8f574ccb,massbank,DTPCFIHYWYONMD|YZUUTMGDONTGTN
4dc26d33e9442ebd0997904e,riken,FYQXODZRNSCOTR|KBGJRGWLUHSDLW|KGEKLUUHTZCSIP|TWSZDJCOYVYRGM
4dd235a9a0fca7da68a38dee,riken,KILZIJKCZIGLFJ|MVLZRHJIQUMZRO|WTFRADBWXYQLMA
4dd93c595c5639d1ba9627a7,riken,QNOIBYYGOLISPS|WXHUQVMHWUQNTG
4ddb8107be56410373082a50,riken,LSIIVRCCTPRGGJ|TYUAGPZTMCIDLX
4de16e71b858cfac08a45767,massbank+msdial+riken,RYHLQSVMWLBCJO|YSTRWQVEZGVBLR
4de2417118a7761c3a83d3a7,riken,NDEVARCRJOYXJL|UAMJDBHGEBLGGF
4de385c4589484c455d0aa2c,riken,PJQLSMYMOKWUJG|VFMMPHCGEFXGIP
4de3b66375b675b1bb5c7b74,pluskal_ms2,WRLZUQKRFZQYDV|YLMGWNNPZYWBMT
4e01036bdb3d6002c90cb6a4,pluskal_ms2,ADXGNEYLLLSOAR|LQHDJQIMETZMPH
4e1503cb39ce892e01502327,spectraverse,GXEIJYZRCDTJTE|PDIGSOAOQOXRDU|YYQVCMMXPIJVHY
4e1dd035ed853d022f07cdbb,riken,CEUOJNPNKKLCDB|NQGPNJDXRIYWIO
4e322b978f3f166e7790ead0,riken,KRKNYBCHXYNGOX|PWAOOJDMFUQOKB
4e37dd8b19e427be880a748a,riken,DSVMWGREWREVQQ|FBSFWRHWHYMIOG|FYQXODZRNSCOTR|JYGAZEJXUVDYHI|KBGJRGWLUHSDLW|KGEKLUUHTZCSIP|NJPDRQDELKMUTI|PJTYPIGQKDTERS
4e4829a6710040fa7a539f7a,pluskal_ms2,NORQADGNSINJPG|YCJUEZLNSCUITH
4e5145f788a7f72e88bcc2e0,massbank,BLUAFEHZUWYNDE|NQLVQOSNDJXLKG
4e51e1e653fb1527e98cb28f,gnps,QCOSIXQNZIBSKM|RKWHWFONKJEUEF|SXYMMDGPXYVCER
4e54e3bc32c1616569b9d1bf,gnps+massbank,HQUQLFOMPYWACS|MIABSAQIFYEDJP
4e572c46accd2d8d2d94ad8a,pluskal_ms2,FJINFEYFWRSHHD|IBHWHGVQKKGSCA
4e57786c8a819e1f36504979,riken,SPAFMWIHXVIIPF|UBCKYWKJKPMKAA
4e62fdabb0a8ac8cc6c08daf,pluskal_ms2,FRSWCCBXIHFKKY|JZRMBDHPALEPDM
4e6acc794f2aab5459dea9e7,riken,DPIAJERHFDBLPT|NDEVARCRJOYXJL|NTSAVLDATFYUQZ|QKNDCRMJDZLFEG|SCXRWQXEFHYUBB
4e6bacc98a9274a575f7279c,riken,KTEXNACQROZXEV|VJILFEGOWCJNIK|VPJCTVQKHIFWKJ
4e86afd41612ad995a5038d5,pluskal_ms2,KRCOMOOXOZSNAJ|XNAWUDONOGZGEH
4e89603cfe3bee5f3e9975e0,riken,APJYDQYYACXCRM|NHHKFJCWLPPNCN
4e8de8c3edc90940db7c8243,riken,CMQOKNQYLSMKJC|DDGJUTBQQURRGE
4e8e6a45c1e8536ad83d3925,riken,OLZAGZCCJJBKNZ|RDJAFOWISVMOJY|RGOVYLWUIBMPGK
4e9b2b2a0f954dc372a454c3,riken,KKSYAZCUYVRKML|YRCWQPVGYLYSOX
4ea6876a22ae351914328785,riken,FGJGLFPNIZXRLV|XJOTXMLDNWCDRH
4ea6bf9c0cb3656449aa51b0,pluskal_ms2,KNQLSUOMNGGBHQ|VWXRPZNKDNXRQB
4eb80b285b9728b6869d4b9f,riken,BMCZTYDZHNTKPR|HXPXUNQUXCHJLL|LCAZOMIGFDQMNC|RDJAFOWISVMOJY|SRDNLMOBFKJOSD
4ebddbb527575504aa913d48,riken,GDGZMMDZJVKXTP|QFIYSPKZWOALMZ
4ec95198140ccddf08b97993,riken,KDFKJOFJHSVROC|SFVWPXMPRCIVOK
4ed49abd07148d16ec6cf221,pluskal_ms2,DMCKFAOCACFYQG|XPOJRNNBAARAGP
4ed8550a5be46c80bc5f8740,pluskal_ms2,ALLUXZBOHPBSOT|PPAYXIXBAQIBAM
4edcaef5b2ebf657c2d016f1,riken,GLQYFMRUYWFXGT|SHCBCKBYTHZQGZ
4ede7a52757a11605ad53af4,riken,AYWNHWGQTMCQIV|JJURGRVZASRDDE
4edf5515316be8c1ebb09e6a,msdial+riken,KQBFNIVRWYGXRN|WTDRDQBEARUVNC
4ee77fbfe1790e254b36820f,msdial+riken,RPJDAOAJFXPEJG|WOXKDUGGOYFFRN
4eea7efed5dc8e7829f86da6,riken,DFNZYFAJQPLJFI|HTBWBWWADZJXID|INVGWHRKADIJHF
4f0382efded3357907aade10,pluskal_ms2,HJJYSMRNBVZLLG|NYKVQLUWNKSTHS
4f07379606e51d8a410b89e4,riken,WACBUPFEGWUGPB|XNGXWSFSJIQMNC
4f0d8af286c2ea754b8bae72,riken,ASQYOZUMZFSDTE|AZKVWQKMDGGDSV|DAUAQNGYDSHRET|MLVVTNIFHMERMU|NYCXYKOXLNBYID|QAIPRVGONGVQAS|TZRNJQYCOSMOJS
4f18663020718cce2677da8b,pluskal_ms2,NBEYHLRJNTUBRR|VLMKFWSYRUZNGC
4f2311b8282dbb6035621cf7,riken,RNHLYDFRRIHVAM|SFLMUHDGSQZDOW|XQVKQEFQGYTUAR
4f2b16b14d47fdd18a056438,pluskal_ms2,HPOCNXSXHBPCMS|XYNSYKOYOYGJOL
4f2dc74102dd1c408216b4cc,riken,KRQDMAXNTWLTDZ|NJUXRKMKOFXMRX|PHLXREOMFNVWOH|RHNFCIPJKSUUES
4f3147f95bd8c9bed0f91c3e,pluskal_ms2,SBJODUOFAKPRET|TUNWQQMZTNPKRM
4f411cee61d0688cad71c483,pluskal_ms2,JVZPGYIJXCWFMH|PBFBWKUVMUZLGD
4f50361add37bb48683824d9,riken,KJNCJEFOGQPOHS|VBTMMYSERQFPPK
4f519f6a7db546b337d5c033,msdial+riken,AVSXSVCZWQODGV|GGCLNOIGPMGLDB
4f5ea2820487941f9ba47131,massbank+riken,DPBWFNDFMCCGGJ|FVFSMBDVZVUETN
4f65bf7780f54788274ee6e5,riken,KRKNYBCHXYNGOX|PWAOOJDMFUQOKB|RWXIFXNRCLMQCD
4f6da03330651f048b232c6f,riken,MSKVJEAKVWAQTA|UIEGOKVPCRANSU
4f6fc222aa2dbd5fa15d0327,riken,CZMVEBBPDBROJA|HXTFHSYLYXVTHC
4f79ec41f6d68325ad7c6b60,gnps,LTXREWYXXSTFRX|VKXWOLCNTHXCLF
4f9843361e6be53ea5e4e741,pluskal_ms2,DROPVPJMRGGPKM|ZJEPNTABSZKVMM
4fa064db22fcb4dab225b7b3,riken,ALWVJGZIYSIJGR|HWKJSYYYURVNQU|SCXRWQXEFHYUBB|VTRDANCBYRZCRZ|WDTAJXMIXADUTH|XZTUSOXSLKTKJQ
4fa177ecff625f5f418a31e1,riken,ACNHBCIZLNNLRS|GZIFEOYASATJEH
4faa50bd3f35b67bd824f92e,pluskal_ms2,SSMCNUGKNFSYFI|WJXDFYJPIUSOMT
4faa6dbcf92b6c2149d2ef1d,riken,LPHOGVFYEBRXSC|QATISCJMIITVAB
4faacadc2785ac9fd2bb00ab,riken,FXKCXGBBUBCRPU|KRVIIMWSCXORIQ
4faf27556f86c8ea3411a1cf,riken,AWFZJSUJFSUBQU|KWBPKUMWVXUSCA|SQMGCPHFHQGPIF
4fb1c8f6b0b9f6bae8aa9ac2,pluskal_ms2,AGAAPCKBMLBWNN|SPYJSKIQMYRHCV
4fc6c9d10bfc0407a4fd9a2f,riken,IECPWNUMDGFDKC|ZZXJOMSIUOUAHV
4fcc7c1c54a07188994c19fa,pluskal_ms2,LTXREWYXXSTFRX|VKXWOLCNTHXCLF
4fcd85cccdf2b2797201624f,riken,CAGLGYNQQSIUGX|MDWIGGAVQHTZTG|NVIAYEIXYQCDAN|PBSOJKPTQWWJJD|PZMKVXLYUUFZPT
4fde2dd88bbc2cffff945b58,riken,CAFTUQNGDROXEZ|DUAGQYUORDTXOR|HPWWQPXTUDMRBI|WKUHPOMCLBLCOV
4fe2df762fe4f43e4435542a,pluskal_ms2,YEVOZZZLKJKCCD|ZVMMVSSEAMUNGI
4fed9cfe50d6b72554e6ede7,riken,KZMACGJDUUWFCH|TYALNCRUIKOKGP|WXBBQBYCUTXTJQ
4fede75d227a5a50882aa961,pluskal_ms2,QYYJSDXZRBUBEA|XWTZGTOHLQUYIO
5015b7c98f7aaedccd472aa3,riken,LNJTUUHDKCPQAA|SPAFMWIHXVIIPF|UNLDMOJTKKEMOG
50264389d9b83c7b4e1c3040,riken,MRIAQLRQZPPODS|TZBJGXHYKVUXJN
5033bacc07a0dce789fab1d8,riken,FNIRVWPHRMMRQI|WKBWYWJYOAONEI
50404798549dd5f519cb1947,riken,AJJMKDCAQHLJQF|CTGCWSGMWONEJE|DGFVATVOFRGGFO|DXZNCVRUZDRWLR|FFGGWIVHOGEVSP|FFULTBKXWHYHFQ|FUQGIYDZGLORRC|GXLUGCOZQDLXAJ|IYRMWMYZSQPJKC|JBFOLLJCGUCDQP|KBMSVODXFLAQNJ|KWBPKUMWVXUSCA|KZMACGJDUUWFCH|LNMBUJUJPICZGH|LPVOPZMNIAIRJY|LRDNJNNYFPAACE|NQGPNJDXRIYWIO|QLKSLGRVBGVPPG|QOMMOFWDRUREMP|RAJWOBJTTGJROA|SLRUNSWMCGKKPV|UBCKYWKJKPMKAA|UOVGCLXUTLXAEC|VEVZSMAEJFVWIL|WMBWREPUVVBILR|WURLGASLEZVNHV|XFZJEEAOWLFHDH|YISCNLZAUIZSOA
5043a43a815e99fdb61aa269,pluskal_ms2,DQXDPHKOEHMQIV|LBKDYFOSBMAOCG
5047558f6ec75d595dcdaba8,riken,KFEFLPDKISUVNR|LLMCZIBSELEBMK
505a4597fa7983ee419b305d,pluskal_ms2,DUDWSRHTHFBRKU|LPUGOJBKFTVAPQ
505b89178af79a7b844fdc3c,riken,RRRSSAVLTCVNIQ|WZUVPPKBWHMQCE
506303d36465258c62c6cd61,riken,OBGPEBYHGIUFBN|YAPQBXQYLJRXSA
5065434c65d9363604af07a1,riken,SKIVFJLNDNKQPD|TXCGAZHTZHNUAI
507392b9a520a7e688be283c,riken,MUCRYNWJQNHDJH|UNLDMOJTKKEMOG
5076f086afec0f358f6168b0,riken,MDFCJNFOINXVSU|RERVSJVGWKIGTJ|SKYPPFSYUDCEQR|ZXAGLUIVEUDJAR
507baf3c84c1a6501333b913,riken,BYEKJUATVGKCCZ|RYWOMIMQYQUGDB
507ea39b14a9787564fae8ea,pluskal_ms2,KLVFERIITBXTIL|WVVUGOCPOVLEAI
508aa44a547c47cb91297d14,riken,DAXYUDFNWXHGBE|DWCCVUBESGIKQL|FQTLCLSUCSAZDY|GSSPKCPIRDPBQE|LARPFJIXBULVPK|LPHOGVFYEBRXSC|PAFLSMZLRSPALU
508bada3c9589f06774a00b0,pluskal_ms2,BTYBIJYFDWWGQO|HOJZUWVUVKPLJU
509b37a571e16164657c30f5,pluskal_ms2,NAAMZGFVHDOIKP|PPJOASPPTJAFCG
50a9a47b4700821247028214,pluskal_ms2,KUXXLZILBGVVLH|SQGYGJYLBBNULC
50ad2905c1686532c291a698,pluskal_ms2,ATGOUMQDRBWCTG|IVNCONQKTFXXOW
50b020c69ac0862d6d820e24,riken,WMGBQZAELMGYNO|WNGSUWLDMZFYNZ
50b17016a25cdb4e69d3a750,riken,JTRLVVUONAUOHI|LCMFDJQAHNDLEI
50b31ba1178efda2490f3923,pluskal_ms2,COZUWGMIBZZPRW|SSLKTQQOQJLHRE
50b9c18d34510a84dd456d55,riken,CCIUIWFXXDCCOJ|YESSRGNVIMVBNT
50ba4b3b87b3023178a1ee9a,riken,OIVDEBIGYOTPKV|VQQGPFFHGWNIGX
50c60b4e38c019b9c0874438,riken,ALYHYIXFUOUIHJ|FJISLLRXVSQIES|FQEQMASDZFXSJI|YYFOFDHQVIODOQ
50c6a25c3eca7dd8639cff68,gnps+riken,MSKVJEAKVWAQTA|PRNXOFBDXNTIFG
50d21f9d32cd3e9e23373239,riken,FWVHWDSCPKXMDB|MBWUSSKCCUMJHO|PEMIXOORXAHUSL
50d692b8929b6db386387b85,riken,AEMJDNJKSCBKRL|AGABNGOXUSXQDD|ALAXFFCXAVBHBY|BJBUTJQYZDYRMJ|BMQBTHWVNBJSPS|BTPYUWOBZFGKAI|BZXULBWGROURAF|DBODJJZRZFZBBD|FMUJDQBVAXXOSZ|GMNAPBAUIVITMI|GVTRUVGBZQJVTF|KHUVRRVIZOSFTI|KHWKLNXMSVVKCH|KWBPKUMWVXUSCA|ORBKWGMJLDNPAA|TXLUXHSVMYTTCI|UWQYBLOHTQWSQD|VJSCHQMOTSXAKB|VRSRXLJTYQVOHC|WTBZNVRBNJWSPF|YBHILYKTIRIUTE|ZGRZULFRVWCUPF
50ea6845b59fbe8bf5bdb113,mona,CJBDUOMQLFKVQC|DIVQKHQLANKJQO
50f04bfe3cd2465a550e02a7,riken,DKKJNZYHGRUXBS|HYXITZLLTYIPOF
511b7342cedcc945f7187525,mona,LFULEKSKNZEWOE|ZDTXQHVBLWYPHS
513317b26594c8ac404a8797,riken,HCGYMFPNEDDKQY|SIBYGGBNBRCVQI|STMOVYDUKPFEST|VHXIVONYTVLBSQ
5136ac284022889d044573a4,riken,TXXAZYZRJSNVLW|UDPFOMKNYCYJOB
514288429df9a479cdb99dc4,gnps+massbank,AGSLYHYWLYGAOU|ZZVUWRFHKOJYTH
515168890fe5bd376fbed0eb,riken,DAXSYTVXDSOSIE|SLRCCWJSBJZJBV
51683d69a810466557b694cf,msdial+riken,BOKVLBSSPUTWLV|LVVKXRQZSRUVPY
518d76c02daede31837b9047,pluskal_ms2,ATGOUMQDRBWCTG|IVNCONQKTFXXOW
5192b11d7c8de8e7e957edca,pluskal_ms2,GNFHAPQGOWHXGO|UCMKQKNCNBSRHR
51962447363ce66bb505f831,riken,CAFTUQNGDROXEZ|IPMYMEWFZKHGAX|LDIBSYFCDDKIQX|LSHVYAFMTMFKBA|YUSWMAULDXZHPY
519a68cbe605f34e92f6eceb,riken,GSSPKCPIRDPBQE|KLAGYIBJNXLDTL|OHDPFRGZBUACTR|RKUNBYITZUJHSG|TYALNCRUIKOKGP|UWQXJCZFCNIUHA
519c16c49e30b790325b0aeb,pluskal_ms2,VEWGJRXPIOULQD|ZDNBSOUWFJZXPL
519eee9c7b536f9d5439e27a,riken,BXKNQKQIBKBMIZ|SQMGCPHFHQGPIF
51b8dfeb33e42c84aa0ce7ea,pluskal_ms2,OXGUCUVFOIWWQJ|UJTDYOXTXGBHEG
51bcee32b5d1b306af52f326,riken,KWNQIIMVPSMYEM|XRDJYSVGPBJZSG
51c5deefed1bb866bd84c77e,riken,GLZWNFNQMJAZGY|OLGXIHMDNRLIMD|VELYAQRXBJLJAK
51c9e6dfc36640ce6962a15d,riken,GPLGAQQQNWMVMM|KMPWYEUPVWOPIM|SHCNCWNJFICBJU|TVYGDDMZPBKRPM|WHTZSUJONCYCML|WNAYNBDAJBVOPW|YYWGABLTRMRUIT
51ca9292b9c2e083c3fb45e5,pluskal_ms2,HOIPFGFVVVGLQS|ILLPXKQRQUSURG
51ce35f6293cdcbd04ca960c,riken,AOWRAYJMTOYETH|AWFZJSUJFSUBQU|DNJVYWXIDISQRD|DXJGGEVMIZJZLN|HGIIHVJCDPYWBJ|JLPDBLFIVFSOCC|JRPKYTRZLLKZAQ|KHWKLNXMSVVKCH|KMPWYEUPVWOPIM|KUNIPLHOIJFHHR|LBJCQKYBKIAWHJ|NBGQZFQREPIKMG|NLJJSPKWNBUDNS|NQWVSMVXKMHKTF|PICOUNAPKDEPCA|PXGWEUQZDRUMRE|QASFUMOKHFSJGL|QJPCKAJTLHDNCS|RHODXLDODRZRRT|ROQZUJKOMJECOM|RUFIGEPXTYTFFK|WHWWQGPCTUQCMN|WJJBQRNAMWKGNO|YBHILYKTIRIUTE|YESSRGNVIMVBNT
51e7f7152bbf8064ae742da1,riken,HJTVQHVGMGKONQ|KMPWYEUPVWOPIM
51f2d10f86f90652b07b7c00,riken,CXVOPJQBVVUOTC|JPJDIOVDAAVUNF|QKQLSQLKXBHUSO
521d52e707ca7b45880c78e1,msdial+riken,HEYZWPRKKUGDCR|ZLLQQKITWRWKTD
52241348e7461060166ede71,pluskal_ms2,DZDRFPGBHOXFJT|HOKURLPBNQPMHY
522d60413a99e8cd46b82d2b,pluskal_ms2,KFGWNIGZMCIXJX|WUNZLRSOMAHYDP
524debe6668a8a66bff18550,mona,IIUWCHJZJFSKMD|KYOXKUIYXAIFBB
52502fac29954b8a411f53fa,msdial+riken,RAGZUCNPTLULOL|VTMFDSJJVNQXLT
5262c11ec5b66b341604a05f,massbank+msdial,BSYNRYMUTXBXSQ|KKADPXVIOXHVKN
5266285d0028087d47a4267e,riken,CTJZWFCPUDPLME|FOINLJRVEBYARJ|GBRZTUJCDFSIHM|IPMYMEWFZKHGAX|IUSZMBXMNBITIK|OTUCXMIQUNROBJ|PEUUVVGQIVMSAW|PEWFWDOPJISUOK|PXGWEUQZDRUMRE|UFCLZKMFXSILNL|XRYVAQQLDYTHCL
52722d3c1e7c94f2a386b959,pluskal_ms2,IJHZYWWUHYHEBJ|IJYIHKVWARMNQZ
527b2966fc8d349523bb2dfc,riken,BSAUHSXSNKKVHC|HPXCSOULTKVTSY|KRYFHYSXWHRZKT
528b4eebaae2001fd4223a3e,pluskal_ms2,NBFMCUOOMUNSMA|UAVWENCESKIYIK
52908ddea0c189c9ada577f6,riken,DCBSHORRWZKAKO|GQRPJUIKGLHLLN
52abca33b6e5b20d6084ef47,pluskal_ms2,GNFHAPQGOWHXGO|UCMKQKNCNBSRHR
52b7856fdf13df5b15bae8ac,riken,BLGXFZZNTVWLAY|CWVRJTMFETXNAD|DDNCQMVWWZOMLN|DWCCVUBESGIKQL|LCAZOMIGFDQMNC|LLEMSCWAKNQHHA|OXVUXGFZHDKYLS|PANKHBYNKQNAHN|PVLHOJXLNBFHDX|RERVSJVGWKIGTJ|RGOVYLWUIBMPGK|VMMZAMVBGQWOHT
52bbb80d258e527c06343e12,pluskal_ms2,CYWOBNOOZHGRNB|YSXVPHOARQUKAR
52c0a6cbcbfe3d89f65efb97,riken,FSBUXLDOLNLABB|VCMIRXRRQJNZJT
52cd95e9a29febe84731fe7f,riken,IQDIERHFZVCNRZ|SDGDWRYYHQOQOJ|VDGOFNMYZYBUDT
52db13a0c08d43ea2b4a1749,riken,DFPMSGMNTNDNHN|TWAZWVPPDIUVOD
52dd2ce476c37812a1242546,riken,BWBDFSQZBMBWPC|LWYAMIUSVGPFKS|TUSDEZXZIZRFGC
52e4fe392104d4fc6f5d8dca,riken,HLKOGABKYAJUAW|KPDOJFFZKAUIOE
52f0a43a0f0521ef11f99943,riken,FELCJAPFJOPHSD|JBGYSAVRIDZNKA|KLQXMRBGMLHBBQ|PEMIXOORXAHUSL|YTXIGTCAQNODGD
52f2f37a77c360895e05f4a9,riken,QCQGNTXXPCJRFZ|XPCTZQVDEJYUGT
52f8d7e2569992f58e4455f8,msdial+riken,LVLNPXCISNPHLE|YGGXZTQSGNFKPJ
5302ac4fbe7d98cae29925ca,riken,DNJKZCQLZZLNBI|UJZQPNXJSBWWNU|XRLGHWYZNGYZOW
5302ceddd6014094098dc304,pluskal_ms2,SSMCNUGKNFSYFI|WJXDFYJPIUSOMT
53172c75fce4a08bbf196f05,pluskal_ms2,WRUYWUZCEXHLHL|XNCWGISKEPDGKJ
5337e4caadce648cf12a9b8b,msdial+riken,LVLNPXCISNPHLE|YGGXZTQSGNFKPJ
533d53d41b69278defc83edf,riken,HRLFUIXSXUASEX|NYSZJNUIVUBQMM|VENRSYBHHVDBDC
53461c2aff2fbb2accaba3fa,riken,CKUVNOCSBYYHIS|LMXZVISHHDYBFW
5357e99bf005c67a475141a8,pluskal_ms2,SVPTYFQAPONVFM|XGDDRSKSXHDPMQ
5358add6e0a652c0b5f75d8e,riken,QHWOFMXDKFORMO|RRGRXDIGPVAQIW
5380fcfc99c17f00253ee028,riken,KVAQLXUMUVEKGR|XJIPREFALCDWRQ
538a0889886b96be699e4e09,riken,DDGJUTBQQURRGE|FHHSEFRSDKWJKJ|XEZVDURJDFGERA|YCOZIPAWZNQLMR
539d4b4e0250352e1c59b3e9,riken,BTPYUWOBZFGKAI|DDDXYRAMQRKPDO|DUXYWXYOBMKGIN|HWYBGIDROCYPOE|JWINIHBXRZXFKL|UJZQBMQZMKFSRV|VJEMOEYSQDKAQF
53a2a0b92ad1e612f299b95c,riken,MIWRSUQXSCLDNV|WXHUQVMHWUQNTG
53b272f52f497eed9c708a25,riken,RPMNUQRUHXIGHK|TZBJGXHYKVUXJN
53bbd488b4e389d3e04409a8,riken,WXMARHKAXWRNDM|XLTFNNCXVBYBSX
53d3658711f2b720da3c065f,riken,KQKIBPHENIYGEF|XVAPNQFQPDAROQ
53dd2ffad2a5c63b0d2d26d5,riken,QKQZUNJZOQODTH|TZUGIFAYWNNSAO
53e2d95300ca84f1e39ca9ee,pluskal_ms2,MXZHGEUHVJJDMO|ZBXCRJAIKRDJTP
53e6f3982d75e5cf4954c9fe,riken,DRTQHJPVMGBUCF|FXFYOPQLGGEACP|KEEWIHDTSNESJZ
53e8ea2ca8345acb62b3cc18,riken,AUCGRWHWAGXNQS|IPMYMEWFZKHGAX|QXIPXNZUEQYPLZ|VOZHMAYHYHEWBW|WMBWREPUVVBILR|YTZSBJLNMIQROD
53f8b1ac7c9a0938ea0460b1,riken,JVYKIBAJVKEZSQ|RWIALJIVPUCERT
53f8cc35c297e0e55b9b2b73,gnps,CBDPCXYQNVDTMW|OCUJLLGVOUDECM|VYJDMDIVDHHLGK
53fa9d3a6765f62c7fd4cc9e,riken,MRIAQLRQZPPODS|OVSQVDMCBVZWGM
5402af05cf84fe7a8e324cb2,riken,RETRVWFVEFCGOK|XGVBNFXVLFKPCO|YDQJABBOEPTJBN
5403b9c601e14ea3f6fa5955,riken,FERIUCNNQQJTOY|LSIIVRCCTPRGGJ|WPYMKLBDIGXBTP|XBDQKXXYIPTUBI
54057838c6ed6574564ff2a2,riken,GJHXLOJRUGWNKP|ORJVQPIHKOARKV
5406fab489493eb8cd4dcbed,msdial+riken,AHUAGKUYEMQHTH|QJCAHUHGEGJAFK
541c5f16e16691ea1a35f294,pluskal_ms2,UWYLPROZOZNUOG|ZGGAPNDQHPUKNO
541fcf8c8a79811bc8232967,pluskal_ms2,JJHPLYGNPBYYJU|WPCVTMLILSCELL
544c6b89eb6ec7a20b6723ef,riken,KXHCYYSIAXMSPA|XMJAJFVLHDIEHF
546574801fcca9fecbd330e7,riken,AMBQHHVBBHTQBF|CIUHLXZTZWTVFL|FRMCCTDTYSRUBE|HOHZJKQBJXVZSS|RLDVZILFNVRJTL|VCMMYRWIEZCYDK|XJIPREFALCDWRQ|ZOCKGJZEUVPPPI
546f99cbcdc82a641124bd2a,riken,BYEKJUATVGKCCZ|KYPPZUHEYJBGDV|SLRUNSWMCGKKPV
54718ef0c67f2711f8973ebe,pluskal_ms2,TXXYLOMHCHZXPU|UVLDZZAYYQKDSL
548391ee058c1d631a18105e,riken,CGGWHBLPUUKEJC|FSBUXLDOLNLABB|FYQXODZRNSCOTR|GWTUHAXUUFROTF|UPROOJBJZLZCGS
548a9235c5c0787423ecf3c6,riken,IQAMTZLKUHMPPE|TZRDBHMKTWECOV
54999a6a73a6efe2ef740b0e,riken,POMAQDQEVHXLGT|PWAOOJDMFUQOKB|YWPVROCHNBYFTP
549c6886609abd4c3d1c3f52,pluskal_ms2,OIRDTQYFTABQOQ|QWGDMFLQWFTERH
54a0660e9f742b5917959ce7,pluskal_ms2,MVKYOLZBOLVKTI|YRTWPPFYURYSSC
54a0e8c48343e65130301157,riken,COLMVFWKLOZOOP|CPJKKWDCUOOTEW|DNJVYWXIDISQRD|KHSCYOFDKADJDJ|PRZVXHGUJJPSME|XWQGRJXKNVHATI
54a3378c963e9da39d54f10d,pluskal_ms2,GDVMMPACXKUSLT|NKJUHJLRKSNMAM
54a6252a14e8232ed29b7e18,pluskal_ms2,NORQADGNSINJPG|YCJUEZLNSCUITH
54ab090d7f6e5b44e348624b,riken,JOGLPTTWXBWTKD|VPJCTVQKHIFWKJ
54b04b36a8803867e35b6f0d,riken,ARPGURKWJGBPTN|CNNRPFQICPFDPO|LDJDMENPMPQEFY|QURCVMIEKCOAJU
54b428a03ae5ca10071533e3,pluskal_ms2,STNUFYASKJIPNN|VEFVJHJYAPWCLN
54c469812d683d742561ea0f,pluskal_ms2,SBJODUOFAKPRET|TUNWQQMZTNPKRM
54c5428dbffa46cb6bc081f9,riken,FCCDDURTIIUXBY|UZFVFMDEGBUPFO
54c554cecf9af03d1e145a68,pluskal_ms2,ODVNZGWKVMHJKU|QHGGIVGWNVNMDX
54fb5fa380b2c628fc83283c,pluskal_ms2,MDSTUZJSRWNHAR|SQFVGVQJQQHFIE
54feee018cb369c7985f95bb,riken,AJPTWUPZGHITLE|OJFGYTHMOAYBRB
54ff0d3676c06faf64719a0c,gnps,AKNNEGZIBPJZJG|IOUVKUPGCMBWBT
5501e2e4c8048a8a1aa15ff1,riken,BNSKYFUGMLMCLM|QBILRDAMJUPXCX
55125c11956e39110974945e,riken,CKEXCBVNKRHAMX|RRRSSAVLTCVNIQ|TUGWPJJTQNLKCL
5516278ce6a73e3b53224228,riken,OQANKTWSGPYURN|WGAGIALDHUDRIR
551e3e5d1791f81dcb447fad,gnps,JJHPLYGNPBYYJU|WPCVTMLILSCELL
55278361421527681bed80dd,pluskal_ms2,ISGYBTOINXAQJG|SKDFIOGACUNWTR
554453923cddba17e9b426e1,riken,CTJZWFCPUDPLME|FCCUWKPTCIBKQH|HWYCRLFVQVFKPD|JXCDWBSOTYSNDX|OFSZOCPGPLMCBG|OUGNWRCWQLUXHX|XHCADAYNFIFUHF
555595bfba5cd1fddb140384,riken,FJISLLRXVSQIES|NLJJSPKWNBUDNS
556ea4752e2bd5f81823d5b8,gnps,VWWQXMAJTJZDQX|YPZRHBJKEMOYQH
5570fa9b6a95add501d6a3ca,pluskal_ms2,KBORUZAANHVCGZ|QPBUJNUECVGSHA
55770dbca5e046ddab201502,riken,NLAWPKPYBMEWIR|OYHQOLUKZRVURQ
558c181057e028bbfa2608d0,msdial+riken,APOGLVUGPAVNAP|IDQUPXZJURZAGF|KJAVJETZYFENNG|NDDIECMNVNWXSH
559b14ac742b5005f62ba19c,pluskal_ms2,SIVKHOSFHOJITQ|YFISZQQDGWSXEE
55a6f79872260b24cffb51b2,riken,CEUOJNPNKKLCDB|IINUIABWYMTUJM|SMLTWMLPLYCADB|WPYJMNHBYFFULY
55ba33fb72a60e11e094cd78,riken,ILCZJAQMVSXUKH|LMIKDUTVALJRPS|ROQZUJKOMJECOM|SLJTWDNVZKIDAU
55bc2ddeb4d5f5fe20b45073,riken,PJQLSMYMOKWUJG|SFVWPXMPRCIVOK|VFMMPHCGEFXGIP|VSIAVKJNOAFUKA
55d9fec85826b293dc2a8f98,gnps+riken,PXUQTDZNOHRWLI|TXZUPPVCNIMVHW|ZWAAFZOEMBEAAF
55db9478d41d8f50f51104ad,riken,DFDVWAJDFYYBAC|HXWLKAXCQLXHML|TYFKYDTUEMTUNY|YTXIGTCAQNODGD
55dc211706e33d2b66a96d4e,riken,LJOQGZACKSYWCH|LQZYJVWXEFXUJG|MDAHEEBYLFVHSJ
55e1f3cc1ce03a2b0afb2a06,gnps+massbank,BTNMPGBKDVTSJY|NQRKYASMKDDGHT
55e2211f1cd1d7948096c893,riken,FBSFWRHWHYMIOG|FZAGOOYMTPGPGF|VLEUZFDZJKSGMX|XOXYHGOIRWABTC
55f50abd6b08c4c348de01b4,riken,QVWUTEYXUYBGKO|UNICOGXHLRZHRW
55fb1c0a164dd67689bd41d6,gnps,GYYKDEKKJBJCPY|KKWJCGCIAHLFNE
560abf1ddce532d7841a84a2,riken,KLAGYIBJNXLDTL|NTDLXWMIWOECHG|XVOHELPNOXGRBQ
560c2cc756fc8522e7b6a76f,msdial+riken,DGDWCRWJRNMRKX|XPDBYTRMUWQPTF|YHWNASRGLKJRJJ
560c47b1dbfc5b030084738e,riken,FIGCRSATKGRFOH|IKGXIBQEEMLURG
561a1c389e86b0f5f9c07471,pluskal_ms2,HHWABXGAQNCVFW|OZVZMPDVUMTGKV
563a33c834cddf49c5401e69,riken,MMHTXEATDNFMMY|NNDOCYLWULORAM
565eb28eefa0afb2ec5581a4,riken,JPJDIOVDAAVUNF|LUXRPLCOGZWQEC|PAXNVPZJVMRVBU|QBDHHZLEIBPNSS|SGQLWFYYEYBZNX|UYXBVRMASFBLKM|ZPIVVUOUQNSWHD
566e0595c6b5503a11ce0e4d,riken,FXNFHKRTJBSTCS|MXGAOIRJBACCEY
5675088a505a4cb007f4e437,riken,NLOAQXKIIGTTRE|XCUCMLUTCAKSOZ
567aada496c1b6d44c427bcd,riken,KJNCJEFOGQPOHS|UOJAEODBOCLNBU
5683ec044136b11a05a1794e,pluskal_ms2,AEGMTRFJZYFDRR|XGJHIUYQKVQASN
56842cf0f9c5e33c3e8ae845,pluskal_ms2,LHXHWXOZMWMRIT|RQHFFTJESXCIFW
56865223d7202b3ea80b0c93,msdial+riken,CLJZNXABBGEKKI|HTWIRGRTEPTBCC
5692844f5f1b8fcdd188889b,pluskal_ms2,CWIHCHBWHUKXFQ|VFASMTWOJZTBQT
56a1360d401c28f1bb9691d5,pluskal_ms2,IGDXOSAWLJFKMB|QXYOEWHYIMGVRY
56a66117862c0e619d7e614a,riken,HCGYMFPNEDDKQY|KEOITPILCOILGM
56a8123f3dc12df8891233e0,riken,RUFIGEPXTYTFFK|SQMGCPHFHQGPIF
56ba5a5fcd11bc2ba739c1db,pluskal_ms2,ADRVHQUIMACBAD|ZTAWAXPOIPKSNV
56bdb60f1647dcb2b8175609,riken,BVMLCXLUJCAZQK|PWNTUQHZNAMVQO
56c25244b944252d5dd1d0d5,pluskal_ms2,WLZZTYFINARLDO|YZULDDZPZWXGDW
56cb908c271f45aaaae3cf23,riken,CIYJVFJBFXRWJD|RGNXWPVNPFAADO
56d3611ae2f203dd011ded2c,riken,AJPTWUPZGHITLE|BXRNXXXXHLBUKK|JTRLVVUONAUOHI|NJELUFJHFGVCBN
56d3fd840c997c805aa88930,riken,IRLNKOAURQPXIQ|KLAGYIBJNXLDTL|UCFGDBYHRUNTLO
56d6c0358d06d4c245bbd86f,riken,KEMQGTRYUADPNZ|YKNWIILGEFFOPE
56def26f28593ad7e8aca057,pluskal_ms2,OIRDTQYFTABQOQ|QWGDMFLQWFTERH
56e07e77aee75ba37de8521f,msdial+riken,QWIZNVHXZXRPDR|RAZHULSADOGMPF
56ed20664ee148181101efe2,riken,VXMOIPRQSYFTHI|YTXIGTCAQNODGD
56eed8dec652fabda6070c20,riken,CZCIKBSVHDNIDH|QIVBCDIJIAJPQS
56fbb4f8dd48756109d34b0c,riken,TURHTASYUMWZCC|VATOSFCFMOPAHX|VQQGPFFHGWNIGX|YCXUCEXEMJPDRZ
5708b01ae800ac7dcb1ad1c7,pluskal_ms2,NWTSTPZQKALREV|PIEMUUAGYIKIIL
570b5427d5ebe5f6d2e3cb7d,riken,FHHRXCGEIWKTJD|KYYVQOBRDDFWEX|MOIJAHWAZFJXSM|RDWVESCBQDRAAN|VSJGJMKGNMDJCI
570cda5b68e6f5e7be6d1928,pluskal_ms2,GRTAEXYBNGARKQ|KIAZDLSDTVXHQF
5713a20497ca8a4115fc9853,pluskal_ms2,ATGNLOUPTQGNME|NFRXHMPNKCYKNN
571716d56263464456f19c2c,riken,IEFRVMKLIFGNMU|RAMDNIOVZOWWAL
57203413fe4f47b9d8a34f53,riken,IMQLKJBTEOYOSI|YURJSTAIMNSZAE
572380041ce9c68fffd59659,riken,JOGLPTTWXBWTKD|NTNSKOKPJWYQGX|NVCXJOMKWUGCGR|RFDAIACWWDREDC|WKBWYWJYOAONEI
572464434bc0b85e299f83e5,pluskal_ms2,FLHUJBKBZZRVCG|VNHOPSNATDRMNE
572508fc4acfcbe05087b19f,pluskal_ms2,CKLJMWTZIZZHCS|KSTJOICDZAFYTD
5729ebb5da86191fc085ceda,riken,DUAGQYUORDTXOR|MWEZHNCHKXEIBJ
57347a4ad30d399a2c42043c,massbank+msdial+riken,QYPNKSZPJQQLRK|YNELJETWNMPEEH|ZFLIKDUSUDBGCD
573c2fa15bea128ff81230a4,pluskal_ms2,MEDLHXNJCIBFNL|SSEXMUKRNXSQFH
5748b3a8aab9a5c927ce5398,riken,INIACRGCTLLWRM|KYFBXCHUXFKMGQ|OBVFJCCARDWRFB|OVFPMQHQVREOIF|SMLTWMLPLYCADB
574f700e07f0e32c9c5935ab,massbank,WWOBYPKUYODHDG|XEFQLINVKFYRCS
575131e92f2d1c1fbbd04a6b,riken,BCJMNZRQJAVDLD|FHIJMQWMMZEFBL|JLYBBRAAICDTIS|WLNDANGOFVYODW|XCDQFROEGGNAER|YBCOIJNAMJAFSO|YMWRMAOPKNYHMZ
5753529ad4a065c1df72a48c,riken,LHRODNGBSOEBAU|OHJWWOZXCKEOGK|SHIBSTMRCDJXLN
57591a20647a8af937dbd533,pluskal_ms2,LSHJBSNZCVJLHC|RCXHLQWLYVOCAO
575e782bc07f4a92226e6032,riken,VHBKIIVLIAIHBT|YRECILNLFWZVRM
5761012ef0c3e75365b09d94,riken,PHMHDRYYFAYWEG|ZRKGVMOZKMBTHF
5782756bdf68882c443cecaa,riken,LHRODNGBSOEBAU|OFSZOCPGPLMCBG|RXTPBERNZNYWSC|WQVCDQYJDQXJLY
579b7dac4e09f0b7ccedba53,pluskal_ms2,AEGMTRFJZYFDRR|XGJHIUYQKVQASN
579c981bf34ce979022a9da7,pluskal_ms2,BXSWNEVPGYRLEF|MTIQGFJEGKOVQK
57be9e5e80d58d9c9fc1eb65,riken,AGIQIKMGJVLKMA|WKIHBIBUCQPPBY
57c572c1dc13530d0295dcc5,pluskal_ms2,ALUQXSJARGBEOQ|JNZDOQZSXDGGCY
57e31467e238102adf340df0,riken,WORGEWUXYJGAQP|WRYJRJIDYVFXLV
580299a4d4e8111682d729cb,riken,HCKUIVZXCXTBEH|JUKFJOYCFLIWIA|ZJVUMAFASBFUBG
5803200b8011c08d4d0f3a25,msdial+riken,VTNQPKFIQCLBDU|XCSGPAVHZFQHGE
5812b897572f595b756b17b2,pluskal_ms2,AWCDYQKWSBGEIU|FVEPDFGUWHLKEB
58211026746a4fddc58bd8c6,riken,CYFXRGFESOFDNS|FEWJPZIEWOKRBE|LIIALPBMIOVAHH|WMBWREPUVVBILR
5830e305b3ab39069bda81be,riken,UOVGCLXUTLXAEC|ZBXWGKPUSLRPHX
5837aef17b807d8e94ddcbe2,riken,GLQYFMRUYWFXGT|SVHJCTSSYQPWEV
583c15f0697a8448fe29c5dc,pluskal_ms2,DYUOZQXMTYUSED|KQSVEWNCWPLKQV
58479ecf7438ced140d66f7a,pluskal_ms2,COSQDNGTNHDQEO|XIAAZSQJIDOGHX
584fcde0b9959ff28527b587,pluskal_ms2,SAUZXUNTWRNGJU|SJXUBMDSTDDEOO
585d1ba94dcb4145cb6184a5,pluskal_ms2,GTVMCVFIGSCERF|PSEBDGBXQNJMQF
585e7ec771f58022ceae2582,riken,PZZRDJXEMZMZFD|SGTCGCCQZOUMJJ
586f8a87d82683a3480bd55a,riken,CSWXLMRNEHKSSN|JRHMMVBOTXEHGJ|QCLPMHLHVZFBAO
5870309e48aec867f1a2ba75,riken,BDIAUFOIMFAIPU|HEYZWPRKKUGDCR|PNTWXEIQXBRCPS|RKUNBYITZUJHSG|STECJAGHUSJQJN|UBCKYWKJKPMKAA|WZRCQWQRFZITDX|ZYGHJZDHTFUPRJ
5873d65e9015aa2fcfb34258,riken,GVRNTWSGBWPJGS|PAFLSMZLRSPALU|XYYAFLHHHZVPRN
587ed1d4fac8241e74d58fb8,pluskal_ms2,KFAGUWAWGZOSNX|MARFXICSYVXYRU
5881535f578011b77ba03d79,pluskal_ms2,DYUOZQXMTYUSED|KQSVEWNCWPLKQV
588d0ade7c4b8f793fb8c633,riken,AOWRAYJMTOYETH|APJYDQYYACXCRM|BTPYUWOBZFGKAI|BXRNXXXXHLBUKK|CFTOTSJVQRFXOF|CWVRJTMFETXNAD|GJFHZVPRFLHEBR|KEEWIHDTSNESJZ|MYQKIWCVEPUPIL|NEMWYOKGHGSVSC|NMLUOJBSAYAYEM|OJXQLGQIDIPMTE|RCTKRNCKOYYRIO|SDGDWRYYHQOQOJ|YBNGMTPOCJXHDM|YGVHOSGNOYKRIH|YNKJSQIXVXWFBK|YVCVYCSAAZQOJI
58962615c66bcb5435bf3e50,riken,DQOHLVPBHZDXQR|OADZSFPWAGMTDV
58992daf2c329c88a8698808,riken,BDCDNTVZSILEOY|JGFCDHIJCNLFPY|YQEMAEKYNNOCBY
58ae43b96cc702c1fdeb6172,riken,SLAWMGMTBGDBFT|SVHJCTSSYQPWEV
58af3c7c78fbc6c5da2bb6f8,riken,HMMGKOVEOFBCAU|WFRQIKSNAYYUJZ
58b0a4b0ace7e0723ce89bf9,pluskal_ms2,BXGXTXCNFOCKMX|LXFSCSJMDZZGDN
58c2a5afcab59c3c7c37771c,riken,DLBLMTCYISHWGP|FPUXKXIZEIDQKW|WYDPEADEZMZKNM
58c87d0996b4e4262807e42f,riken,DSGCKNJWFRMMHJ|IAONIGCHXNWXRN
58cac1c9d8828aa84f2d8c07,gnps,BUQYDIOQGKXORD|HHZAEBUIGZNNDT
58cd596ac38ce81cc2b6f6ac,riken,AUVVAXYIELKVAI|BMCZTYDZHNTKPR|GLQYFMRUYWFXGT|GSSPKCPIRDPBQE|IHEJMZHKJYHVFF|TYALNCRUIKOKGP|UWKQSNNFCGGAFS
58d4fa3f1029ee797908970f,pluskal_ms2,UMAUBHJCQBHBNO|URBVIUXMNISQPC
58d9e49b8018b7b4fc9972ca,pluskal_ms2,MLFSXHUGNVCALM|VOVAQGOCBYJSHC
58da3c0f661e8a8c4c0d94de,pluskal_ms2,BXSWNEVPGYRLEF|MTIQGFJEGKOVQK
58e239db4584512fa6ce4ba9,riken,UXGMXDXDOQAYAD|ZKLSVVSNZGPHRI
58e5e9942f8c6f549a59b91d,pluskal_ms2,JUJGKVROMWUCBV|PXTZDSPTHUBOIB
58ed1b4f986826fe510b9628,riken,IMQLKJBTEOYOSI|YURJSTAIMNSZAE
58ed2701188d585ffbb63625,riken,HRLFUIXSXUASEX|WJTIKZWXSWMEDO
58eefd88c7497a0344f47644,riken,SLAWMGMTBGDBFT|XGPBRZDOJDLKOT
58f08c12e6aa4eb5fc4bc973,riken,UFMAZRUMVFVHLY|XATAXBHNGRMKLI
5911313ac8f85b343d7cad73,massbank+msdial+riken,CTJPDNXMUMTMJX|YPGCWEMNNLXISK
5913da7815a8d7b9ac8c35c9,pluskal_ms2,ODVNZGWKVMHJKU|QHGGIVGWNVNMDX
59141167a25605d3ab2392bd,riken,FXUVJKGSDBTXTJ|YJWBWQWUHVXPNC
5933f9a6d1f20106f28f89fa,riken,DOUMFZQKYFQNTF|DTOSIQBPPRVQHS|KGEKLUUHTZCSIP|QUQPHWDTPGMPEX
5936153fc127dc9520b79add,riken,IOLDDENZPBFBHV|PHDZNMWTZQPAEW|UCFGDBYHRUNTLO
593d80771aa26a0501c61aff,riken,CEBXXEKPIIDJHL|MORLNMAFXVHNAI
594138b3d26fd0436426bbc5,pluskal_ms2,GUGOEESGYHJVJH|LJUFQFXDVDKVNZ
59444ad78be1b0e64b4627b5,riken,FVWJYYTZTCVBKE|JPJDIOVDAAVUNF|SGQLWFYYEYBZNX
59494fc1194d83919ccdd023,riken,PDAYUJSOJIMKIS|WTLLIAVPAMWKOT|XKXYJTIBKZGIPR
594b8848e1b3442f2e76afe8,riken,FCEVNJIUIMLVML|GWHCXVQVJPWHRF|KXHCYYSIAXMSPA|LBTVHXHERHESKG|ONJRISGOJDDBNB|PMVCHAWVCIWVLP|SLAWMGMTBGDBFT|SVHJCTSSYQPWEV
5952d4aaf23de54fcedef2d4,pluskal_ms2,RADRBZBLNXVQEU|VGGGPCQERPFHOB
5958d8f3c7998c862666d817,pluskal_ms2,AUPVXELYDOKUDB|RSHLQDXUKBUQRK
596e1979c8cb2c7f89f144af,riken,OWMJDOUOHDOUFG|YBNGMTPOCJXHDM
59869fd74ee0e6e5ef98ded8,riken,CUKSFECWKQBVED|IHYUCPYKBNICIV|IRDDGQRTXGSVFE|OFSZOCPGPLMCBG|ORBITTMJKIGFNH|ROCUOVBWAWAQFD|SKHJNNFXCKTDBG|XHCADAYNFIFUHF|ZDOTZEDNGNPOEW
599f892d5c13909284f6291d,riken,HWKJSYYYURVNQU|TZUGIFAYWNNSAO
59a75e89a35f63bfc249d4cd,mona+riken,BACYUWVYYTXETD|DIOYAVUHUXAUPX|QNAYBMKLOCPYGJ
59bd21be6b9bc74dc3807fe8,pluskal_ms2,AJCJQDHDAWZJCX|UFOFMWAGMPKJBB
59c725a158159e6bf1c25854,pluskal_ms2,DQUMUIPQPPCWPO|PACZTINKMITFPU
59cec21ad5eac2601bae2f37,riken,NGPDZEACIWDCKX|WHFUDAOCYRYAKQ
59d5dde27d7f6d8af4a25218,riken,DYHOLQACRGJEHX|LUTYTNLPIUCKBJ
59dedcebd04b40da43ca3023,pluskal_ms2,QGHIAPFKUZTJRX|WGOKQVBJUZMKAQ
59f142b3fbf6e2ecf54c8982,pluskal_ms2,SVPTYFQAPONVFM|XGDDRSKSXHDPMQ
59f4da942c2148c6c992a202,riken,BVUOXVSHTGNMRR|SIWOWUAUIFWBDY|SOVOCMGDFRGRKF|WHSZCJYHLPMLHS
59f8fb17c86186a300e1dcbf,pluskal_ms2,GGONTXVZIMNXPZ|ZPQKVXNDMXBSEP
5a0289cb666b5639e0e65bdc,massbank,QYPNKSZPJQQLRK|SDQJTWBNWQABLE|ZCGLNFAUVVHTQO
5a08b84db5cc489319903a13,riken,YSIFYNVXJOGADM|ZVXWFPTVHBWJOU
5a208ef6c9f69e45eec4c7c1,pluskal_ms2,OMVBWGOVOFYKNC|YZVUFQFNZWNCPZ
5a2e3016a49e3dac04cc8991,riken,LLMCZIBSELEBMK|NIKHGUQULKYIGE|PGOYMURMZNDHNS
5a39319fbd0eb19ea80135b8,mona,FZHXIRIBWMQPQF|MSWZFWKMSRAUBD
5a3d9cf1119b71100ae365b7,riken,GLQYFMRUYWFXGT|RKUNBYITZUJHSG
5a3f09750ecd233b9d558f5b,riken,SYDKOLLYPJCLPT|UGJAEDFOKNAMQD
5a420ba752a9e3147ef51aa6,riken,ALERZNQPBWWLMW|PJJGZPJJTHBVMX
5a4a950e80e2927be2403a5b,gnps+massbank,FBPFZTCFMRRESA|QUNWUDVFRNGTCO
5a4dd71d31c52ed9b38269d4,riken,CITHEXJVPOWHKC|UWKQSNNFCGGAFS
5a53d39afaf97db4bf2979a9,riken,PXQNZQURQNZGKZ|VYIKEBWUZLHWQK|WTLLIAVPAMWKOT
5a5419b5d5cb9187fc98aeb2,riken,AGIQIKMGJVLKMA|LHZZULHOQSQSJN|PANKHBYNKQNAHN|XYYAFLHHHZVPRN
5a5fd202f06f4ff0b3bf3c02,pluskal_ms2,GKBZZGLJFFTARM|NXEROWMPYNQHFS
5a62cb48caf114f37bf47cf1,riken,ISQRJFLLIDGZEP|XUSYGBPHQBWGAD
5a63c336b20ef4930185fd82,riken,FEQSYBHDHIPRKS|MDFCJNFOINXVSU|MZNIJRAPCCELQX
5a678002cef1887108fb93a7,pluskal_ms2,WRLZUQKRFZQYDV|YLMGWNNPZYWBMT
5a7782e905cac6f39213dbe6,riken,IYPYOSNUSXBFTR|XRVOHZOREFBBDX
5a77c882d192166f3a2f5249,riken,ATJVZXXHKSYELS|BLUAFEHZUWYNDE|GSSPKCPIRDPBQE|IHEJMZHKJYHVFF|MXXWOMGUGJBKIW|QVCMHGGNRFRMAD|SWOVVKGLGOOUKI
5a8640e1fe76bef6aa2162de,riken,QMQIQBOGXYYATH|YISCNLZAUIZSOA
5a8e1dec59ebd5335a349c6a,riken,JNNGEAWILNVFFD|OEYIOHPDSNJKLS
5a9060382c01d57edad1e276,pluskal_ms2,BHWOKYGIZKCKPI|KWZPDRYHNZNEAL
5aa2a5654bf8b202ff9f33d1,riken,CUKSFECWKQBVED|DDGJUTBQQURRGE|GLACGTLACKLUJX|ROCUOVBWAWAQFD|VSJGJMKGNMDJCI|ZDOTZEDNGNPOEW
5aaa51adcb95bfe94785ab1f,riken,AUVVAXYIELKVAI|MJBPUQUGJNAPAZ
5ab4d0a4a5400185731da1b3,pluskal_ms2,OOODLVHUPIMLDF|RLYRFMQTCQDVAL
5acca93af22b249a2d3b65a8,pluskal_ms2,NCCUROCZYCSKOD|PEELMVUBOGZJLX
5acf83ef12a6bc75b21cdba6,pluskal_ms2,RYFIZTWMSCXECD|UUCAMRNBHPIFAB
5ad481b577a22b8d79d7512a,riken,QWNQZWRFKIHTPL|YVPXVXANRNDGTA
5ae55f01b05d5396856000dd,massbank+msdial,QQXLDOJGLXJCSE|SUHOOTKUPISOBE
5af68ddd9c062921fecd4e92,pluskal_ms2,WQCBMEONWKFYCS|XYIUVKBMNWWWAR
5b147eb4e5246dfe5944cecd,riken,AAGFPTSOPGCENQ|HLHZQJPJPNQANY
5b23572f1aef0f097e4dea39,massbank+riken,CDDYZYIBFIQEGM|DEMKZLAVQYISIA|DQWPFSLDHJDLRL|HORIEOQXBKUKGQ|HTBWBWWADZJXID|KGBSGBJFEOXATN|QJVXKWHHAMZTBY|SGQLWFYYEYBZNX|UVZUFUGNHDDLRQ|VFUPDGRCPOEQAB|VHBKIIVLIAIHBT
5b235f071468aa79f9d5e0e3,riken,FBFJAXUYHGSVFN|HUOOMAOYXQFIDQ|JQEFRKPLHFKTFL|RHJULGLSOARXMO|RXAXTTGJEMODPY|VEVZSMAEJFVWIL
5b29f85e22878d61d45911bd,pluskal_ms2,KOJNQFFODPLEAZ|ZTNKAWJJXPYVLP
5b356e61fa10dcf1f759960f,pluskal_ms2,ADXGNEYLLLSOAR|LQHDJQIMETZMPH
5b3660487988c1a28f24ca76,pluskal_ms2,JZHCHLNPODFCTL|UTDZENVBQMAAHN
5b3ea08d4551aa8e5cb13666,pluskal_ms2,JKVBOQZNPRNINF|OVFDQURMTNAKDH
5b4dd2525f1c07fbeb17bc07,msdial+riken,RKFHFBWDNSYADY|UFXLSRZZVFZURD
5b59527b80ce3f4668c5d0d6,pluskal_ms2,FEKZKIZUNAXBLO|IKKHMJLRUJIZHA
5b79ccf9af26934014de1f76,riken,QWNQZWRFKIHTPL|VSJGJMKGNMDJCI
5b8d4947c37d7fff79da59b2,riken,GVJHHUAWPYXKBD|IMQLKJBTEOYOSI|SHIBSTMRCDJXLN
5b8ffb4b36aec57b640624d0,riken,FSNGLHIMQHWTNF|LOEYOYHSBVAUQU|PJTYPIGQKDTERS|RSTKLPZEZYGQPY
5ba7a854c8c6d9a07bd351c3,pluskal_ms2,VEWGJRXPIOULQD|ZDNBSOUWFJZXPL
5baec367bd44e8cb616ca466,pluskal_ms2,CPZAMXPSKJHXDK|ZIUUKKJPDHFWDQ
5bc4975653067e67d8bb0434,riken,FTVKHUHJWDMWIR|GLACGTLACKLUJX|JXCDWBSOTYSNDX
5bcf43db12ac3fd00439722a,riken,DXJGGEVMIZJZLN|RJZFGBNKPOVCHQ
5bd3c6307d3c7a571eff1877,riken,OIRDTQYFTABQOQ|XGPBRZDOJDLKOT
5bdb68ddaf6e6994ad745dbb,riken,ALYHYIXFUOUIHJ|CDDWAYFUFNQLRZ|KFEFLPDKISUVNR
5bdc44664454cecdaa3d6ef5,riken,MFMQRDLLSRLUJY|NRYNTARIOIRWAB
5be3e7488be0cfa2c2b2f456,pluskal_ms2,GTVMCVFIGSCERF|PSEBDGBXQNJMQF
5c06bdbe0c26e6cd5ca557a2,pluskal_ms2,NAAMZGFVHDOIKP|PPJOASPPTJAFCG
5c172e4bdaf1765a1b61c5ef,massbank+riken,AEQDJSLRWYMAQI|NMLUOJBSAYAYEM
5c1ec2bbe5ea3ed3c27d27fd,riken,FFULTBKXWHYHFQ|FIAAVMJLAGNUKW|GBLZBLJGCQTQMB|GHCZYXUOYFOXIP|HUOOMAOYXQFIDQ|IIWUQMDYQWUJCW|INIACRGCTLLWRM|IWEIJEPIYMAGTH|KBMSVODXFLAQNJ|QLKSLGRVBGVPPG|ZVXWFPTVHBWJOU
5c263172226ace76235ebb8d,pluskal_ms2,CEIYBVJDLDUALL|ONBUDYDHHLFSPZ
5c3ec775d41a1d881053e7ba,riken,GAOZTHIDHYLHMS|HUVFVYIECRCQCN|QULLOTSYPAOTIW|ZKWQQXZUCOBISE
5c4b496ffff1cc6d1b4af8b5,pluskal_ms2,VPPIIDNRSOUYGK|WJZLFPKLYHSDCA
5c71ed3ecb0ba0902933f6be,massbank+msdial+riken,CHSDMOZSQFIUGK|ZWBAMYVPMDSJGQ
5c83bdf5ad145efa2e6fa699,riken,FEIHRQSTXZRGQD|IHYUCPYKBNICIV|VYQZKFDYFAVOLO
5c93920b292dabfd580cad3c,riken,CVAVMIODJQHEEH|FPJQGFLUORYYPE|FXUVJKGSDBTXTJ|LCAZOMIGFDQMNC|OXVUXGFZHDKYLS|PVLHOJXLNBFHDX|RERVSJVGWKIGTJ|RGOVYLWUIBMPGK|VDGOFNMYZYBUDT|WYKQPGOKTKQHQG|YJWBWQWUHVXPNC
5c9f1332f8de2375e2cd9f16,riken,TZAAYUCUPIYQBR|ZHYQCBCBTQWPLC
5ca14c1101d60f42ccd9691d,pluskal_ms2,CYXUDQVIASTMEA|SYDYMJUELSZIBJ
5ca76ae8b48228ceef9bca47,riken,JAYVHSBYKLLDJC|KVKRFLVYJLIZFD|NEQGOKAKPXXESR|OKPSCKUJXYCMPR|PHFUCJXOLZAQNH|PULWRMOKQNWQBD|QKQLSQLKXBHUSO|REZQBEBOWJAQKS|RSIWXFIBHXYNFM|RYHDIBJJJRNDSX|WCGUUGGRBIKTOS|WFRQIKSNAYYUJZ|WWVZUDKBWRFNRY|XUARCIYIVXVTAE|YMGFTDKNIWPMGF
5cb9f291e945455997721066,riken,FERIUCNNQQJTOY|IHFBPDAQLQOCBX|JANBLZHPNGBWAO|KGGUASRIGLRPAX|LCAWNFIFMLXZPQ|LCTONWCANYUPML|MIJYXULNPSFWEK|OMQADRGFMLGFJF|OZIPFYKAIOOVEJ|PCMORTLOPMLEFB|PWWCDTYUYPOAIU|QXKHYNVANLEOEG|RSZDAYHEZSRVHS|WPYMKLBDIGXBTP|XBDQKXXYIPTUBI|ZQSIJRDFPHDXIC
5cbdf7b8599bc223f73886bc,riken,WTBZNVRBNJWSPF|WYDPEADEZMZKNM
5cbe60f89024b1068edd7a5e,pluskal_ms2,DGFZTTARNCHODV|VVCYEQNRWKGTDT
5cd04f84df92305dde07a26d,pluskal_ms2,WBFRBUMHFYLOMI|WCNWTHCLAWYGIA
5cd3592be31254d776cd454b,pluskal_ms2,AGAAPCKBMLBWNN|SPYJSKIQMYRHCV
5cda4dea58ecb4f7ee15d2b3,pluskal_ms2,CQPNHLMWWVMZRW|NMRMXCLXYLASKB
5ce863b6e0190925ad35ae77,pluskal_ms2,IRDOVJJZBJZACO|JIMIRZCIIUGDPI
5ce8a09fac599cb41ffe7e7a,pluskal_ms2,BPPZFJOSNPTQQL|MFIXSSKQHVPACQ|OLUWYTLKTXVLNF
5cf953d1b7d451834c987b64,riken,HPSWAEGGWLOOKT|KRQDMAXNTWLTDZ|MXOKGWUJNGEKBH|XKHCEDYSKNATME|YMWRMAOPKNYHMZ
5d04c0715f00f732812415d7,riken,HNICUWMFWZBIFP|PWMWFOWSRFRPQK
5d0d3a631609078d24be5b1a,riken,OQANKTWSGPYURN|XFSBVAOIAHNAPC
5d10e1c1c721d2c63dc65550,msdial+riken,CGZNTHDUAFIKOH|DORPKYRPJIIARM
5d1c05250b7137371371d4fa,gnps+mona,VOPDXHFYDJAYNS|ZWLPBLYKEWSWPD
5d29e256083528a30b45248a,riken,FWCXELAAYFYCSR|IRKFOLIBBQDADK|JHUNHTOHTUZTKV|JMUOPRSXUVOHFE|PZZRDJXEMZMZFD|WRXVPTMENPZUIZ
5d2c0ed1874a68440da2da9a,riken,IBNHXRKBRQRAPN|OSJXTRFYPLXSCM
5d437aac9e7420c6289ad365,riken,AJSPSRWWZBBIOR|ALPSEMFPAVSKJO|BMLIIPOXVWESJG|GDGZMMDZJVKXTP|LLVOJEYSNCNXJN|QORFVLSDZGITGP|VSIAVKJNOAFUKA|WJQLYTQYMSTZJJ|WLYKQFJPOHPJQU|XJMPAUZQVRGFRE|XPNPKQSCYZUYBU|YGCYRQKJYWQXHG|YTPBUIWNJRGZFW|ZJDOESGVOWAULF
5d43cc3fc653d4da600958ec,riken,UGJAEDFOKNAMQD|XKXYJTIBKZGIPR
5d43cc7c6a4637adaef0638b,pluskal_ms2,ITRDWSJZKFTSEW|QMIOWKHMJRSGKV
5d60ce147e4f3dfc29379858,riken,GBJKHDVRXAVITG|RSAIVLRELNGZEY
5d6c69f83e643745646b2089,pluskal_ms2,HHWABXGAQNCVFW|OZVZMPDVUMTGKV
5d7281b58e0c05c6afce8e58,riken,DLBLMTCYISHWGP|LPNBCGIVZXHHHO|YLHQFGOOMKJFLP
5d7e8b7e4b88701a9bbb67ca,riken,KTEXNACQROZXEV|PXQNZQURQNZGKZ|UGJAEDFOKNAMQD|WTLLIAVPAMWKOT|XKXYJTIBKZGIPR
5d80a60d97c4df1b3bc726dd,riken,CWGIHUKKVIGOGZ|FJQKXKNZQQBTDD
5d88e437d33fffbc821db0cc,riken,FVFSMBDVZVUETN|RSWGJHLUYNHPMX
5d8c82ef40e4b57307b5a6d8,riken,FVWJYYTZTCVBKE|GTZJXEKBDFHJCO|MKQCLTNEQAMHGK|MXGAOIRJBACCEY|PAXNVPZJVMRVBU|ZZXJOMSIUOUAHV
5d9b98b8ee1c4344f1ca38d6,riken,HGIIHVJCDPYWBJ|VXNJCLUDBLYAOL
5da298038d6fa3a8e0f81f93,pluskal_ms2,IRIYNWXFUVGMTN|YNVVVGLRZPUXCY
5da6def915fd37871cb61bf2,riken,MAYJEFRPIKEYBL|RRRSSAVLTCVNIQ
5da725beb13c97db62dc7667,riken,MBYNDKVOZOAOIS|TVBJKPLTBPGHDJ
5da8a81e856f1f385af76658,pluskal_ms2,DDKPCMRNWZNSAC|XRPKCGAOHAAMNS
5dad0a4d81b0681a95111bb2,gnps+msdial+riken,BBPRXYLVMMXEIN|IPVSUYLZIAYTOK|LLHVQDWTNVJRDD|NKFZLEYLWAFYEH
5daf6bf380f75b17e491b290,riken,DZWQPAFWILBODA|PZEAYKDDQCGSQU
5daf6ea14b576bf1e7890b1c,msdial+riken,DSAJORLEPQBKDA|QAIPRVGONGVQAS
5dbac75d1b42ed3b8d522dd3,pluskal_ms2,LHKZIVMTXZLOTP|ZPEFYJBGAZLAKK
5dd61afb264d60fcac83cef3,riken,AIONOLUJZLIMTK|NOWZBRLFRHWZOY
5dddb4e972a6d78976d3e8e4,riken,IPMYMEWFZKHGAX|IYCPMVXIUPYNHI|YRAQEMCYCSSHJG
5e054da1de948df1df1d7499,riken,FVWJYYTZTCVBKE|GOQYKNQRPGWPLP
5e0b1a9fd51a53527dc338ef,pluskal_ms2,CKLJMWTZIZZHCS|KSTJOICDZAFYTD
5e12987aa6fc04a8802a002b,pluskal_ms2,DGFZTTARNCHODV|VVCYEQNRWKGTDT
5e1708fa9d7ba01406972f2f,massbank,CGRTZESQZZGAAU|OXWDLAHVJDUQJM|QSRJVOOOWGXUDY|VFBJXXJYHWLXRM
5e1b7154947272f0177f2c47,riken,FSLPMRQHCOLESF|SLAWMGMTBGDBFT
5e29f6057fb2c5fabd457819,riken,FBMORZZOJSDNRQ|PMVCHAWVCIWVLP|UAPZTGRENZINFN|WJLHDYQXCJXZGV|YVIVANDTNNUXRH
5e2b537905faf7bbbb6f852b,pluskal_ms2,DZDRFPGBHOXFJT|HOKURLPBNQPMHY
5e3299aa6f11178a706423fe,riken,LCSDQFNUYFTXMT|OHDJGUWKOIBIKY
5e4d0be73dde1f6e280aadc1,pluskal_ms2,SXBBJBBFQDMDCF|XSSBUKKXZXENOU
5e5333de05e1142af0ab0ceb,massbank+riken,ACNHBCIZLNNLRS|FIAAVMJLAGNUKW|GPHUERASPIVMNY|IFQVDHKHKVDYQC|JZZOGGANLSAZTC|LJWPEDHNPDOGIV|NGROIZSHBGXMTB|NKTORRNHKYVXSU|OCDGBSUVYYVKQZ|OOAFHWZQYGAPFW|SZMZXQWCICMUFH|VUOFIHCZMOIBFY|XBRXLXOCHNGHBC
5e5434881136545706d7376b,pluskal_ms2,PHCVYXVSUKLYGH|RZNKYAXXVTULOJ
5e6482a0afb093fd62b2db45,riken,KGGUASRIGLRPAX|KSEBMYQBYZTDHS|PWAACAMQKVIVPZ|RISXUTCDCPHJFQ|XMOCLSLCDHWDHP|YTHRBOFHFYZBRJ
5e6cffe5a7957adc47e3d7d7,pluskal_ms2,DQXDPHKOEHMQIV|LBKDYFOSBMAOCG
5e726c54067eb1eb183bd61b,riken,KZMACGJDUUWFCH|QMQIQBOGXYYATH
5e7332af827c37f3ed4c1757,riken,KJNCJEFOGQPOHS|LINCEHCWNRFISH|LUULUSZGAPNFFC|TZRNJQYCOSMOJS|UDPFOMKNYCYJOB|URRIQHWWGFUPHG|XJMPAUZQVRGFRE|YKJXWYJDQVADMO
5e874064ea7b4546335f01d5,pluskal_ms2,MOBHZGQOOXHJFE|RZWORNXENDEBFF
5ea9579d4d5bc4ad6a71691a,riken,DWCCVUBESGIKQL|JLJAVUZBHSLLJL|WYKQPGOKTKQHQG|YGVHOSGNOYKRIH
5eb75612876f0af0c6e67d3a,pluskal_ms2,QJPCLIAAPIUMQU|VELXWQVKLUYRBG
5eb7ae792a37387ca0d58ad4,riken,BKIACVAZUKISOR|NSEWTSAADLNHNH
5ebf16c5ff8ddd339c4bab51,riken,DDDXYRAMQRKPDO|GHBNZZJYBXQAHG|YNKJSQIXVXWFBK
5ed0ed5096dfd2b8bc55071f,pluskal_ms2,NAAMZGFVHDOIKP|PPJOASPPTJAFCG
5ed191aaa64c08c5f71ed1f6,pluskal_ms2,CHNINISJXPDINL|XYRKBYYZNHPWAF
5ed36773f2820e604ec9caa1,riken,KSGGQJQFYBWKMO|NJPDRQDELKMUTI|PJTYPIGQKDTERS|SFLMUHDGSQZDOW|YDQJABBOEPTJBN
5ef247b811aed9c909bd8bbb,riken,RTNZWGMBYCVCPK|WDTAJXMIXADUTH
5efb1a1ce95ac4f551c44c72,riken,KILZIJKCZIGLFJ|SKHJNNFXCKTDBG
5efea74c4bb3876899ad1f05,riken,VGJOYFZLAIERID|ZRJBHWIHUMBLCN
5f07cd07a9de0d14cb8b11c7,riken,JWINIHBXRZXFKL|MEHHCBRCXIDGKZ|MWEZHNCHKXEIBJ|NTSAVLDATFYUQZ|OWMJDOUOHDOUFG|PHLXREOMFNVWOH|RDWVESCBQDRAAN|SCXRWQXEFHYUBB|WDTAJXMIXADUTH|XBRXLXOCHNGHBC|XUSTZFGBQSSEAX
5f140d1b6b9cf4d0b9da10fe,riken,LKYNAQSYQLFTCM|UBCKYWKJKPMKAA
5f161af0342b90c64cc21fd0,pluskal_ms2,QLESPZIBLXJTBI|SMALDVZQFBVHQY
5f19dc3ccc0ebc11ad083bcd,riken,BPXIBBNVQKIXGG|BTPYUWOBZFGKAI|DQYACEDUQHWXQZ|FIAAVMJLAGNUKW|GMBQZIIUCVWOCD|IMPWMPCRAJNBMS|IVLRQLIWEVLAQF|JQEFRKPLHFKTFL|KKSYAZCUYVRKML|KQJOTRBNSBFLSW|LKZDFKLGDGSGEO|LNOHXHDWGCMVCO|LSIIVRCCTPRGGJ|PEYUIKBAABKQKQ|POCJVFDFEBOVMF|PQCLUXROBSBPIN|QJPCKAJTLHDNCS|QLJNETOQFQXTLI|QPHXPNUXTNHJOF|RUDPVKAMGSQKJK|SBGHXFWRTKOHQM|TZAAYUCUPIYQBR|VCMIRXRRQJNZJT|VCWUZNQATFVWGL|VFAMXXXCIPXUHZ|VJSCHQMOTSXAKB|VOCGSQHKPZSIKB|VSUOKLTVXQRUSG|YBHILYKTIRIUTE|YESSRGNVIMVBNT
5f1b1a6b593b217b70712798,riken,FHIVAFMUCKRCQO|QHOQHJPRIBSPCY
5f32af9d4461e3a0321c1bc6,pluskal_ms2,UZEXJPKANLDXBC|ZGKPVKPCZOURSR
5f41ee328010e6fe9951ee75,riken,DFNZYFAJQPLJFI|JKQXZKUSFCKOGQ|MIJYXULNPSFWEK|QMQIQBOGXYYATH
5f830d8942e246d0784b3ee5,riken,ARDWXVOOPZYQMS|GBXXXUUAOFPGRP|NODILNFGTFIURN|SXILFEBNQCRWAL
5f880977c5e73d1d534da065,massbank+msdial+riken,HPEUJPJOZXNMSJ|XWOLWJSHOPYCNG
5f8a6f61ea255c51719687f0,pluskal_ms2,AVKUERGKIZMTKX|OFBIFZUFASYYRE
5f8baba4ee7afc0c93a6141c,pluskal_ms2,DDKPCMRNWZNSAC|XRPKCGAOHAAMNS
5f8e84ec21c7d40e1482e433,riken,BAAYOQMJSFDMKV|LINCEHCWNRFISH
5f95bbfdb0a7ee8a9209ffac,riken,MROYUZKXUGPCPD|QJKMIJNRNRLQSS|VKJLHZZPVLQJKG|YBHILYKTIRIUTE|YYWGABLTRMRUIT
5f96a40f97f5cb0a1a665b37,riken,AMBQHHVBBHTQBF|DQFZFJHZGAOITN|HVPKALQHGQMJER|IGZFQTYIXILLMB|MDAHEEBYLFVHSJ|OGYXOOJUJQIDOX|PPCHTBBOSVKORE|WSGPLSDARZNMCW|ZEASWHWETFMWCV
5fad7b63649d7d4d7f575328,pluskal_ms2,CTBWHLHWNKKNPA|VJNVMUFDZHICMK
5fadd8b232e89839f6d35182,riken,OHDPFRGZBUACTR|SLAWMGMTBGDBFT|SVHJCTSSYQPWEV
5fb20f58ea53ed42e3a87e30,pluskal_ms2,DQXDPHKOEHMQIV|LBKDYFOSBMAOCG
5fce24af722c883b94ee277a,msdial+riken,DANYIYRPLHHOCZ|HVQAJTFOCKOKIN
5fd379b943798ada02420039,riken,PJQLSMYMOKWUJG|UWHUTZOCTZJUKC
5fd47c97462ca8afcff57e77,riken,BSYFCWAPBDZVAX|RBBVPNQTBKHOEQ
5fd754ea753c39ff31bf4fe8,pluskal_ms2,QDRCEIFSUYFTIV|YCXCRFGBFZTUSU
5fdb9ce3cbf547d9a6d1264c,pluskal_ms2,DAAGOCSHXCDWDY|OQALFHMKVSJFRR
5fddd5c2195b5139bcfe2c3d,riken,DJSISFGPUUYILV|ODSSDTBFHAYYMD
5ffd0e14b9fda99e2c06a34b,riken,ABVXSWSZNVSTLG|OWJYWDRFQHCJEO
600079b528ed89096fc94cdf,msdial+riken,ANZPTHKCKUKVBT|SAPGTCDSBGMXCD
60166fed4131a647406ebddb,riken,BWHZPGDZTFVUJN|NAUZBQMEOYSERD
601cd445612fe37d6f236598,riken,KKJYIHSXTUGJLP|RTZKSTLPRTWFEV
60363e09974efa5c0576cd12,riken,CBHCHIRHODOGAA|UWHUTZOCTZJUKC|WYOTUUJXYVODGL
60428f31874157df29ef7f47,riken,OXLDBLCHXXJJPD|SRDNLMOBFKJOSD
606450f5bde14e6564873953,riken,JVTUHEKZETXYLU|ODCSNAYMQWOMAA
6066441a4a1d00738ddc4473,pluskal_ms2,BPBCHSOBQVPDKG|DPYYBUMNBGGGJQ
606e52f72050d55fdc3e80a6,riken,MEHHCBRCXIDGKZ|VFMMPHCGEFXGIP
6073e7fc282bbae754bbe0c6,riken,UZIOUZHBUYLDHW|YURJSTAIMNSZAE
6084bd38484d0a26c4acd5b0,pluskal_ms2,IYYKIRSUZICUEO|KXLWPFYBKZYMDQ
6092a94bfad40984162e4230,riken,AUTZLTCWRDPAPV|PBSOJKPTQWWJJD|VSFZYCDPDWSYSS
609d55f4a1f6fa3f2dbd8f61,pluskal_ms2,JUJGKVROMWUCBV|PXTZDSPTHUBOIB
60a8c176b5a905c4d94335c6,riken,FWVHWDSCPKXMDB|QOMBXPYXWGTFNR
60acfa8249817a498c1ce742,pluskal_ms2,VPPIIDNRSOUYGK|WJZLFPKLYHSDCA
60b315ba2d8aab41642f07b5,pluskal_ms2,HSMPDPBYAYSOBC|VJJZJBUCDWKPLC
60dd41ff1f4cbf42af043980,riken,BQKXJCBALVIMOT|HVYWMOMLDIMFJA|NVCXJOMKWUGCGR|WRYJRJIDYVFXLV|ZHOCWHLKCHVNGG
60e463d89e6a079e1565224f,riken,XJIPREFALCDWRQ|YLHQFGOOMKJFLP
60ec570a4f85bb1e962cf6a9,pluskal_ms2,PHNVWMHNNLEDFP|QNMJKUBLULVVIA
60f708c05aae9b72827e2843,pluskal_ms2,CQPNHLMWWVMZRW|NMRMXCLXYLASKB
60fba617714032ef5823f0e7,riken,AEQDJSLRWYMAQI|JAYAGJDXJIDEKI
60fc0a6a89513a3884e59f18,pluskal_ms2,QXDIEFSQNFLMCU|UVAZHPYHBONVJQ
61094c24e44b6c6a029ebc20,pluskal_ms2,ROPKCVZEIICLDZ|ZLKMITJMEUQHAQ
61165271c35ffe885180b476,riken,BROOMPUVDPTGEG|STEPQTYSZVCJPV
611807655c31e6bc2734272b,riken,CIKNPMUSQDPKAK|IUOVOAJPVOWNCJ|WQVCDQYJDQXJLY
611a9541a2b625907497119c,riken,HCUSLQJBGQJQCB|RKUNBYITZUJHSG
611ba3d4c33bc0a576897be7,riken,NLAWPKPYBMEWIR|OLOOJGVNMBJLLR
612669ef1a1b255d4fafe72b,massbank,DMSMPAJRVJJAGA|SOHLZANWVLCPHK
612ad28337df2a1ee2a74465,gnps,IAGCHMSJCASFSZ|PMMBSTFHDDYYOE
613783fe6cf8bcdc19c4552c,riken,DMIWIJAIZZONNT|OZNNWTQYFYFKJQ|RKUNBYITZUJHSG|SCAGQTBCGKJURA|SYJCVRHCBPLGHM|UTMFIKFVXBHDRL
613a29e8e36afa20059daf4c,gnps+massbank+msdial+riken,HEBKCHPVOIAQTA|KNAHARQHSZJURB|OYIFNHCXNCRBQI|ZNEWHQLOPFWXOF
613aecc0bfa7921cce04e456,massbank,LEHOTFFKMJEONL|RWQNBRDOKXIBIV|SZXBQTSZISFIAO
613b8e6c44aa15e176ad331d,riken,SFLMUHDGSQZDOW|ZYEMGPIYFIJGTP
61420bdf56bf192a77ff9f04,pluskal_ms2,NBEYHLRJNTUBRR|VLMKFWSYRUZNGC
614f7017d80eb16f49d601f1,pluskal_ms2,CMUMNKHCUBSOSI|OXZZANIKBBNMME
615550db901c6943ef60dfb7,msdial+riken,BCJMNZRQJAVDLD|XRVOHZOREFBBDX
615fa1bda545dade5faf2150,riken,HMJSBVCDPKODEX|PDHAOJSHSJQANO|XIGBHUXQOPWGDK
6163e61594ab296117bda7fe,riken,SWZMSZQQJRKFBP|VQQGPFFHGWNIGX
61698213dfad3ebd1f201a96,riken,TYPSVDGIQAOBAD|VENRSYBHHVDBDC
61852fc2739a1184af791bb1,riken,DLBLMTCYISHWGP|GAZDXIGXYWVWQX|IQAMTZLKUHMPPE|OJXQLGQIDIPMTE|QIMGUQIHCNDUKU|VFZIJLPRJAQGFO
618964114be87370479a0657,riken,DBJLNNAUDGIUAE|FHIJMQWMMZEFBL|JBGYSAVRIDZNKA|JLYBBRAAICDTIS|KVKRFLVYJLIZFD|NJUXRKMKOFXMRX|QWNQZWRFKIHTPL|QWWPCQGHWWNGET|RLVCFPDMEANTCJ|WBYJYPOPDKQBQJ|WMSZDXQCLFUBAQ|XKHCEDYSKNATME|XPMQJVHMFLZDSA|XWMMEBCFHUKHEX|YBCOIJNAMJAFSO
6195f8824633a28e46674d56,riken,BHPGRVQWTLDDQX|FWVHWDSCPKXMDB|IQUGPRHKZNCHGC|KJNCJEFOGQPOHS|PEMIXOORXAHUSL|VBTMMYSERQFPPK|YRECILNLFWZVRM
61a03bf13981d42724d5a288,riken,DRTQHJPVMGBUCF|HSWIRQIYASIOBE|JOZKFWLRHCDGJA|KRKNYBCHXYNGOX|RODXRVNMMDRFIK|UBCKYWKJKPMKAA|WUADCCWRTIWANL|XJIILRFVONGQOG
61ac9fcf652a3b928f91456b,pluskal_ms2,KHPZUSRHGAZJFB|RCCIKUMUURARBT
61cff0c09651b20a0f69db16,riken,KZMACGJDUUWFCH|VABYUUZNAVQNPG
61dd2fb8d807176311634264,pluskal_ms2,ONBUDYDHHLFSPZ|VSLJXCOWCRWREN
61e0881048819f39986340f4,riken,HUJXHFRXWWGYQH|KFFCKOBAHMGTMW|KFVUFODCZDRVSS|KGEKLUUHTZCSIP|PCWTUTJLXXOQPR|QVTPQPDYCBHPCC|ROLIIKCIEQNTMT|RSSYYEQEOXSTLN|SDXKZPQOVUDXIY|VSJKWCGYPAHWDS|YAPQBXQYLJRXSA
61ed46d87aea762481106421,pluskal_ms2,GNFHAPQGOWHXGO|UCMKQKNCNBSRHR
61edd4bffe86157e3f612720,riken,OHVJCFZJKPEJRL|WJLHDYQXCJXZGV
6203a5b6015a345f91b52201,gnps,QLESPZIBLXJTBI|SMALDVZQFBVHQY
62110f376834d30925ba05bb,riken,FEQSYBHDHIPRKS|TUFDSEMWRYIOBO
6219a19f6cee98c07dcb535b,riken,TYALNCRUIKOKGP|UWHUTZOCTZJUKC
623f62d68aac9399a0b0ec17,pluskal_ms2,GGONTXVZIMNXPZ|ZPQKVXNDMXBSEP
62409c5d358df045ad9d0877,riken,JYEDISZKFNNREA|KKMPSGJPCCJYRV
624289aeeeafe70338742acd,mona,UBEMSBNKOSVIQI|WYEJYAHDMZZJRF
624695b2925d2922658b2f25,pluskal_ms2,GVHLLPAHVPRCOO|SSLKTQQOQJLHRE
624b49880f087a7b1e23c223,riken,ALPSEMFPAVSKJO|GDGZMMDZJVKXTP|VVLPFXAEVKKWTK|YTPBUIWNJRGZFW
624c3da9a0464c35a7b949d3,msdial+riken,FSYKKLYZXJSNPZ|QNAYBMKLOCPYGJ
62512234d4058e59022195d2,pluskal_ms2,KUYVQSWGWXSHIU|QUHGNKPCKWIPCD
62643bfae0faf9ed4a4eb03e,pluskal_ms2,AAKPNRVLVGZWKZ|NAHCTWNRIUPWLS
626e42ef58c43683b6c1e232,pluskal_ms2,PVHUKALHRBPQNM|SYVFGLXUEAXFAP
628b8d2641de8bb231c1047b,msdial+riken,MXEIKUWMKSYEII|YOGANETYFUQWIM
628ec3a85efeea81bc33e09e,pluskal_ms2,WQZGKKKJIJFFOK|ZFXYFBGIUFBOJW
6290e245657c741b8c070c56,riken,CMISKXBIKZBGPM|UOJAEODBOCLNBU
629a40851958cfac2163c58c,riken,CTJZWFCPUDPLME|PBSOJKPTQWWJJD
629d259362a070ec3a3e21ce,pluskal_ms2,MYRYGQYFYQIWAD|NHPNPGRWUFENKK
62a0646f0cb8bafdb2a98936,riken,SKHJNNFXCKTDBG|YIIRVUDGRKEWBV
62a2bb8bf30d8866a6c56199,pluskal_ms2,AWCDYQKWSBGEIU|FVEPDFGUWHLKEB
62a3346972bf73f520849985,riken,LTJSBYAKDOGXLX|WTDRDQBEARUVNC
62a610b7ca239e29fffc68fe,pluskal_ms2,MEDLHXNJCIBFNL|SSEXMUKRNXSQFH
62b043d9585fdadf41e79008,pluskal_ms2,CXDFOJFHXOHFPC|FNFVFFALESRXAL
62b06026bef15335d7120833,riken,CKUVNOCSBYYHIS|OMQADRGFMLGFJF|VNONINPVFQTJOC|WCGUUGGRBIKTOS
62b17b10c5b4238021edaca7,pluskal_ms2,LTXREWYXXSTFRX|VKXWOLCNTHXCLF
62bfc9e3b2130de05c5199e4,riken,DDGJUTBQQURRGE|IHYUCPYKBNICIV|JXCDWBSOTYSNDX|UXUFMIJZNYXWDX|VSJGJMKGNMDJCI|ZYGHJZDHTFUPRJ
62cb0c343eb3d7c37ee83953,riken,CXSXBHMYYCPTHP|SMZYCXAYGPGYRS
62d4194418fe668a34a6c265,riken,OUQZQSNNIGHABI|XSSREOLCRTWEPI
62e000b519964e30cf5c5ea7,riken,CTGCWSGMWONEJE|ZKUCDSCKSARUCE
62e0afb77e88ddeb5639402d,pluskal_ms2,NBFMCUOOMUNSMA|UAVWENCESKIYIK
62e2669488b635de2f48483d,riken,IEFRVMKLIFGNMU|OGEXJTAHQKIXJL
62e790d13f8d324dbf76a1cf,riken,JKQXZKUSFCKOGQ|MIJYXULNPSFWEK|QMQIQBOGXYYATH
62ef7f8e0af2c2d7763e0dc7,riken,DANYIYRPLHHOCZ|JNNGEAWILNVFFD|VEVZSMAEJFVWIL
62f83bd28f9053a15d2795ec,riken,HRLFUIXSXUASEX|OZTXYFOXQFKYRP|VTLYEMHGPMGUOT|VZRKWGPIZJDNHC|YVPXVXANRNDGTA
63071a9e52eee0ff34ff8e7a,riken,LZERJKGWTQYMBB|RZVUCQZHOKQLFV
6307d39ca40f57f6923d4092,riken,FCEXWTOTHXCQCQ|GRTOGORTSDXSFK
630d161a4eb947ff51c5c1ba,riken,CGZNTHDUAFIKOH|GKHCBYYBLTXYEV
6310d11251058802f4c239dd,pluskal_ms2,CJQKZZRIKGCEPB|WSZAXICPAZNABD
6316832a51c62638874139aa,pluskal_ms2,KNQLSUOMNGGBHQ|VWXRPZNKDNXRQB
631d3349cfcb8e82cdcfddaf,riken,NXIXJPLNNMLKRR|PHZOWSSBXJXFOR
6322a6f43d1c4759eabc49f8,pluskal_ms2,OXGUCUVFOIWWQJ|UJTDYOXTXGBHEG
632369553c873a56d1dedad4,riken,DUWPGRAKHMEPCM|OAIJSZIZWZSQBC
6323cb0410989941e352d0fe,riken,AEMJDNJKSCBKRL|DXJGGEVMIZJZLN
6325b413b4b522000871aa2f,riken,HPSWAEGGWLOOKT|LBQIJVLKGVZRIW|MYBAONSAUGZRAX|PUHCFWFODBLSAP
633063004c27c56fabf74cd8,pluskal_ms2,GDVMMPACXKUSLT|NKJUHJLRKSNMAM
633ac6c8aaf4f6b7589f2a07,riken,AZIGQTILUNTIQH|JXCIHLUSRQSSRY
633f280628176cec68f7642b,pluskal_ms2,DLMICSWBTHJZTQ|QQCFKULMRLDOEG
6356673885737e1519346cd9,riken,DFUXHMHWOWANRY|FPECZWKKKKZPPP|LTMHDMANZUZIPE|SHIBSTMRCDJXLN
635f72b5435815b8e83c0f70,pluskal_ms2,QDRCEIFSUYFTIV|YCXCRFGBFZTUSU
636db8b52349ade8dc9443a0,riken,TYPSVDGIQAOBAD|UBCKYWKJKPMKAA
6384b9fab85885cb4c14af0b,pluskal_ms2,BMOFKTDBQRITMO|DSPAICDFYLGDQU
6385013db90a83bcac6eac50,riken,BQTYHFZQSAKNQU|KLMZPLYXGZZBCX|OBGPEBYHGIUFBN|PJQLSMYMOKWUJG|QELDJEKNFOQJOY|UTGUKTQOTCXQJK
638c48f30438fc6c33b3d6e6,masaryk,FELGMEQIXOGIFQ|YBBLVLTVTVSKRW
638ea73bcf9d1697bf55d558,riken,CUKSFECWKQBVED|KBKUJJFDSHBPPA
6392bb3308697c44dc05cb25,pluskal_ms2,IFQGGAHTPJSUOS|NBEYHLRJNTUBRR
63a67f2fcaa520715c5b29e5,riken,JTEJPPKMYBDEMY|XQDCKJKKMFWXGB
63b1fceb94716266146bb39b,riken,SLJTWDNVZKIDAU|VDYCLYGKCGVBHN
63b5990923e7e1e3e8a4572b,msdial+riken,BRZLPCQEKPAETF|CKQJTGWITOTSIE
63ba9cbf2786b44e6958c190,gnps,LHKZIVMTXZLOTP|ZPEFYJBGAZLAKK
63c63889f8d32ccf59346469,gnps,LTXREWYXXSTFRX|VKXWOLCNTHXCLF
63cb1cba4dc5e6a5cc48c1d4,riken,DUWPGRAKHMEPCM|YLHOHANRUSKHKO
63ccd72d0c94218708a407a6,pluskal_ms2,XVZWLQXESCERMO|YAFCYESBJWJEMX
63d286c97353de2431f5766c,pluskal_ms2,ADXGNEYLLLSOAR|LQHDJQIMETZMPH
63d454983cac72f1faa6baae,riken,IMQLKJBTEOYOSI|YURJSTAIMNSZAE
63f4dd5dc345a0e4b2c1bdd8,riken,GDCVFNAQLOMGMS|OBBDJQMNZLQVAZ
63ff6572d73d894d6a419bbf,gnps,VWWQXMAJTJZDQX|YPZRHBJKEMOYQH
640a4069a9e327276405aace,riken,ZJMLELXRQUXRIU|ZULSSCAFEXMMQF
640db1618caf7073ed7b0c1e,riken,AIGAZQPHXLWMOJ|GPFNSVXDXCMNOL|KQSFNXMDCOFFGW|SHCBCKBYTHZQGZ|YVPXVXANRNDGTA|ZUADKIVUCPFXDX
641c57f7177eee20018e9d5c,pluskal_ms2,IXCMDAVKOFJIMK|KLUICKAWWIGDCB
64311a4b58a2882d989ca1e8,riken,QCQGNTXXPCJRFZ|XPCTZQVDEJYUGT
643e879de4b35ef8660ba5a6,gnps+massbank,BJRNKVDFDLYUGJ|WXTMDXOMEHJXQO
645436df4ef300d49cefdbf8,riken,IEBFEMIXXHIISM|QOMBXPYXWGTFNR
645eb30a1923aa07d4dbbc3c,gnps,DUGNTCYVRXUEKJ|OHMYHSINOJAJFI
645f59f4787b6bfe7564ac0e,riken,WTCVROXOIQEIRC|XUSTZFGBQSSEAX
645f7a71295dfb058b11d758,riken,AGIQIKMGJVLKMA|CWBZAESOUBENAP|DYOKDAQBNHPJFD|GKAJCVFOJGXVIA|IHEJMZHKJYHVFF|OHDPFRGZBUACTR|PAFLSMZLRSPALU|PANKHBYNKQNAHN|SVHJCTSSYQPWEV
64723a3e1a6d77df7e1dfe7f,gnps+massbank,HPFIYXJJZZWEPC|NLDDIKRKFXEWBK
6475f58d4433de321fdc3ac1,massbank,IKEHOXWJQXIQAG|KGRVJHAUYBGFFP
6478e3abf0f333abcc2f462d,riken,MQYXUWHLBZFQQO|SJBUJXPYPGGORF
6483bb11da251b04bb9f0b2e,pluskal_ms2,RADRBZBLNXVQEU|VGGGPCQERPFHOB
64a12de279c7c3ffb33d6a44,riken,ALAXFFCXAVBHBY|IDGXIXSKISLYAC
64aa39a044d71fe082edd98c,gnps,LTXREWYXXSTFRX|VKXWOLCNTHXCLF
64b4c12a2983b7586bba68d4,pluskal_ms2,ALLUXZBOHPBSOT|PPAYXIXBAQIBAM
64bf7133c420c88a11f75e26,riken,BHPGRVQWTLDDQX|CNPWIVIIZHULCN|GHBNZZJYBXQAHG
64c4c8bf1dbcbfe8e876116e,riken,RDWVESCBQDRAAN|ULZLIYVOYYQJRO|WDTAJXMIXADUTH
64d0747da80f69a16ae4e63b,pluskal_ms2,FLHUJBKBZZRVCG|VNHOPSNATDRMNE
64d3b203ff709d2d03ee9c34,pluskal_ms2,VPPIIDNRSOUYGK|WJZLFPKLYHSDCA
64d69c8d2c96c0fae9dd9e08,riken,HMJSBVCDPKODEX|PDHAOJSHSJQANO
64daa1eabb0a45c4f56ca5e4,pluskal_ms2,BRRLAKHLNMKPSH|GDQAHQCHCRXPQV
64de86673281616f99673495,riken,LFULEKSKNZEWOE|ZDTXQHVBLWYPHS
64f4469b648b852d771779e0,riken,DRTQHJPVMGBUCF|WUADCCWRTIWANL
64fd2ce8ad583d6f26e756fa,riken,BZKDCAIDWFPAGZ|DDDXYRAMQRKPDO|DUXYWXYOBMKGIN|FNIRVWPHRMMRQI|HDLNHPZHTNFCNP|MQUFAARYGOUYEV|QSTBHNPMHXYCII
650c3c4b4ce4e1d758272e6b,riken,ATWLFQWAUVXIEG|LPVOPZMNIAIRJY|WYKUTTFFZMQCGO
65142bc54a6c0e823cd1e758,pluskal_ms2,CYWOBNOOZHGRNB|YSXVPHOARQUKAR
6515aa1aa9a5400c248525c6,riken,MVCCWTMPDBIKCJ|UEDUENGHJMELGK
652126fb78ffb15b5a3cd0dc,riken,APTNOIWSCDBIAS|HZIBYJCDCHVSPK|LHZZULHOQSQSJN|NWBWCXBPKTTZNQ
6526d840ec5807c3152a61c6,riken,CTJZWFCPUDPLME|DKBPTKFKCCNXNH|FJGOEBQRHWKKJH|KQNPFQTWMSNSAP|RNXZPKOEJUFJON|RPWYCEBUPDNVLU
6527c01e8eed62410e1ab5f0,pluskal_ms2,IBSZGTKGJHXGQJ|YVWHTPKOIYVQNZ
6528cc198a27579850ca2248,riken,JVTLZBKMNDSPSL|WRVNQOQBAGEAIM
652a4d3e150611a50361a10d,riken,FIIAPJASQSDOKY|HOEVRHHMDJKUMZ
653f21d2345aa9364fc56e5f,riken,CQJVKYORMGSYFU|YEFOAORQXAOVJQ
6541594db778ac7cf2231dfc,pluskal_ms2,DFSNUDFNCOQUSJ|LXVCQCRSHWSFRS
654183faa2aa3d20ca404ca0,riken,AUCGRWHWAGXNQS|QXIPXNZUEQYPLZ|SCULJPGYOQQXTK|XUWSHXDEJOOIND
65479b4ecb6c0b6a8b233916,pluskal_ms2,JKVBOQZNPRNINF|OVFDQURMTNAKDH
654e93fe4890424615cfd561,pluskal_ms2,MBHXABZAPUIOEK|QRSQCHAMGNNKHE
655e0a75c740bc1ac37be63f,riken,CKSNMFLZWZXKGH|UGHBHGHMKLPTQY|WQVCDQYJDQXJLY
65649b2963e767117a5c622c,riken,JMUOPRSXUVOHFE|XMJAJFVLHDIEHF
6566fe682c56416ebd1d48c3,riken,HGJXAVROWQLCTP|KVKRFLVYJLIZFD|PGLIMMMHQDNVRS|QNBLVYVBWDIWDM|RSIWXFIBHXYNFM|SDHTXBWLVGWJFT|WFRQIKSNAYYUJZ|WMSZDXQCLFUBAQ|WWVZUDKBWRFNRY|XUARCIYIVXVTAE|YMGFTDKNIWPMGF|ZZUFNBURDFJFSK
6571ad5edca7a130aff8f6e1,riken,VTDZPALYKJNMNV|WVTKBKWTSCPRNU
657a28d22fac29ea05ff95d7,riken,GQRPJUIKGLHLLN|RKUNBYITZUJHSG
6584cf7f31f2c85bc43b4539,riken,IINUIABWYMTUJM|WKWFEHCINVBVSW
65877a2f9202129d0e3ef9dc,riken,GJFHZVPRFLHEBR|YVCVYCSAAZQOJI
65925a9c89f959d1aff97dd8,gnps,FYBFAXXUDIPASL|QWZRCLPZAIFNEP
65afa0a1d2a8ce22a8518b92,riken,GJOCOWQRASAGSS|GPARBZTZAHGRDH|IMVHYSWWBHTDEG|MLEBJDOVTWPMQD|WRTWKAQFZYXAEJ
65b2f8128be0b61f965871be,msdial+riken,NSEWTSAADLNHNH|XFZJEEAOWLFHDH|ZSAUXCVJDYCLRS
65ba7222b05a823de2d5c81e,riken,QORFVLSDZGITGP|XRARAKHBJHWUHW|XSSREOLCRTWEPI
65bbaa0f55e09e95dbc76050,riken,KTASKRCJBXZGMH|RJDSARTZFIBDAR
65bea05b9f114726bdc7c069,riken,QORFVLSDZGITGP|ZHOCWHLKCHVNGG
65ca392072b658a7bd7e58f3,riken,VSIAVKJNOAFUKA|WNAYNBDAJBVOPW
65cde742c7bff5e0ae0a53c5,riken,NRNOIJZZYJOCDE|SKHJNNFXCKTDBG
65d15dcc50ff5a2b67b6b3d6,pluskal_ms2,MPWDGKUNHRRBIV|QHYAHEARBBLIMY
65dc882691593e7dbcac343f,riken,FJISLLRXVSQIES|FPUXKXIZEIDQKW
65e77245e1be7b4ce3becce7,riken,CZSBHMFVVLYIQQ|QSTBHNPMHXYCII
65eddae695c56ebf87e8f8e3,riken,PHMHDRYYFAYWEG|UZIOUZHBUYLDHW
65fac187f791cc7b8a4c05ed,pluskal_ms2,IBSZGTKGJHXGQJ|YVWHTPKOIYVQNZ
66017ac5020ba78369f0a912,pluskal_ms2,KADNASLNEZLISD|ORSCGZFGPRIFNA
66046ec2790813f9d859d3f3,riken,GYLUFQJZYAJQDI|IKIIZLYTISPENI|KEMQGTRYUADPNZ|LXOPDILLGIDKLW|PVNIQBQSYATKKL|UWHUTZOCTZJUKC|WEHFIEZHFRETHH
660666f495364b7356b74324,msdial+riken,CQJVKYORMGSYFU|GTXJPUZLSHYCHH
6606cb76c8fdc6e36f263e74,riken,ATDBDSBKYKMRGZ|KMYWVDDIPVNLME
660a0a8d66b698d93c762b03,riken,DEYFVOXDNWADAV|LUPOASRLTFUNMI|LUXRPLCOGZWQEC|PQOCSSYRLUIAGG|QAMQEWPHZSRJTN|QOMBXPYXWGTFNR|QRYCLVPCVHKKTG|SIAOBOFCVOQCCL|UJZQPNXJSBWWNU|URKUMPTWTITVCL
661230dd230167ab86367c46,pluskal_ms2,NBEYHLRJNTUBRR|VLMKFWSYRUZNGC
661289e1b38da40a9b46aa44,riken,DRTQHJPVMGBUCF|YCFQXQCEEPCZMO|ZBHUUXLHDOUMKM
661379279a46c35b1548c33d,pluskal_ms2,BMCAADNYJSYKBY|FQECYODDXMQVMR
663eb9a39c7e8c371774d5c0,riken,IYXQRCXQQWUFQV|YDDUMTOHNYZQPO
6653b1bc12a4341a09419e12,msdial+riken,OIRDTQYFTABQOQ|OLXZPDWKRNYJJZ|QRXWMOHMRWLFEY|XGYIMTFOTBMPFP
665900b085cbfc1ff9ebf1fb,pluskal_ms2,NSIVWGHKPKEUEX|RFHODCBTTYAIES
665f4b117c58ba8f0a660585,riken,AWFZJSUJFSUBQU|RHODXLDODRZRRT
667cdb51d1be14e1cc2d7936,riken,NDEVARCRJOYXJL|SNZNSNULJBXKRP
66804696fdaf4eb0c1a81718,riken,IXODJGLAVBPVSW|JYEDISZKFNNREA|NNDOCYLWULORAM
6694df580fa38b566c39cda2,pluskal_ms2,CTBWHLHWNKKNPA|VJNVMUFDZHICMK
669d584bf47eb5cdd3f6e3ef,pluskal_ms2,YEVOZZZLKJKCCD|ZVMMVSSEAMUNGI
66a5c9dbfa746fecd07b2dbc,msdial+riken,KFLQGJQSLUYUBF|PSTABKZVTHLQRD
66b46242c6839ce43646e7f3,msdial+riken,FPUXKXIZEIDQKW|JYXSWDCPHRTYGU|TYALNCRUIKOKGP
66d141e4f786a2c4745a25dc,riken,SYEHHMRXODULBY|WMEBIWWUBWHAOJ
66d3eb884e4b66c6faceb5d4,massbank,PQSUYGKTWSAVDQ|UCHDWCPVSPXUMX|XIKIUQUXDNHBFR
66d65d6b52768880f5227d5f,riken,KHUVRRVIZOSFTI|MHGKDTTXFHUGAY
66dc4f472082a6d0c71480fb,pluskal_ms2,GZNVOMWIPLIKDM|IAGMYQWCKILWNO
66e0333c99eb3b5ac2ac23c8,riken,AYHCPTDPDUADTK|JPEPPDJNTDNMQL
66e7ba01e8e0ab8a7a67ea53,riken,JRHMMVBOTXEHGJ|KJHRDNNKNHKYDW
66ee2c3740b1956dbcc5748a,riken,FPVGOYVYIRGMQO|RRZXIRBKKLTSOM
66f4522dbe27635af0e6902e,pluskal_ms2,PHCVYXVSUKLYGH|RZNKYAXXVTULOJ
66f467388fd39face9dfa60f,riken,LWYAMIUSVGPFKS|YVCVYCSAAZQOJI
66f9ba6129dd9b10f53b60cb,riken,AEQDJSLRWYMAQI|AUCGRWHWAGXNQS|CKDKGHDDRAMHGK|DGDWCRWJRNMRKX|DRRWBCNQOKKKOL|GBXXXUUAOFPGRP|HEYZWPRKKUGDCR|HYHJBGSBEDXNHF|INIACRGCTLLWRM|IWUQDUXHOBXBCB|JNARJHDJLSPXGM|KWDWBAISZWOAHD|LZERJKGWTQYMBB|MBYNDKVOZOAOIS|NNDOCYLWULORAM|OBEHELRBTWMPHI|PHMHDRYYFAYWEG|SYDKOLLYPJCLPT|UKUDZBHSBMEUCJ|VEVZSMAEJFVWIL|WZUVPPKBWHMQCE|XFYYZBJXMSDKCV|XHALVRQBZGZHFE|XUWSHXDEJOOIND|YKGCBLWILMDSAV|YKWVIQPJNXTICW|YSIFYNVXJOGADM|ZJDFNIHQCHHZGU
6702e639549273f6a26c9c74,riken,CUKSFECWKQBVED|IOPDFSGGBHSXSV|JSLDLCGKZDUQSH|YNKJSQIXVXWFBK
670acff96729a169f925e648,riken,JXSVIVRDWWRQRT|RGZSQWQPBWRIAQ
6712d1ea390b4dcd182b22b8,msdial+riken,JOIDTHZGWZZGMU|YKRGDOXKVOZESV
6723058fafa865e508359e15,pluskal_ms2,AQDZYCQXYSAVHC|ZWUYKLCNJVTMLO
67288d650b7b1b99eb1db110,riken,GNMSLDIYJOSUSW|UVZUFUGNHDDLRQ
673917afa17e605814e04174,riken,APJYDQYYACXCRM|GBADBFAXAWZGHM|NTPLXRHDUXRPNE|SFVWPXMPRCIVOK|WSBDCEJEINRUML
673ea4871c5ebfdc20f6ecb1,riken,QLJNETOQFQXTLI|VLJIRKJQXBCCFT|ZCBNZTSUROPRKE
675f641a41914eee73268774,riken,CITHEXJVPOWHKC|KWVISVAMQJWJSZ|LBTVHXHERHESKG|PMVCHAWVCIWVLP|QVCMHGGNRFRMAD|SVHJCTSSYQPWEV
676dcd95a3cac491ffbeb9ac,riken,SDHTXBWLVGWJFT|XUARCIYIVXVTAE
6775e2caf337789a56e60e1b,pluskal_ms2,RADRBZBLNXVQEU|VGGGPCQERPFHOB
677dbaa23c84975952e29460,riken,OJISWUQNQQWEND|ZBHUUXLHDOUMKM
678860a7b7a87818b42cf151,riken,BWHZPGDZTFVUJN|HWKJSYYYURVNQU|KQKIBPHENIYGEF
67a55e570e2db60ba74465c1,pluskal_ms2,GXFIQOWIDSZYKM|VSTJLJLYMOOSPZ
67b592209b64ec4d5eee6618,riken,AGPKZVBTJJNPAG|NNJVILVZKWQKPM
67bae0aa5dafe18034740c04,pluskal_ms2,IRDOVJJZBJZACO|JIMIRZCIIUGDPI
67bb5d775ede536b6662227c,riken,CKDDRHZIAZRDBW|JMSVCTWVEWCHDZ
67bc95bf3383482eea7ab544,riken,IIWKLAHNKXXKAJ|SORUXVRKWOHYEO|VWDLOXMZIGUBKM|YQEMAEKYNNOCBY
67cbbb887f73f45df55ed2c1,pluskal_ms2,XGYGEAWFUZQYSS|YNARFWWBMMQRTJ
67d5b44c92368560c4a791e0,riken,ATWLFQWAUVXIEG|WKBWYWJYOAONEI|WQLVFSAGQJTQCK|WURLGASLEZVNHV
67dac1c99b623e6b24846191,pluskal_ms2,YEVOZZZLKJKCCD|ZVMMVSSEAMUNGI
67e72c4d3a1a32ecb38b9a2c,pluskal_ms2,DYUOZQXMTYUSED|KQSVEWNCWPLKQV
67e7bbc3dcd2145e0b3dbb73,riken,CRSFLLTWRCYNNX|HAVWRBANWNTOJX|OZBAVEKZGSOMOJ|QEVHRUUCFGRFIF|TUSDEZXZIZRFGC
67ebc1d89c0471172c2b9129,pluskal_ms2,FYAVKZAPDMHRQY|HDBDDEFTKCWERY
67edcb94479a6eeb8697fdac,riken,LCTOHXUIVJEHSV|YKNWIILGEFFOPE
67f10fe6e67c05946263589c,riken,IDQUPXZJURZAGF|LBJCQKYBKIAWHJ
6804d3c8fa468e6b8762e569,riken,BVMVRPVYRJQROP|GTZJXEKBDFHJCO|KFYOFJUUTSALEH|LMRLDJDATYPZAG|SLJTWDNVZKIDAU|WKBWYWJYOAONEI|YMCYJIJWKFYPMN|ZPVYCUMXKPNGPP
6804dbe05b2f0dceffa38e15,riken,AYHCPTDPDUADTK|GMTSSMHLANUOGS|QWWPCQGHWWNGET
6812d762433d444097c43cf8,riken,AGBCLJAHARWNLA|ALZAZMCIBRHMFF|GQRPJUIKGLHLLN|JLYBBRAAICDTIS|MQDZZCJYWRZONM|NJUXRKMKOFXMRX|XKHCEDYSKNATME|XRVOHZOREFBBDX
68147eff19541b00f131b508,pluskal_ms2,MVKYOLZBOLVKTI|YRTWPPFYURYSSC
6818e0e67e4f489bd9183a00,riken,IDQUPXZJURZAGF|SJDACOMXKWHBOW
682af2dbe3c492c60482a8a1,riken,LMBHKAWZFQGFAN|MIROITGPMGDCGI|NNRLQJLRICHBII
682e03e16199344949f8d967,pluskal_ms2,MPWDGKUNHRRBIV|QHYAHEARBBLIMY
682f0b349ec43cb39e6c62f4,riken,BHPGRVQWTLDDQX|FELCJAPFJOPHSD|FWVHWDSCPKXMDB|RDUAKQUSLVHHOC|VXMOIPRQSYFTHI
6846e196a608193792d260c6,riken,LSHVYAFMTMFKBA|QCQGNTXXPCJRFZ
684fb1b579d2643e69715375,riken,AMOGMTLMADGEOQ|JUZGXATTXYZBGK
685154c5f78a91f700a6ad2b,pluskal_ms2,HHWABXGAQNCVFW|OZVZMPDVUMTGKV
6856a72f7ae2ced1b82cb479,riken,IMQLKJBTEOYOSI|YURJSTAIMNSZAE
6860bd06a4f50e0f84e07872,riken,PHLXREOMFNVWOH|PYXFVCFISTUSOO|XWMMEBCFHUKHEX|YBCOIJNAMJAFSO
68660c74f44c9e7572e92b09,riken,BGTCFSJRFQXBHW|PXQNZQURQNZGKZ|SQKPHECGTGXVQW
68676c701dd8900b6458df51,riken,CXCKOTGRTPLISC|QLKSLGRVBGVPPG
686d82824791e7ec5bca4c9b,riken,LSHVYAFMTMFKBA|QCQGNTXXPCJRFZ
6872356cf67944ca5cdfff4a,riken,GSKWIWOAUZQVES|MXOKGWUJNGEKBH|VZKYMUDKBYLYJH|XCDQFROEGGNAER|XWMMEBCFHUKHEX|YMWRMAOPKNYHMZ
68745336bba885b0044bb7e9,riken,KGKGSIUWJCAFPX|KNAHARQHSZJURB|OFKAVNQBCRJBJE|ZEMGGZBWXRYJHK
687c9b4c3f5b215308c5a5fd,riken,LJWPEDHNPDOGIV|TYUAGPZTMCIDLX|UXVPWKDITRJELA
688f66918df06fa64384dc79,riken,BMCZTYDZHNTKPR|CVAVMIODJQHEEH|CWVRJTMFETXNAD|FPJQGFLUORYYPE|IQDIERHFZVCNRZ|LLEMSCWAKNQHHA|RDJAFOWISVMOJY|RGOVYLWUIBMPGK|VDGOFNMYZYBUDT|WYKQPGOKTKQHQG|YGVHOSGNOYKRIH
68a0dbdd5a4d99e89b381b73,pluskal_ms2,GNFHAPQGOWHXGO|UCMKQKNCNBSRHR
68a86ff3395f9ea8d5402310,pluskal_ms2,HLLHAJRFISSLTP|OTAXASXLOHHSEU
68ab58ce6cf0f8b72afe98b7,riken,BDYHXSNNBXKZDK|JZZOGGANLSAZTC
68ac11035835225bb35ba0e5,riken,AJJMKDCAQHLJQF|ASLHXRONSASUAK|ATBCIYUKWIAKPZ|BKGUPIVDQHHVMV|BOPIMTNSYWYZOC|BWHZPGDZTFVUJN|BXKNQKQIBKBMIZ|CDDYZYIBFIQEGM|DFUXHMHWOWANRY|DMAOFWOOOIHKPU|DTZKTJXOROSTPI|DZWQPAFWILBODA|FGJGLFPNIZXRLV|FMZPNXDUADVAFG|GHUUTEXYFBCKSM|GOOFZOQDLIMARN|HGJKGQUGPACAGO|HVYWMOMLDIMFJA|HWKJSYYYURVNQU|IIJUXCHFDCTCAH|INIACRGCTLLWRM|KIZBWUUJNJEYCM|KRYFHYSXWHRZKT|LHRODNGBSOEBAU|LOEYOYHSBVAUQU|NTNSKOKPJWYQGX|OGYXOOJUJQIDOX|OUQZQSNNIGHABI|QHLKSZBFIJJREC|RXPRRQLKFXBCSJ|SLJTWDNVZKIDAU|UIDGLYUNOUKLBM|ULRPKNXAJVTGHF|UNICOGXHLRZHRW|UVZUFUGNHDDLRQ|UXGMXDXDOQAYAD|VLUQROFRFLIWCU|VPRBWEMXTXPBEY|WGJRLHFGQWIIHP|WRJSPKBWGMBBSI|XJMPAUZQVRGFRE|XSMQPVSPOJTVQR|XVPVVWNZAJAPLF|ZPQSCMDVMOBZID|ZPVYCUMXKPNGPP
68adb94d37cdc52245a456d8,pluskal_ms2,IKSHXEFFYBSFGO|SQFVGVQJQQHFIE
68b604b8237970e636e55a9f,riken,FQPSZMQVMNFOIK|LIUCSAOGRXHLPO
68bb8bd3b99fb7d2019709de,pluskal_ms2,NSIVWGHKPKEUEX|RFHODCBTTYAIES
68c4d00beee755f09539c649,pluskal_ms2,FTXQMXYVEKCYAO|QHJHUTXUTFOAJX
68c4ea24acea4050a5129a6a,pluskal_ms2,LWZDCFBWESPALX|PGBRWDIOAWHWOX
68d610c8e5fb8fc00855bb04,riken,HSPBTZRUYDLHGR|MOIJAHWAZFJXSM|UUBMSUGALIVVPT|WENNXORDXYGDTP
68e81c2a0d5e4c826fcb721a,pluskal_ms2,QSTBODVXYSWBJW|QYMAKTWHALBAAG
68ebfc5f845e35bce0b58375,pluskal_ms2,HFRYZYZRMDGKCL|HZJZVVIPCWEXBW
68fa050266a110a8da590a46,riken,CUKSFECWKQBVED|NODILNFGTFIURN|QUQPHWDTPGMPEX
68fd9e2a374968249c60ac40,pluskal_ms2,GGEYBVAPNCCXKQ|OSFYWKJULMWTDG
68fe914893e8c610505191d5,riken,FHIJMQWMMZEFBL|GQRPJUIKGLHLLN
690407a041e57a001f1b0a32,riken,KBGJRGWLUHSDLW|NRPRPSMFVBRREK|WNAYNBDAJBVOPW|YJBXPWORXXQARM
691750ee5b043232aada946c,riken,BZKDCAIDWFPAGZ|DDDXYRAMQRKPDO|GXAHUZMCACKPFI|HDLNHPZHTNFCNP|JWINIHBXRZXFKL|LLXVPTXOKTYXHU|MYQKIWCVEPUPIL|QSTBHNPMHXYCII|RCTKRNCKOYYRIO|SNKFFCBZYFGCQN|VJEMOEYSQDKAQF
691a95c6065faab18f61b491,msdial+riken,KJGPBYUQZLUKLL|MORLNMAFXVHNAI
691b1a5819799bf39fdfb1e8,pluskal_ms2,CJQKZZRIKGCEPB|WSZAXICPAZNABD
69211ecbdddf6636d3649723,pluskal_ms2,BQSJTQLCZDPROO|DQDAYGNAKTZFIW
692ed74510ea96f135fa5ddb,riken,BMLZFLQMBMYVHG|LLPRITPJQPQXIR
692f2d57b8b21b12cd9bf571,pluskal_ms2,GXFIQOWIDSZYKM|VSTJLJLYMOOSPZ
6930576cba39c7e51a9749bf,pluskal_ms2,BXGXTXCNFOCKMX|LXFSCSJMDZZGDN
693069beb14a5735433b4057,gnps+msdial+riken,CWVRJTMFETXNAD|VFSPQLVRDTTYPO
69314c277516d582e2b34126,gnps,JTVBXQAYBIJXRP|ULDZFCNXQRYRSI
6952934cb94e6168b84935fe,riken,KFJNVVJUICKJEQ|SWIROVJVGRGSPO
69548789743c645369a17b48,riken,AKNHFZVXJDNNJF|VPRBWEMXTXPBEY
696b58c02f7bbc7829540aff,riken,IVAAIDDXJLCZQF|OTUCXMIQUNROBJ
6986b49c0f57831a94fe01ca,pluskal_ms2,KUYVQSWGWXSHIU|QUHGNKPCKWIPCD
6992326786ec9f070d35ba97,riken,KKJYIHSXTUGJLP|NPNNKDMSXVRADT|YLHOHANRUSKHKO
69ada7b2d148f4d611be83ef,massbank+riken,GNEAAXYJEIDVFX|PAFLSMZLRSPALU
69af780061cb21a57f202d71,pluskal_ms2,IRIYNWXFUVGMTN|YNVVVGLRZPUXCY
69b09cbb58cf103548096e95,riken,FEPAFOYQTIEEIS|UGQMRVRMYYASKQ
69bb14bd1fbbc29a0f0e78bf,riken,DFPMSGMNTNDNHN|WIDIORLKUZCAMX
69ddf31a228278e073cc83ab,gnps,HXHOXUIZVFYTTR|USROVYCBGYOSLB
69e0a832ae173d9f751a2e8c,riken,SKHJNNFXCKTDBG|UGRTULRMPFVUBH
69e7d353422fc8babcd166f3,riken,QRMZSPFSDQBLIX|SQKPHECGTGXVQW
69e9b2da4e7b57a5619cca9e,riken,JLYBBRAAICDTIS|PYXFVCFISTUSOO|WLNDANGOFVYODW|XCDQFROEGGNAER|YBCOIJNAMJAFSO
69ea0dc3e1beee1809228d4d,riken,GSSPKCPIRDPBQE|KXHCYYSIAXMSPA|MXXWOMGUGJBKIW|SLAWMGMTBGDBFT|SVHJCTSSYQPWEV|XVOHELPNOXGRBQ
69f49cc7acdde86cc86830bc,riken,ALAXFFCXAVBHBY|FSBUXLDOLNLABB|IMPWMPCRAJNBMS|PCIXSTFFMHVOMF|PWMWFOWSRFRPQK
6a0073e4f26f402d3cf1e2e9,riken,CYFXRGFESOFDNS|PFTAWBLQPZVEMU|SBHXYTNGIZCORC|VCCRNZQBSJXYJD|WCGUUGGRBIKTOS
6a14bfe047bc65c72d061975,riken,SVHJCTSSYQPWEV|WRXVPTMENPZUIZ
6a1fea68afa9633fe8001e84,pluskal_ms2,GUGOEESGYHJVJH|LJUFQFXDVDKVNZ
6a22083624483239e5fd0634,riken,AIFCFBUSLAEIBR|GYIKGLVKALOGDP
6a23e81117ca808a80133a1a,riken,HWKJSYYYURVNQU|PWAOOJDMFUQOKB
6a32f62fd03b6d0ac95952d0,riken,HDWHBDOGVXCYAX|PBSOJKPTQWWJJD
6a3d9fff368019d21ad6e385,riken,BOJKULTULYSRAS|NVSLBOBPSCMMSO|ZJRDCQWLAILQHR
6a4e5632a932db9f117c25e1,pluskal_ms2,OQRHZAAKVGLWAJ|WAMDKICNFZXPIA
6a5159a4e8fea5ccaa9a2d38,riken,MSKVJEAKVWAQTA|PQHNJDATPYXLIX|QEVHRUUCFGRFIF|SXILFEBNQCRWAL|XJOTXMLDNWCDRH|ZRBFCAALKKNCJG|ZTQSADJAYQOCDD
6a68f3f2cf838d4e7ae35cf1,pluskal_ms2,QYYJSDXZRBUBEA|XWTZGTOHLQUYIO
6a6f1421721020875f8b47c0,riken,DCYOADKBABEMIQ|FNZSVEHJZREFPF|PRAUVHZJPXOEIF
6a82186ecc661fea35d83f50,riken,AYWNHWGQTMCQIV|BJRNKVDFDLYUGJ|CZCIKBSVHDNIDH|DFBIRQPKNDILPW|FIHJKUPKCHIPAT|GPTFURBXHJWNHR|HUJXHFRXWWGYQH|JJURGRVZASRDDE|KVKRFLVYJLIZFD|NVVDQMVGALBDGE|OUHBKBTZUPLIIA|PCWTUTJLXXOQPR|PTDAHAWQAGSZDD|QMGGMESMCJCABO|QMNWISYXSJWHRY|RBBVPNQTBKHOEQ|ROLIIKCIEQNTMT|VSJKWCGYPAHWDS|WRYJYFCCMSVEPQ|XOXYHGOIRWABTC|YAPQBXQYLJRXSA
6a91f0f54dc6a8757959834e,riken,DXBHBZVCASKNBY|ZGRZULFRVWCUPF
6a99a20e1c0d7a12e44bbf12,riken,DKKJNZYHGRUXBS|GHKISGDRQRSCII|GSKWIWOAUZQVES|QJKMIJNRNRLQSS
6a9ab09d7d850eedb69b2010,riken,FQEQMASDZFXSJI|OJXQLGQIDIPMTE|QJKMIJNRNRLQSS
6a9ade642548c0d34ab05031,riken,OUTJRQWSVYAHKN|SLJWCCMDGTZEGQ
6a9bbecc41247fe9e75b7054,riken,BRMWTNUJHUMWMS|JDHILDINMRGULE
6aa2fbd3a7f9df80e93da0c8,pluskal_ms2,IUXQCJHIMUEULB|ONDKXBSPNWEMOX
6aa6147f58465faf7e0a6e39,pluskal_ms2,SIVKHOSFHOJITQ|YFISZQQDGWSXEE
6aae4c236862564dc4cfd285,pluskal_ms2,WBFRBUMHFYLOMI|WCNWTHCLAWYGIA
6ab16612676d54d481217192,massbank+riken,AYWNHWGQTMCQIV|BJRNKVDFDLYUGJ|CYBWUNOAQPMRBA|KVKRFLVYJLIZFD|PGLIMMMHQDNVRS|PTDAHAWQAGSZDD|ROLIIKCIEQNTMT|XOXYHGOIRWABTC
6abae9e19d1a0b3f1ba637a8,riken,DHJXZSFKLJCHLH|VNVIRJDHGPNWHS
6acbb5e9f9270484fd47a6d1,riken,GFMYIOGFYYHKLA|IAOZJIPTCAWIRG
6adb0f9f6745acdc165ec3f2,riken,ALUBZGFIRHMLEY|WRVNQOQBAGEAIM
6adee602be819d36b800b71a,riken,JLJAVUZBHSLLJL|XFFOMNJIDRDDLQ
6ae2f2fdd4849fb815716f9e,spectraverse,LKVMYCPJVDSBNC|VTOGQSDTZGEJEU
6aec486079f7a58ef37eb1cb,pluskal_ms2,MEDLHXNJCIBFNL|SSEXMUKRNXSQFH
6aef280c710d55062e701545,pluskal_ms2,VHNBSWKVDGABEV|ZUXLIBRTWRBKLQ
6af7d44e0a464fde0e85bb2a,riken,AOWRAYJMTOYETH|FHKHGNFKBPFJCB|GZSOSUNBTXMUFQ|HULPONUAINYLQQ|HVPKALQHGQMJER|IDZZECHGWAZTIB|KFJNVVJUICKJEQ|POMAQDQEVHXLGT|QCTMYNGDIBTNSK|QHLKSZBFIJJREC|RHJULGLSOARXMO|SKHJNNFXCKTDBG|WRXVPTMENPZUIZ
6afa0005d7ff832dd5cc6af1,riken,BCIWKKMTBRYQJU|GPTFURBXHJWNHR|KUNIPLHOIJFHHR|KYWSCMDFVARMPN|LIHLSLRANKCHLV|LTMHDMANZUZIPE|MCPFEAJYKIXPQF|NVSLBOBPSCMMSO|OGWKCGZFUXNPDA|OHJWWOZXCKEOGK|QUCQEUCGKKTEBI|ROQZUJKOMJECOM|SSZZFAJCDFWCJW|VTDZPALYKJNMNV|WNGSUWLDMZFYNZ|XUHLIQGRKRUKPH|XWOLWJSHOPYCNG|ZJRDCQWLAILQHR
6b0a11ebbd71ca8c4989a6d0,pluskal_ms2,WRLZUQKRFZQYDV|YLMGWNNPZYWBMT
6b10f564c57bdf37b71609bc,riken,BPKLDKRUGJQLGK|IWUQDUXHOBXBCB|MONAOJUXJOXWQB|NGROIZSHBGXMTB|RTNFBJXLYMERBB|VTWDKFNVVLAELH|XWVDGILSBKLKQW|ZPBMSWIWMJNVEH
6b15d256a1d9032052f949d5,pluskal_ms2,GRFDMYHZHROYFM|TVMDHLGHUIGCEL
6b1f38bee63c94e41ea02865,riken,AGBCLJAHARWNLA|DBJLNNAUDGIUAE|JLYBBRAAICDTIS|MXOKGWUJNGEKBH|QWQSMEDUZQDVLA
6b27d9d1f5425515e82c5ba7,pluskal_ms2,DAAGOCSHXCDWDY|OQALFHMKVSJFRR
6b29740e521e5cb0a5815a0e,riken,CQLRUIIRRZYHHS|WRYJRJIDYVFXLV
6b29ff151b9cad0683684467,riken,HWYCRLFVQVFKPD|IYPYOSNUSXBFTR|QTEXZXUEISELDK|UGHBHGHMKLPTQY|UVLDARVNLRWGBB
6b2fea9f9c5ab6e221e6641d,pluskal_ms2,IDDMDWMPBMJQJD|YISGEWIPSYUCLX
6b5a711127f9e56ecd4036e1,pluskal_ms2,CYWOBNOOZHGRNB|YSXVPHOARQUKAR
6b5ef837c4487b634382072b,gnps,BHYOQNUELFTYRT|ULSIYEODSMZIPX
6b61efedfa9d302c3e4ce6ff,pluskal_ms2,QXDIEFSQNFLMCU|UVAZHPYHBONVJQ
6b67f3f5ab602ba35df8e282,msdial+riken,NWBJYWHLCVSVIJ|WLJVXDMOQOGPHL
6b698c62968d9e8602cc287b,pluskal_ms2,GUGOEESGYHJVJH|LJUFQFXDVDKVNZ
6b6b58acf99d791d47fd5537,pluskal_ms2,MEDLHXNJCIBFNL|SSEXMUKRNXSQFH
6b7638ec743e5f121b851029,riken,DAXSYTVXDSOSIE|FIAOWYBSINDVNF|FKZIOZXPUMMRDQ|GKAJCVFOJGXVIA|HXPXUNQUXCHJLL|YIIRVUDGRKEWBV
6b77a6d13e9875533d3cf91a,pluskal_ms2,MOHGSMMTQPPBRA|UAQPQLSIUBYIKF
6b81a06188c332b145b53cc7,pluskal_ms2,TXXYLOMHCHZXPU|UVLDZZAYYQKDSL
6b9358300dc8c354c8ddef82,pluskal_ms2,DEDXOELQYHNPFM|LVKRLQCGHRMNRC
6b9855d574e4366d6bf76acc,pluskal_ms2,BNWOSCGZGKVWJU|QGDQWSUJMRTUGB
6ba625ccf154c711f1286934,riken,ABEPLDYBWOKMCT|HJJPJSXJAXAIPN
6bad070ad864eee34d09eb9e,riken,JAYAGJDXJIDEKI|RPYHJEFMMXMMHG
6bb3839ed89c3e6c974fc5fc,riken,JLYBBRAAICDTIS|RHNFCIPJKSUUES|XTSVKUJYTUPYRJ|XWMMEBCFHUKHEX|YBCOIJNAMJAFSO
6bc2eee795275649dd8f1596,msdial+riken,BSOMSDFTZKNUHY|ZBXWGKPUSLRPHX
6bcfa468ff3ba0c67a9da433,riken,AMOGMTLMADGEOQ|PLQMEXSCSAIXGB|YQHMWTPYORBCMF|ZYEMGPIYFIJGTP
6be48b7c1c511aebd10ec088,gnps,PKXWXXPNHIWQHW|VMAVCCUQTALHOB
6be5a9463342968a9bcb681e,massbank,LLWADFLAOKUBDR|RHPUJHQBPORFGV|WNTGYJSOUMFZEP
6bf03bc95ee9b2570835a3d1,pluskal_ms2,IGDXOSAWLJFKMB|QXYOEWHYIMGVRY
6bf5d97b2356eb22d164658c,riken,CTWQJCNXXJIJAY|FYHRJWMENCALJY|NGMYNFJANBHLKA|SORUXVRKWOHYEO|UFUVJROSOIXJGR
6c256f5d5d4e4c6f87dd9f69,pluskal_ms2,SBJODUOFAKPRET|TUNWQQMZTNPKRM
6c36d686052d1efa9af65d01,riken,JYRLHZSQUXTFGH|QAMQEWPHZSRJTN
6c4aa1c0d8aaa1aae827f2a7,riken,KEEWIHDTSNESJZ|XUSTZFGBQSSEAX
6c52d2d7eaa665c45ada62f0,pluskal_ms2,JFYYCQXZVIOBKU|LAXGVLPLAROBNQ
6c7d76c2ef8baded7d4e9f57,riken,AJSPSRWWZBBIOR|HJBUYKZTEBZNSH
6c88c4ca06bda173d8cef0dd,riken,BWCNWXLKMWWVBT|PANKHBYNKQNAHN|RKFAZBXYICVSKP
6c93a86eaff2d2f0ad6bbe1e,pluskal_ms2,MOHGSMMTQPPBRA|UAQPQLSIUBYIKF
6c9c79cd785ca413cdab5d66,riken,OGYXOOJUJQIDOX|XRVOHZOREFBBDX
6cc0c07731fd6101ca47fd01,riken,DKYDTFCHFHKRQH|IYPYOSNUSXBFTR|JXCDWBSOTYSNDX
6cc3ecf5890ba9edce7f34ab,riken,GSSPKCPIRDPBQE|GWHCXVQVJPWHRF|KMCZIPGKKBSLEX|SLAWMGMTBGDBFT
6cc5c679b388a79e9a7b72d0,riken,OVSQVDMCBVZWGM|VFLDPWHFBUODDF
6cfe0b18a7c2b3a12773c005,pluskal_ms2,AVKUERGKIZMTKX|OFBIFZUFASYYRE
6d08f241eb034250ab138dac,pluskal_ms2,ADRVHQUIMACBAD|ZTAWAXPOIPKSNV
6d0c7a2b044a9172ae733da2,msdial+riken,FBMQNRKSAWNXBT|OSELKOCHBMDKEJ
6d2d26126e40f8050619f04b,riken,HTYKHVALTAIEOS|JKCJSQKIASUTKA|RSAIVLRELNGZEY|UFUVJROSOIXJGR
6d2de8b03ff628e2189b3bee,pluskal_ms2,MOBHZGQOOXHJFE|RZWORNXENDEBFF
6d3075fe4c5e89caffbdfc49,pluskal_ms2,BXGXTXCNFOCKMX|LXFSCSJMDZZGDN
6d307e99e17333cedb1f0764,massbank+riken,GBADBFAXAWZGHM|NQXYVTIQDNOHFM|QPSVFNQMURAADJ|ZUHZGEOKBKGPSW
6d30bafce14a68fa52e8cc8c,mona,OXBVVUPTVONEJO|QYEWAEAWMXRMHB
6d3db233a5d772099e8db0f2,riken,FEIHRQSTXZRGQD|OKGRRPCHOJYNKX
6d3e73c20e05c83ba7e19bba,pluskal_ms2,MOBHZGQOOXHJFE|RZWORNXENDEBFF
6d53d82e0b53fd01d18de378,msdial+riken,ACXLVKYMISNUFD|QFPLAAZRZNKRRY
6d57c12fd428c3773d1a7f3a,gnps+massbank,JIGDOBKZMULDHS|ZGEOOSMVJUZSMY
6d5b35764caf5973c7c104d0,msdial+riken,RKUNBYITZUJHSG|WZUVPPKBWHMQCE
6d625f8115836bb97f34b6be,riken,OUGNWRCWQLUXHX|XLTFNNCXVBYBSX
6d690b1d8a7eddb94727a6a7,pluskal_ms2,IUXMTYJKGIMPHV|MHYUNYWLDKJMRL
6d7225d7cef5fefcb372006a,riken,JPJDIOVDAAVUNF|OVFPMQHQVREOIF|RGNXWPVNPFAADO
6d7634b937442dc658acb463,massbank,AUYYCJSJGJYCDS|NTHXOOBQLCIOLC|VAPDZNUFNKUROY
6d7791c786e632376f4e71c4,riken,DZWQPAFWILBODA|PIYIRGGWVHVHDV
6d7e372efa296ae795fcddc6,pluskal_ms2,JKVBOQZNPRNINF|OVFDQURMTNAKDH
6d8b11f5a9473adb666d4a39,riken,MLVVTNIFHMERMU|QAIPRVGONGVQAS
6d90cd61de650fdb3564ee39,riken,MRIAQLRQZPPODS|NODILNFGTFIURN|RJWJHRPNHPHBRN
6d9746ca2c1e86cdc9a42334,pluskal_ms2,QGHIAPFKUZTJRX|WGOKQVBJUZMKAQ
6d9fc95926801517d7f1b4e5,pluskal_ms2,VWUJQDWWRNTUKR|ZRLFBILQZFATFI
6dab9583241f85f6e5fae9c7,pluskal_ms2,KFAGUWAWGZOSNX|MARFXICSYVXYRU
6dad22c0a5187986b0c9d6cf,massbank,LCSDQFNUYFTXMT|NTDLXWMIWOECHG
6db216fdd3dcc9b805c45bae,gnps,UXVNNVWPICKMTE|VUMZOPMHFVDIMF
6dc15940f5af922ad8174c14,pluskal_ms2,FTXQMXYVEKCYAO|QHJHUTXUTFOAJX
6dc8cc8f4d99ae4d7ce96651,pluskal_ms2,LBKRFFPVBWDSHN|WYNUVWKXIBKXMI
6dcb56b0b83225bb83d3fe0a,pluskal_ms2,OOODLVHUPIMLDF|RLYRFMQTCQDVAL
6dd39bd605b488984d9066cf,riken,BLZGPHNVMRXDCB|FPIVCKLVSVCJHW
6df13e52fb1c4e2a4830c617,riken,LBTVHXHERHESKG|XVOHELPNOXGRBQ
6dfccf4b09b76d76e5630f16,riken,ALUBZGFIRHMLEY|SYDKOLLYPJCLPT
6e04bb79cb5b0f90f034f4e4,pluskal_ms2,IRDOVJJZBJZACO|JIMIRZCIIUGDPI
6e0a0f0cbfae54d5958dd3a9,riken,HRSFCYYMBMDMOU|MBNGWHIJMBWFHU
6e1f91d7ba6b012826b1f837,riken,APPXYONGBIXGRO|RIXNFYQZWDGQAE
6e24118afaba14b3c56f6dcd,riken,RXAXTTGJEMODPY|XFZJEEAOWLFHDH
6e2859b38b5d1397e44f25f3,riken,FTVWIRXFELQLPI|JYRLHZSQUXTFGH|KBTWMQRNUHIETA
6e3a565c6c8d244c63586704,riken,UWKQSNNFCGGAFS|ZEASWHWETFMWCV
6e4162d7a3332b52889218e3,pluskal_ms2,OQRHZAAKVGLWAJ|WAMDKICNFZXPIA
6e4c0a644c35834b326a3c17,riken,BXTNNJIQILYHJB|YSOBQIMODQOGKQ
6e68e64a383e0a49b7ebb8fd,pluskal_ms2,QYENEJZFFZRKRV|XMZWMRWRPXRDHL
6e6d533d15dcd5da093fda92,riken,DTGZHCFJNDAHEN|PMVCHAWVCIWVLP
6e75c8a96f3e058caa6a7a3c,pluskal_ms2,ALUQXSJARGBEOQ|JNZDOQZSXDGGCY
6e7d8889101cc45d95e42cd2,riken,DYYIUCVAQGRACE|KBMOUMVVDXEABW|QQANTDQGINANND|SKXWDGDNWBYACJ
6e8bf89b9a3e0de0678bc4a1,riken,HPWWQPXTUDMRBI|WMBWREPUVVBILR
6e9726233b2c994975126498,gnps+spectraverse,CMVGCHSJDXKPBB|HPQYHPXAWCGFCS|ZWELIJXAKMASLK
6e9b9fca57c8fe019101ae14,riken,JPUKWEQWGBDDQB|JXSVIVRDWWRQRT
6ea4d0fb59118865f3814c00,riken,BJRNKVDFDLYUGJ|CYBWUNOAQPMRBA|CZCIKBSVHDNIDH|JJURGRVZASRDDE|KVKRFLVYJLIZFD|NVVDQMVGALBDGE|PCWTUTJLXXOQPR|PTDAHAWQAGSZDD|PXOYOCNNSUAQNS|QMGGMESMCJCABO|QMNWISYXSJWHRY|RBBVPNQTBKHOEQ|RFKQJTRWODZPHF|ROLIIKCIEQNTMT|UVJYAKBJSGRTHA|WIONIXOBNMDJFJ|XOXYHGOIRWABTC|YAPQBXQYLJRXSA
6eaa29348f9434e02b4ce6fd,massbank,FUOOLUPWFVMBKG|JJWCTKUQWXYIIU
6eb098c074cfd78b0395f5e7,gnps,SHGAZHPCJJPHSC|VZCCETWTMQHEPK
6ec3ade1b113183faf6b2c01,riken,CKEXCBVNKRHAMX|VXMOIPRQSYFTHI
6ec58c2729a06653946e6740,riken,GLYSZGOHXHBWEX|JTUCCIJVUMWRPQ
6edb5350fd07f44bf4cd926c,pluskal_ms2,CNXFTPKHMABMBC|GXFWCFLWFXJYCX
6ee2676f7effdd4735ea3164,riken,FPECZWKKKKZPPP|QDQJWSSPAMZRIA
6ef5c259a999c26992956020,riken,GLQYFMRUYWFXGT|IOLDDENZPBFBHV|KMCZIPGKKBSLEX
6f0beb6c423ea04d30d5ecbd,mona,BOKVLBSSPUTWLV|LVVKXRQZSRUVPY
6f124ecf0e47d4727924a3f8,riken,PHFUCJXOLZAQNH|PULWRMOKQNWQBD
6f239149d77d120123f5255d,pluskal_ms2,VPPIIDNRSOUYGK|WJZLFPKLYHSDCA
6f2e137eec6163c92378fbe2,riken,OXBVVUPTVONEJO|QYEWAEAWMXRMHB
6f2f8b002f9c3f0c21bb9da0,massbank,BATCUENAARTUKW|NXTDJHZGHOFSQG
6f33861e823eefe4d3ade06d,riken,ABDZGGVFJYHTBS|QVGFPTYGKPLXPK|YOQAQNKGFOLRGT|ZPFRAPVRYLGYEC
6f38ca265cddfa29bc2cabe0,riken,HAYLVXFWJCKKDW|LQGUBLBATBMXHT|UWHUTZOCTZJUKC
6f3c40084177b46fd3a18035,riken,AVXFIVJSCUOFNT|HUSISCNTLUEZCN|LZERJKGWTQYMBB|QIEOAEKNEKYVTH|VGJOYFZLAIERID|XMJAJFVLHDIEHF
6f3d324fadfe42de16a24a77,riken,CMUNUTVVOOHQPW|GGHMUJBZYLPWFD|QAIPRVGONGVQAS|ZQPPMHVWECSIRJ
6f4315e0939c7e1f6a431a63,riken,AOHCBEAZXHZMOR|AYMYWHCQALZEGT|BCIWKKMTBRYQJU|BDXYPHKGNUGUFG|JSIGICUAXLIURX|KZMACGJDUUWFCH|LIHLSLRANKCHLV|MCPFEAJYKIXPQF|NOWZBRLFRHWZOY|OGWKCGZFUXNPDA|OHJWWOZXCKEOGK|QELDJEKNFOQJOY|QHBZHVUGQROELI|QUCQEUCGKKTEBI|ROQZUJKOMJECOM|SSZZFAJCDFWCJW|UVZUFUGNHDDLRQ|VTDZPALYKJNMNV|VYIKEBWUZLHWQK|WNGSUWLDMZFYNZ|WYDPEADEZMZKNM|XUHLIQGRKRUKPH|YTRAYUIKLRABOQ|ZJRDCQWLAILQHR
6f530744e9fe301efd9e480e,riken,IPQKDIRUZHOIOM|WHWWQGPCTUQCMN
6f5cf4312558b39f8776e237,riken,KBMSVODXFLAQNJ|KEOITPILCOILGM
6f665184e1b8172f6cf7de8f,riken,PRAUVHZJPXOEIF|YNKJSQIXVXWFBK
6f67e4411a57df01999e0063,riken,IRZVHDLBAYNPCT|QWQGMMRHTWIOGH
6f7129111245294f4bfc9938,riken,MMWLOXUUJZCARK|UUBMSUGALIVVPT
6f8e1413139de47d796a9622,riken,CMKFQVZJOWHHDV|YIIRVUDGRKEWBV
6f933dd491a2dac25953650a,riken,PEUUVVGQIVMSAW|QDDILOVMGWUNGD|QTVAYNGFFDZGDR|XFSBVAOIAHNAPC
6f97d1696f56dc37fc5931a7,riken,BKIACVAZUKISOR|PMBOOVZSTMWOFS
6f9ba9c824878af2c7feba38,riken,AYHCPTDPDUADTK|GMTSSMHLANUOGS|HHQJBWYXBWOFJY|KTZNZCYTXQYEHT|NGFMICBWJRZIBI|RFKQJTRWODZPHF|RLDVZILFNVRJTL
6fa45277328866c2c8a2203a,riken,KQNPFQTWMSNSAP|LCTONWCANYUPML|SYDKOLLYPJCLPT|XRLGHWYZNGYZOW
6fcc0da53abdd5a4511a1264,riken,IMKJGXCIJJXALX|KBTWMQRNUHIETA|YSXNEFJASLJGTK
6fe01c7a16ab4679987e2a2b,riken,ALTRINCJVPIQNK|BKIACVAZUKISOR|BYEKJUATVGKCCZ|CXCKOTGRTPLISC|DAXMBTMYJCYTRG|DBUNRZUFILGKHP|DGFVATVOFRGGFO|DQFZFJHZGAOITN|FHHSEFRSDKWJKJ|FIAAVMJLAGNUKW|FYHRJWMENCALJY|HLKOGABKYAJUAW|HMKTWGVEVBAHME|HRSFCYYMBMDMOU|IIWUQMDYQWUJCW|IMRGSWAJVVVYOW|JQEFRKPLHFKTFL|JRIBPWOXWIRQOQ|KSIVGTKSVYIZEB|KWBPKUMWVXUSCA|KXVRUTRUTLGTEP|KYPPZUHEYJBGDV|LNIVUWPCHRNJLG|LPVOPZMNIAIRJY|MJBPUQUGJNAPAZ|NULBHTHMVOCGOE|NYRXUBDGDSRBGB|OCZZCFAOOWZSRX|OLAMGHNQGZIWHZ|PMBOOVZSTMWOFS|QOLRLLFJMZLYQJ|QOMMOFWDRUREMP|RBXJTMLAGALNAC|RIGYMJVFEJNCKD|SGTCGCCQZOUMJJ|SJBUJXPYPGGORF|VEVZSMAEJFVWIL|VOZHMAYHYHEWBW|WSGPLSDARZNMCW|WZUVPPKBWHMQCE|XRWQBDJPMXRDOQ|YMCYJIJWKFYPMN|YTZSBJLNMIQROD|ZOHJKBZGFBXFIK
6fe17792d5e53ca0ca141c97,riken,BPKLDKRUGJQLGK|CKTYBTRYMOEPOK|FCVHQMAHORAAKT|LIUCSAOGRXHLPO|OBATZBGFDSVCJD|QKUFYFUSJMGILO|XEIZHEWIGQGAKL
70059eace80a27a05f852b84,riken,AEQDJSLRWYMAQI|HYXITZLLTYIPOF
7006314741617ad8ba61ceb0,riken,CHMTTZIWXMOGME|HPSWAEGGWLOOKT
701ff24e3d0b0b103c9d496b,riken,ANPXUTLKCKWLGY|QCQGNTXXPCJRFZ|TUSDEZXZIZRFGC
7026523fe47bb99644fd35df,riken,HCXVJBMSMIARIN|ZZFSKJIAKIBPSR
702bca3573829a3c853a4cdd,riken,IVAAIDDXJLCZQF|RVLHHZKCFQNHII
702ce6dfffa9b30cfcbc6c25,msdial+riken,BQPRWZCEKZLBHL|QOTBQNVNUBKJMS
7032e60829f73433f4957427,pluskal_ms2,GDVMMPACXKUSLT|NKJUHJLRKSNMAM
7034f9204f63c8d227359033,riken,FCVHQMAHORAAKT|RDUAJIJVNHKTQC
703dff5b8a9066a5c458d5be,riken,GOQYKNQRPGWPLP|QQHJDPROMQRDLA
703f63eaf67b211ed8528e62,riken,CQGUDVRRZKLXFR|KJNAEXDMQJHQJL|NRNOIJZZYJOCDE
7045d81557a3a4cf15f32076,pluskal_ms2,YEVOZZZLKJKCCD|ZVMMVSSEAMUNGI
7049eab87f41747f961d8c39,gnps+massbank,BPLBGHOLXOTWMN|XASIMHXSUQUHLV|YDPROYMEVUKYHA|YSIHYROEMJSOAS
7051efd42af0e72b2002825f,riken,LLPWNQMSUYAGQI|MPXAWSABMVLIBU
705adf2956608cc33bd19211,pluskal_ms2,BFYFOWQTYQCJAF|KBDPQBSWAKMASY
705d0366ab2b14a6785fdf10,riken,KHYZTWQWOWXPRD|RZVHIXYEVGDQDX
707ca09c2814dd970209108d,riken,GJHXLOJRUGWNKP|REZRQXGLFNRJRN|RJZFGBNKPOVCHQ
7091e754a7d094e56bf50cea,pluskal_ms2,DQXDPHKOEHMQIV|LBKDYFOSBMAOCG
70afc8330a0ac2311cf28bcb,massbank+msdial+riken,KEQUNHIAUQQPAC|KVBGNKVVUDLETI|XSSDYIMYZONMBL|XWFQRXGYJJOFCO
70b797b219b9fe296f2b4dca,pluskal_ms2,NWTSTPZQKALREV|PIEMUUAGYIKIIL
70bc28984a8682c3b7f2676d,pluskal_ms2,CEIYBVJDLDUALL|ONBUDYDHHLFSPZ
70bc5a46856a31008b0a6775,riken,JZRWCGZRTZMZEH|WGZOFZHJJGGXQB
70c64aac5c0ad64ce3bfd379,riken,PANKHBYNKQNAHN|XYYAFLHHHZVPRN
70d641cf2daa83dfc138ed91,riken,IMQLKJBTEOYOSI|YURJSTAIMNSZAE
70e96f51ecf9e173703ec4e4,riken,RHJULGLSOARXMO|ZTHLHHDJRXJGRX
70ea6f4db3d565e16d43a095,msdial+riken,ARPGURKWJGBPTN|MJPYNCPSXRTGEE|UNLDMOJTKKEMOG|XYHOBCMEDLZUMP
711427a8dc8007d543063bef,riken,HFFSTHNVLCSKNL|KMPDNLYICWJCPY
7117debf1f422a07575dcb88,pluskal_ms2,GGONTXVZIMNXPZ|ZPQKVXNDMXBSEP
712f855945d4c6cef2179dc4,riken,BSWWXRFVMJHFBN|VEORPZCZECFIRK
713057d9056a31ac8839e695,msdial+riken,LDHMAVIPBRSVRG|QUCZMUVAQHIOID|TYMLOMAKGOJONV
714959c35ca8a735a6343dc4,riken,OHDPFRGZBUACTR|WLWZPNRZKPGLTL
7156396b0a3044512bfc40e1,riken,FQPSZMQVMNFOIK|HOHZJKQBJXVZSS
715a885777ecc3408a962982,riken,KRKNYBCHXYNGOX|PWAOOJDMFUQOKB|RWXIFXNRCLMQCD
716a2f4129035da20f4322fa,riken,WTDRDQBEARUVNC|YDQJABBOEPTJBN|YJBVHJIKNLBFDX
71728949d26afb21b63ca0ab,riken,KFVUFODCZDRVSS|WNAYNBDAJBVOPW
71778eb3ec8718333f825567,msdial+riken,RPJDAOAJFXPEJG|WOXKDUGGOYFFRN
717ef4baa0a20aff0cb2d0d4,riken,DBOVHQOUSDWAPQ|GYIKGLVKALOGDP|NSEWTSAADLNHNH|RHJULGLSOARXMO|VGSYCWGXBYZLLE
718e4b087826c9761f722271,pluskal_ms2,COZUWGMIBZZPRW|SSLKTQQOQJLHRE
7191f2705623c5264a585501,riken,BQPRWZCEKZLBHL|KTAQQSUPNZAWEY
719a71c25f3c2caed1ad4fe2,riken,SGQLWFYYEYBZNX|YKNWIILGEFFOPE
71a2fce3de8c8deb018d6803,riken,AONBXCCYURJCAY|BKIACVAZUKISOR|FFGGWIVHOGEVSP|FYZYXYLPBWLLGI|GMCGZPQYTRHQRU|HXIHLBDNTFYMIC|PNTWXEIQXBRCPS|UZIOUZHBUYLDHW|YQEMAEKYNNOCBY
71ab5618ac8b0982bebe874c,riken,ATJVZXXHKSYELS|BLUAFEHZUWYNDE|CITHEXJVPOWHKC|GLQYFMRUYWFXGT|IHEJMZHKJYHVFF|MXXWOMGUGJBKIW|OHDPFRGZBUACTR|PMVCHAWVCIWVLP|SLAWMGMTBGDBFT
71af31e9ae76bb3b31b9b8db,riken,ITVGXXMINPYUHD|UMTVUIVCCWBBHM
71b5cff45f91fa3b73791f9e,riken,DDDXYRAMQRKPDO|HDLNHPZHTNFCNP|JWINIHBXRZXFKL|LLXVPTXOKTYXHU|OXLDBLCHXXJJPD|VJEMOEYSQDKAQF|XGVBNFXVLFKPCO
71bd0751a0b5287d602c3d1b,gnps,IACOAKYXFIWAQN|MIMULQQHBAZGER
71bff7e4ef7d014c6cf278f2,riken,BTPYUWOBZFGKAI|HDLNHPZHTNFCNP
71bfff5fd9c4ef819970b89b,pluskal_ms2,ISIBDMAKFALNIA|XZDXDZZLTQXFNU
71c2c43b745f4f3ce5bdbc77,riken,QDQJWSSPAMZRIA|QUCQEUCGKKTEBI
71dc139315e5f2938f8b5f71,pluskal_ms2,NNWHUJCUHAELCL|UQVKZNNCIHJZLS
71e77ff7f2c6013b5a93312c,riken,CZCIKBSVHDNIDH|PCWTUTJLXXOQPR|UVJYAKBJSGRTHA
71fbfffcfcd55413f14b2aed,msdial+riken,AQYCMVICBNBXNA|IBMRTYCHDPMBFN
7217c7a4bfe58b4d1cd61530,pluskal_ms2,DLMICSWBTHJZTQ|QQCFKULMRLDOEG
72189130c65215fecb39ed00,riken,ARPGURKWJGBPTN|UNLDMOJTKKEMOG
7220363d6d4619081d2917ea,pluskal_ms2,CXDFOJFHXOHFPC|FNFVFFALESRXAL
723e95a76e0b676512785ea7,riken,CIYJVFJBFXRWJD|CKDDRHZIAZRDBW
7250fbb593752246c5040350,pluskal_ms2,FJABZNARGCQYHI|IBHPQPWGCJIELA
726fe760c25eae840a31c768,pluskal_ms2,LWZDCFBWESPALX|PGBRWDIOAWHWOX
72815e647de765b5934d3aa3,riken,BDXYPHKGNUGUFG|CGIBCVBDFUTMPT|GVEICTMRUVWSCF|IAEZLXLDZBZQPU|JSIGICUAXLIURX|LIHLSLRANKCHLV|MCPFEAJYKIXPQF|NOWZBRLFRHWZOY|NVSLBOBPSCMMSO|OGWKCGZFUXNPDA|QWCNQXNAFCBLLV|ROQZUJKOMJECOM|SSZZFAJCDFWCJW|VTDZPALYKJNMNV|VYIKEBWUZLHWQK|XUHLIQGRKRUKPH|ZJRDCQWLAILQHR
72afea5ddc62452bcdf4d8f2,riken,BDCDNTVZSILEOY|CTWQJCNXXJIJAY|HLXRWTJXGMHOFN|IBFYXTRXDNAPMM|XGPBRZDOJDLKOT|ZCEMXUNJITYHIZ
72b4b35f0be714ee88c68148,riken,AEQDJSLRWYMAQI|AVXFIVJSCUOFNT|DAXYUDFNWXHGBE
72b6b95f1e705770549d0823,msdial+riken,FHHSEFRSDKWJKJ|KEJFADGISRFLFO
72c6fff04b79471bb4887dec,pluskal_ms2,AWCDYQKWSBGEIU|FVEPDFGUWHLKEB
72d10c2a9eceeadbc91c4d57,riken,HQQUZVFMUSCUJS|KWBPKUMWVXUSCA|OHDJGUWKOIBIKY|PCIXSTFFMHVOMF
72d6e2f64a1f0f25e02b5129,riken,ALYNCZNDIQEVRV|FSTKYJOKUUVVMY|HRIXOCFMOJEHEU
72e1d8e850cf1af69b6d35b6,pluskal_ms2,XVZWLQXESCERMO|YAFCYESBJWJEMX
72e3d2035e2cd2980167b887,riken,AAJIHHYEPHRIET|FELCJAPFJOPHSD|FWVHWDSCPKXMDB|KJNCJEFOGQPOHS|MPXAWSABMVLIBU|RDUAKQUSLVHHOC|VXMOIPRQSYFTHI|YCDZBVXSGVWFFX|YTXIGTCAQNODGD
72fef8a50feeb241054dd0b5,pluskal_ms2,MPTHRYMEZLSXLR|RBQDSPWDBOODHS
7300c0e8c4f933e70548d6af,riken,AKNILCMFRRDTEY|ALWVJGZIYSIJGR|ATLJNLYIJOCWJE|BJJCTXDEJUWVIC|BWHZPGDZTFVUJN|CMQOKNQYLSMKJC|DAIAMOGGSOXZSO|DFDVWAJDFYYBAC|DFPMSGMNTNDNHN|DFUXHMHWOWANRY|DGDWCRWJRNMRKX|DIEUZIPSDUGWLD|DMAOFWOOOIHKPU|DUBPGEJGGVZKDD|DXPPUWBUOSSSAV|FELCJAPFJOPHSD|FMGSKLZLMKYGDP|FMIMFCRXYXVFTA|FOINLJRVEBYARJ|GBLZBLJGCQTQMB|GHUUTEXYFBCKSM|GLQYFMRUYWFXGT|GOOFZOQDLIMARN|GPZYTVLJQBNTMX|GYIKGLVKALOGDP|HAVWRBANWNTOJX|HLBDEIQKPVIENA|HOSJKHVQJCQJGY|HSPBTZRUYDLHGR|IGZFQTYIXILLMB|IMRGSWAJVVVYOW|INIPQDKLXQHEAJ|IPMYMEWFZKHGAX|IUOVOAJPVOWNCJ|IUQOJESNSFQLHI|JAYAGJDXJIDEKI|JHUNHTOHTUZTKV|JPEPPDJNTDNMQL|JPJDIOVDAAVUNF|JRHMMVBOTXEHGJ|JRPKYTRZLLKZAQ|JTLPUINSVFNPLS|JXLYSJRDGCGARV|KFYOFJUUTSALEH|KHHOUARHSDWEKJ|KILZIJKCZIGLFJ|KKSYAZCUYVRKML|KLQXMRBGMLHBBQ|KRVIIMWSCXORIQ|KSIVGTKSVYIZEB|LARPFJIXBULVPK|LLXVPTXOKTYXHU|LMRLDJDATYPZAG|LNIVUWPCHRNJLG|LTMHDMANZUZIPE|MDAHEEBYLFVHSJ|MINBUKAFVRAUDG|MIROITGPMGDCGI|MKQCLTNEQAMHGK|MMTWXUQMLQGAPC|MOIJAHWAZFJXSM|MQYXUWHLBZFQQO|MVLZRHJIQUMZRO|MWEZHNCHKXEIBJ|NACOJBQGIGOFFX|NEJKEXUJCSYMCC|NJUXRKMKOFXMRX|NNRLQJLRICHBII|NNWMHSNRRWMMBI|NVKAWKQGWWIWPM|OLAMGHNQGZIWHZ|OQANKTWSGPYURN|OTUCXMIQUNROBJ|OVFPMQHQVREOIF|PNTWXEIQXBRCPS|PWAACAMQKVIVPZ|QLKSLGRVBGVPPG|QWNQZWRFKIHTPL|QXIPXNZUEQYPLZ|RBFNEOONBAEQRW|RDUAKQUSLVHHOC|REIZDYUGEPBIJP|RERVSJVGWKIGTJ|RFRQHBOLMUEMMH|RINHYCZCUGCZAJ|SCULJPGYOQQXTK|SGTCGCCQZOUMJJ|SJBUJXPYPGGORF|SKHJNNFXCKTDBG|SMTKSCGLXONVGL|SNKFFCBZYFGCQN|SNZNSNULJBXKRP|SOVOCMGDFRGRKF|TUFBUBIMKZRZLD|TUUXBSASAQJECY|TYFKYDTUEMTUNY|TZRVSGRFVXORLD|UBCKYWKJKPMKAA|ULZLIYVOYYQJRO|UVZUFUGNHDDLRQ|VBTMMYSERQFPPK|VCWUZNQATFVWGL|VEVZSMAEJFVWIL|VFUPDGRCPOEQAB|VOOYTQRREPYRIW|VVBWBGOEAVGFTN|VZRKWGPIZJDNHC|WAZQKBSNIFTXNV|WHWWQGPCTUQCMN|WMBWREPUVVBILR|WQLVFSAGQJTQCK|WQVCDQYJDQXJLY|WVRDOLPMKOCJRJ|XCUCMLUTCAKSOZ|XGMGGAPZYUWNMO|XQBCHNNUNJCZAU|XQDCKJKKMFWXGB|XRCLPWMEBOMKMG|XRYVAQQLDYTHCL|XUWSHXDEJOOIND|XVAPNQFQPDAROQ|XVPVVWNZAJAPLF|XWOLWJSHOPYCNG|YDQWDHRMZQUTBA|YLTPWCZXKJSORQ|YMGFTDKNIWPMGF|YRAQEMCYCSSHJG|YSERMVLNNCPEPQ|YVPXVXANRNDGTA|ZEASWHWETFMWCV|ZKUCDSCKSARUCE|ZOCKGJZEUVPPPI|ZOLBWQPEZBEHMV|ZXAGLUIVEUDJAR|ZZXJOMSIUOUAHV
7305089205242dc20b521eb9,msdial+riken,MZSGWZGPESCJAN|YVLPJIGOMTXXLP
730c22bac29c367a4dce414a,pluskal_ms2,PQSIXLOUDAFRSO|ZOWWBCZXWIOJOA
730d94e9e350804e923c8c5f,riken,FNIRVWPHRMMRQI|NRYNTARIOIRWAB
73178743be8e5e43b1a1bc95,riken,APTNOIWSCDBIAS|ZCCUUQDIBDJBTK
731b6fdb111b4a843902cb42,pluskal_ms2,FXORUTMDZHMFKR|NIBVWJYNTPPMRS
731eddcf0c695eb471017c70,riken,AALLCALQGXXWNA|AYHCPTDPDUADTK|CCRXMHCQWYVXTE|DIEUZIPSDUGWLD|FJHBVJOVLFPMQE|FRMCCTDTYSRUBE|GCJWPRRNLSHTRY|GMTSSMHLANUOGS|HHQJBWYXBWOFJY|JYEDISZKFNNREA|KTZNZCYTXQYEHT|KYELXPJVGNZIGC|LMEHVEUFNRJAAV|NGFMICBWJRZIBI|NRPKURNSADTHLJ|QWWPCQGHWWNGET|RLDVZILFNVRJTL|SJJRKHVKAXVFJQ|VCMMYRWIEZCYDK|VDYCLYGKCGVBHN|XJIPREFALCDWRQ|YOSRLTNUOCHBEA|ZPFRAPVRYLGYEC
731f0e59b1ec3f134dda6f3e,pluskal_ms2,QXDIEFSQNFLMCU|UVAZHPYHBONVJQ
7324259a7972592d61155de6,riken,FRMCCTDTYSRUBE|JYEDISZKFNNREA|KTZNZCYTXQYEHT|NRPKURNSADTHLJ
732bf110dd8b94a7b2187a55,pluskal_ms2,ADPBWRONXXWBJX|PZZYVYJTEQDIRL
734bd5615fc89da6769500ee,riken,NOWZBRLFRHWZOY|YELPHMDBAUJJNL
7361d3ffa7f6f8708a10a5f1,riken,DVBDUGXUGVXSTB|IHEJMZHKJYHVFF|LADJWZMBZBVBSB|LNJTUUHDKCPQAA|SHCBCKBYTHZQGZ|UXVPWKDITRJELA|VDGOFNMYZYBUDT|XMJAJFVLHDIEHF
736707dd57b7a564f1bdaeda,riken,WMBWREPUVVBILR|ZTHLHHDJRXJGRX
736e2b00745ebfa53b3b1dc6,riken,DTCGCFSHOOECEU|GVEICTMRUVWSCF|IRDDGQRTXGSVFE|IUOVOAJPVOWNCJ|KONAXQKGWYDUTG|LLHJXODPYGGYCJ|QUQPHWDTPGMPEX|UGHBHGHMKLPTQY
73710427eb1a5837c2c43546,riken,NWPRCRWQMGIBOT|XJIILRFVONGQOG
7372e1f944664457a1569492,riken,SOGONHOGEFLVPE|XFZJEEAOWLFHDH|ZBHUUXLHDOUMKM
737c366c8e0821b0ca79e0a7,massbank,AGIMOOYNBDLMJV|CZTBTZZANBJSLY
737d14f318663a458df02bc9,msdial+riken,LOUBNBRAJPSMEC|ULPUBSPPYRXUOZ
737dfef5df9e2fce93f4ecf5,pluskal_ms2,GNHNRASZHPLFHL|PAFIXKQJMGFWKU
739de46bc263d30e6dc24d79,riken,MUVGVMUWMAGNSY|YBUWIVMOMHEALF
73b3193a0506d76cfb80f4bf,pluskal_ms2,CEIYBVJDLDUALL|ONBUDYDHHLFSPZ
73b4f780cb95749034b273cc,pluskal_ms2,DZDRFPGBHOXFJT|HOKURLPBNQPMHY
73c2c916b839be2fad11a02b,pluskal_ms2,APPSMRPOZOOILN|QNOQKNYTTJIAFL
73d14adee280b21d2108fc26,riken,CYFXRGFESOFDNS|SBHXYTNGIZCORC
73d69820edaa2a73a2b0bb82,riken,SHCBCKBYTHZQGZ|ZGRZULFRVWCUPF
73d9337e061c39262c27c594,riken,CXSXBHMYYCPTHP|OKPSCKUJXYCMPR|PHFUCJXOLZAQNH|QNBLVYVBWDIWDM
73f0b53966e9b4e99f593722,riken,CITHEXJVPOWHKC|IOLDDENZPBFBHV|MFIXLWYJTVEVGO|ODSSDTBFHAYYMD
73f45f4408be0203aefdee14,riken,KTASKRCJBXZGMH|XIGBHUXQOPWGDK
73f6782147d2b359b8e9a860,riken,LLVOJEYSNCNXJN|NVIAYEIXYQCDAN
73fd509f458fb1b5b17460ed,riken,CIAXXTSXVCLEJK|GMBQZIIUCVWOCD
7409d8f2be45dcb198c88fb6,riken,ALWVJGZIYSIJGR|GLQYFMRUYWFXGT|QMNWISYXSJWHRY|SVHJCTSSYQPWEV|ZVTVWDXRNMHGNY
740f1bad02d0abb39fe5ab9a,massbank+msdial+riken,JMSVCTWVEWCHDZ|VSJGJMKGNMDJCI
740fa9fb9391be613fb9509f,riken,HNICUWMFWZBIFP|JDSRHVWSAMTSSN
74188f0b93203d61e97bd0da,riken,KTASKRCJBXZGMH|PYBFXJMIKJNNAJ|TUFDSEMWRYIOBO
7418b0fd5ab07b9544c64417,riken,OFUWGCQDMVDLIR|WCGUUGGRBIKTOS
7420a8f37f8efa3b5cc728dc,riken,IAKHMKGGTNLKSZ|KLXHCGFNNUQTEY|PCZOHLXUXFIOCF|PDAYUJSOJIMKIS|UGJAEDFOKNAMQD|YCWDWJWRRMHVMZ
7428d24644903068f7034b45,riken,ASUTZQLVASHGKV|FVFSMBDVZVUETN|GMTJIWUFFXGFHH|GRTOGORTSDXSFK|HRYLQFBHBWLLLL|IUSBVFZKQJGVEP|KBMSVODXFLAQNJ|KEOITPILCOILGM|OIVDEBIGYOTPKV|ORJVQPIHKOARKV|OTJBXGAQAVEFCP|SWZMSZQQJRKFBP|TURHTASYUMWZCC|VQQGPFFHGWNIGX|XSQFDXNJFMCRGJ|XVULBTBTFGYVRC|ZFXYFBGIUFBOJW
7442af0cc7d808d0f0f2ff31,riken,GXWUEMSASMVWKO|PTDAHAWQAGSZDD|UXUFMIJZNYXWDX|WRYJYFCCMSVEPQ
74444381fe1af574ebe9ef87,gnps,AVSXSVCZWQODGV|INBGSXNNRGWLJU
7453849d948cb2b90eba1cba,pluskal_ms2,LTXREWYXXSTFRX|VKXWOLCNTHXCLF
74591259bc67a12caa4db534,riken,FTVWIRXFELQLPI|JNNGEAWILNVFFD
745a5f6a15fa658298a6c0aa,riken,MMPLVSBMCAPCST|YIIKPFWLWYKDPH
745c8b6c42360b530d6c1304,riken,MINBUKAFVRAUDG|MVLZRHJIQUMZRO|VOBOQLHWHJWFCX
745cc603928ee3f47c438cd7,riken,DEMKZLAVQYISIA|KFVUFODCZDRVSS
746e07ac1ebd570a0f820d5b,riken,PJTYPIGQKDTERS|WZRCQWQRFZITDX
746e7cd4b5ce061196c586a1,riken,AIGAZQPHXLWMOJ|YDDGKXBLOXEEMN
74835d2e43f3deee7894a5db,riken,BPKLDKRUGJQLGK|LCOTUPXIQXPIPA
748c3fe2aef5955087faee0e,pluskal_ms2,GKBZZGLJFFTARM|NXEROWMPYNQHFS
7492c91451f23b16ca3ba732,pluskal_ms2,PVXFWPQARAEBQJ|ZHTVSLUXXXPLNP
74b3357600d7ebea9b0d0b05,gnps,WQQFMYARHDHHNB|ZDGJAHTZVHVLOT
74b73a8e7b7399716dd9bbe0,riken,KNGPIBWCWOQBEK|SLJWCCMDGTZEGQ
74dcb5bd4ae450095b70b39a,pluskal_ms2,WBFRBUMHFYLOMI|WCNWTHCLAWYGIA
74f044228ca776fbc98dc2ef,pluskal_ms2,BPBCHSOBQVPDKG|DPYYBUMNBGGGJQ
74f5f5fe9f7584db07432115,riken,SKHJNNFXCKTDBG|WQVCDQYJDQXJLY
75012213ffb4f7351269f4cb,msdial+riken,HEMSJKZDHNSSEW|IWRAOCFRRTWUDF|JGXPRDVSWGDODG|LPHOGVFYEBRXSC|RBXVTEUAOTYIME
750c5a37d5af8a83cdb9d5d6,pluskal_ms2,NCCUROCZYCSKOD|PEELMVUBOGZJLX
750e646731738ab63a2098c7,riken,HCEPYGIKCDFDPJ|KUYOHDBLZSPZHG|MQYXUWHLBZFQQO|RWXIFXNRCLMQCD|WIDIORLKUZCAMX
7532a1df9291215c3d61bf57,riken,BLUAFEHZUWYNDE|GLQYFMRUYWFXGT|GVRNTWSGBWPJGS|MXXWOMGUGJBKIW|PMVCHAWVCIWVLP|SFEUTIOWNUGQMZ|SPAFMWIHXVIIPF|WBYJYPOPDKQBQJ|WJMMBVSOQPALFO
754c39958fd7102bfb82357f,riken,RERZNCLIYCABFS|ZRBFCAALKKNCJG
75530034e890125954492dcb,riken,HNGNQFQJPOBLJE|ZYURHZPYMFLWSH
755426717e8c7ae20b506074,pluskal_ms2,CMSSEWKMARZAAP|LFHYGZREUWMTMP
755c24566c9b784da2886f6c,pluskal_ms2,BTYBIJYFDWWGQO|HOJZUWVUVKPLJU
75669b60d80c3734e661e90b,riken,HCEPYGIKCDFDPJ|MINBUKAFVRAUDG|OBVFJCCARDWRFB|WIDIORLKUZCAMX|WPYJMNHBYFFULY
7577db006367f299dd076177,riken,LATQZYGIAROYHX|UAHWPYUMFXYFJY
7581c5ad13ff5342334c6221,pluskal_ms2,NBMNQTQSJQDCHA|SPIIDRMCTHYLNE
7582251708939b225c13d8a0,riken,FPMQKXQOBKDVHF|YQHMWTPYORBCMF
7584e541ca8237f4462a2576,massbank+msdial,QJVXKWHHAMZTBY|ZIYVHBGGAOATLY
75852c12192769438187ae40,riken,GVEICTMRUVWSCF|QTEXZXUEISELDK
75b4e398bb3868db5dd94806,riken,JXLYSJRDGCGARV|NACOJBQGIGOFFX
75bce86c3613fd393222aa8e,pluskal_ms2,ROPKCVZEIICLDZ|ZLKMITJMEUQHAQ
75c46480e14807c4f76a23ca,riken,MQDDJIPAADLFAB|WPYJMNHBYFFULY
75cb9357ee2db3dfdd08e8c1,msdial+riken,CWVRJTMFETXNAD|DYOKDAQBNHPJFD|GWTUHAXUUFROTF
75cc3fc7355a25859fe2f55b,riken,GYFFKZTYYAFCTR|PQHNJDATPYXLIX|RERZNCLIYCABFS|XJOTXMLDNWCDRH|ZRBFCAALKKNCJG
75e155233f35351fc8cd0f70,pluskal_ms2,MOHGSMMTQPPBRA|UAQPQLSIUBYIKF
75e664db822648c9c14d96a1,pluskal_ms2,ITKRZUCVBKTSGI|XCTUOBOQUJSQJX
75efc3664ae72e5fb5cf7e26,gnps,CCQDWIRWKWIUKK|XYWFSSFJPFAYCA
75f41c734c0199d61697a3d6,riken,IMKJGXCIJJXALX|KBTWMQRNUHIETA
75f67b00b3ef677e0bfc3f96,riken,CTJZWFCPUDPLME|DCYOADKBABEMIQ|GVJHHUAWPYXKBD|GZSOSUNBTXMUFQ|GZYPWOGIYAIIPV|KMOUJOKENFFTPU|KYQZWONCHDNPDP|LQGUBLBATBMXHT|NFZYDZXHKFHPGA|NLAWPKPYBMEWIR|NODILNFGTFIURN|OLOOJGVNMBJLLR|PFTAWBLQPZVEMU|QOVKKEKBURQILF|QUQPHWDTPGMPEX|UBCKYWKJKPMKAA|UEDUENGHJMELGK|WMBWREPUVVBILR|WYQVAPGDARQUBT|XQDCKJKKMFWXGB|YABIJLLNNFURIJ|YDDUMTOHNYZQPO
75fa3264ea0018ca91d7fd1f,pluskal_ms2,XISVQJAIDIRBFK|XQQIQWJGWZKEHS
761e2f464be8ec514c5c7e98,riken,DEYFVOXDNWADAV|GWHCXVQVJPWHRF|KWBPKUMWVXUSCA|QHXGFOCPQQADIF
7621982c985cd0c7f4c43efe,riken,AEQDJSLRWYMAQI|BURJAQFYNVMZDV|CKUVNOCSBYYHIS|GCMGJWLOGKSUGX|JGWQYLZHPPFHEH|ZRKGVMOZKMBTHF
7622e072fa9c239bd705c636,pluskal_ms2,LNSXBBOFWRRZGM|RNBRLCCWVAEXET
762b848c98c856bcc273aa9e,pluskal_ms2,HMABYWSNWIZPAG|ZZJLMZYUGLJBSO
7630494d3594680af5ad1c67,massbank+msdial+riken,FSQKKOOTNAMONP|ULGZDMOVFRHVEP|XULZWQRXYTVUTE|ZWGNVZAUBOCVRV
7637c94d130edf76735d29b9,riken,VXMOIPRQSYFTHI|XGVBNFXVLFKPCO
76437279d6513d7cee0ad76d,pluskal_ms2,AGAAPCKBMLBWNN|SPYJSKIQMYRHCV
764516c23eed83b4032517c4,riken,QOMBXPYXWGTFNR|VBTMMYSERQFPPK
76466bfd47f2ab3eb0950a67,pluskal_ms2,JUUDNBKOOJEVBA|UTKXNPBRSKXJEW
7667e4b6094d54b5dbf912a8,pluskal_ms2,WQZGKKKJIJFFOK|ZFXYFBGIUFBOJW
767067f16b87ca4d6a7bb6e0,riken,GPFNSVXDXCMNOL|KGGGRGBDMBZXKF|SHCBCKBYTHZQGZ|VENRSYBHHVDBDC|YDDGKXBLOXEEMN
768b2d64b0e6bcf39cd32aaf,riken,IKGXIBQEEMLURG|RWXIFXNRCLMQCD
76b096ae5f5fdbeeada629c2,riken,NYCXYKOXLNBYID|OBEHELRBTWMPHI|YTVGSCZIHGRVAV|YXOLAZRVSSWPPT
76b0c222c0f3995eeced5b68,riken,KZMACGJDUUWFCH|VEVZSMAEJFVWIL
76b92ca30b09242966279b92,riken,JWINIHBXRZXFKL|VJEMOEYSQDKAQF|YBCOIJNAMJAFSO
76bd7096b9c38eeb3a60fa14,riken,BHPGRVQWTLDDQX|JBGYSAVRIDZNKA|KLQXMRBGMLHBBQ|QOMBXPYXWGTFNR|VJSCHQMOTSXAKB|VJZKQVOURLBNBU|XUCIJNAGGSZNQT
76be4da00c25b6fae3e78824,pluskal_ms2,BHWOKYGIZKCKPI|KWZPDRYHNZNEAL
76c6d6872bb6753a1b080a64,pluskal_ms2,HOIPFGFVVVGLQS|ILLPXKQRQUSURG
76cab8f4c5b50f7e743590d8,pluskal_ms2,AMXCTLDSFXUPOC|UYDSWRORAHRACW
76d8b4d344838b5b41949075,riken,JMUOPRSXUVOHFE|LZJRNLRASBVRRX|PUQSUZTXKPLAPR
76d8e7908dc95fffff2510aa,msdial+riken,KYWSCMDFVARMPN|OBRNLVIDOVBLPU
76df1586a6fe60ab7c4170da,riken,DEBDFZGNZTYPMF|KRQDMAXNTWLTDZ|MQDZZCJYWRZONM|MXOKGWUJNGEKBH|VGJOYFZLAIERID
76e4bafa2d0ee8768ae7e6e8,riken,BMCZTYDZHNTKPR|CPJKKWDCUOOTEW|UXYJCYXWJGAKQY
770edcc73fc199c652ecfc82,massbank,NXTDJHZGHOFSQG|SECPZKHBENQXJG
7728a4dbe5196109b3de28c3,riken,GPFNSVXDXCMNOL|LCXREBMNASQAOC|VTLYEMHGPMGUOT
7730280d88ae5095a2633223,pluskal_ms2,MPTHRYMEZLSXLR|RBQDSPWDBOODHS
773043c0efc6c3659ee161ae,massbank+riken,AYMYWHCQALZEGT|RYYVLZVUVIJVGH|UMYAEKVHXDURJS|YDDUMTOHNYZQPO|ZZFSKJIAKIBPSR
773ce2ba468a5436207dcbf8,riken,NZLBBWKRFWAHOK|WYBOVISLCPAJFV
775b83edafedd89ca5c4a91f,riken,UORKJWHZGSSNRL|XCUCMLUTCAKSOZ
775c7586bd76c68a5c797a6f,pluskal_ms2,QYENEJZFFZRKRV|XMZWMRWRPXRDHL
77610f10952eea7cc9644bf5,pluskal_ms2,PVXFWPQARAEBQJ|ZHTVSLUXXXPLNP
77617d8e4bd18bd4d5064e8f,riken,CQJVKYORMGSYFU|RYVQUCPUCSYNBC
7772202f4895bcf21a2ea59b,riken,AEMJDNJKSCBKRL|DHQFYEJMFMYGCV
777a933a78f95d22ecf789c6,riken,AOXXVRDKZLRGTJ|PORLQGCIBQPFNX|PXJBXRNJLOOPSH
7781687a47060778b4adcfdf,riken,PBFGAFDJVQAMRS|YJBVHJIKNLBFDX
779909ef9817d6de334c8db2,riken,OQANKTWSGPYURN|OVFPMQHQVREOIF|RTNZWGMBYCVCPK|TZRVSGRFVXORLD
77a0847ca9f623acdcdc2116,riken,GAZDXIGXYWVWQX|ROQZUJKOMJECOM
77a20b5e6bb90c758dd405e9,riken,ALYHYIXFUOUIHJ|CDDWAYFUFNQLRZ|DBCAVZSSFGIHQZ|FJISLLRXVSQIES|WHFUDAOCYRYAKQ|YYWGABLTRMRUIT
77a34f4fa5e8010844424a11,pluskal_ms2,FSTDRNWTSCJIRN|SGWCGSNQYPEXBO
77afebc0dadcd0b59c4ccffe,mona,BOWVQLFMWHZBEF|HXYVTAGFYLMHSO
77b2436e1221251d4e99d30f,riken,WYJAPUKIYAZSEM|XJHDMGJURBVLLE
77c36cbb24f8d9c9c88bd943,msdial+riken,KPLBOWKEQXYXSD|LUKBXSAWLPMMSZ|XGPBRZDOJDLKOT
77c3be53c5a12c2a6b3db492,pluskal_ms2,ISGYBTOINXAQJG|SKDFIOGACUNWTR
77cb966fe0e48140b34f1e44,pluskal_ms2,NFHQLSIRHVVGPN|SIUCWWPPXASGCD
77cd5ba5c3748869dfc40c86,gnps,NZCIONSHJHDGFO|YTHSDGLNDXPJAJ
77e03d07e88f60be8fd41472,pluskal_ms2,BHWOKYGIZKCKPI|KWZPDRYHNZNEAL
77e126eb0cdd1cf3d781c024,riken,OZIPFYKAIOOVEJ|ZKWQQXZUCOBISE
77fdc65181229564c8529203,riken,JSIGICUAXLIURX|KONAXQKGWYDUTG|QHBZHVUGQROELI
77ffa8c70dbf49f5e826c48e,riken,SCULJPGYOQQXTK|VOZHMAYHYHEWBW
78053888c074404b7302efb9,massbank,DXCHWXWXYPEZKM|KJYSXRBJOSZLEL
780c1ce286d305e20559198e,msdial+riken,KIDHWZJUCRJVML|KZSNJWFQEVHDMF
780e9365b44981cc32c154e3,riken,DEMKZLAVQYISIA|INBSFHNHCNZEOY|JXSVIVRDWWRQRT|KFVUFODCZDRVSS|YJBXPWORXXQARM
780f364ea6a192fd205398f6,msdial+riken,HMGCTPMQYVGXSC|NHKCCADZVLTPPO
781fec93dfbcbaa9eefdc81c,pluskal_ms2,ISIBDMAKFALNIA|XZDXDZZLTQXFNU
7825f2ae1ff71705bf476256,riken,ATJVZXXHKSYELS|CITHEXJVPOWHKC|GSSPKCPIRDPBQE|GWHCXVQVJPWHRF|IHEJMZHKJYHVFF|IRLNKOAURQPXIQ|MXXWOMGUGJBKIW|ONJRISGOJDDBNB|QVCMHGGNRFRMAD|RKUNBYITZUJHSG|SLJTWDNVZKIDAU|SWOVVKGLGOOUKI|UWKQSNNFCGGAFS
783fe5ef9de0e7ed7b0ee3d5,riken,BJRNKVDFDLYUGJ|PXOYOCNNSUAQNS
7841a95137d30e086a52bf33,riken,AYHCPTDPDUADTK|LTJSBYAKDOGXLX
784d19eb0811cad26f7067d3,riken,APZYKUZPJCQGPP|CGIBCVBDFUTMPT|GHKISGDRQRSCII|HELXLJCILKEWJH|HLOCLVMUASBDDP|HYXITZLLTYIPOF|IAEZLXLDZBZQPU|JBGSWIBJAGBGOP|JDIORNFCMMYMLF|KYWSCMDFVARMPN|LLMCZIBSELEBMK|LLPWNQMSUYAGQI|NIKHGUQULKYIGE|OJXQLGQIDIPMTE|PXJBXRNJLOOPSH|QGVLYPPODPLXMB|QJKMIJNRNRLQSS|SSBZLMMXFQMHDP|UCDVIBNDYLUWFP|VKJLHZZPVLQJKG|WYDPEADEZMZKNM|WYQVAPGDARQUBT|ZJDFNIHQCHHZGU
784dbec1fe58ff6c99f0f043,pluskal_ms2,CHUUDRIKNFAJGZ|JKUXPBOILPNJHP
7854cb9bb3a6c0213959fb87,riken,PWAOOJDMFUQOKB|RWXIFXNRCLMQCD
785a6f899baaed486615285f,riken,JMFRWRFFLBVWSI|ZFXYFBGIUFBOJW
78617b8faa9e7eb39aaa44fb,riken,JJVSDUQOSRRODQ|TZRVSGRFVXORLD
78764aac5e8a05fcad383057,msdial+riken,DANYIYRPLHHOCZ|TZBJGXHYKVUXJN|YDQWDHRMZQUTBA
787b537677bfe4b0e0e03dfe,riken,MYBAONSAUGZRAX|YKOPWPOFWMYZJZ
788b55ef3783cfb93145f1fa,massbank+riken,IYRMWMYZSQPJKC|YPWHZCPMOQGCDQ
788ca944a3489772f3c837a6,riken,BCJMNZRQJAVDLD|MYQKIWCVEPUPIL|ONJRISGOJDDBNB|UWQXJCZFCNIUHA|WWVZUDKBWRFNRY|XFZJEEAOWLFHDH|XUCIJNAGGSZNQT
7897c331632f7a41636f97b0,riken,JKQXZKUSFCKOGQ|MIJYXULNPSFWEK|QMQIQBOGXYYATH
789915fabb9460782ade19a5,pluskal_ms2,IUXMTYJKGIMPHV|MHYUNYWLDKJMRL
789c9682a48ebba63e075969,riken,LCQLHJZYVOQKHU|LSGKMZLPZFPAIN|SLJWCCMDGTZEGQ|WXTBYSIPOKXCPM
789d7ea4f06c8cda846e3029,riken,ATJVZXXHKSYELS|ZVTVWDXRNMHGNY
78ab64b88ec3b588f03dc8f0,riken,LMRLDJDATYPZAG|TUKYTUMQZQFKNX
78ad9eebe12b3f0d21b780bd,riken,APOGLVUGPAVNAP|CKEXCBVNKRHAMX|CQLRUIIRRZYHHS|FPUXKXIZEIDQKW|INYYVPJSBIVGPH|VKJLHZZPVLQJKG|YYFOFDHQVIODOQ
78b3159cd7b25ace75733428,riken,DBMJZOMNXBSRED|TYUAGPZTMCIDLX
78cac31fb2a7fe28c8464e62,riken,CZCIKBSVHDNIDH|FIHJKUPKCHIPAT|NVVDQMVGALBDGE|PTDAHAWQAGSZDD|ROLIIKCIEQNTMT|STECJAGHUSJQJN|XOXYHGOIRWABTC|YWJGYBXHXATAQY
78cd636c4b79f8ebb424054c,pluskal_ms2,LOGQOWGAKPJRTM|UJWDOYSJRIVBJL
78dae6a84634eb060a11170f,riken,PHFUCJXOLZAQNH|RYHDIBJJJRNDSX|WMSZDXQCLFUBAQ
78df6ec10a323465956a8bbf,pluskal_ms2,BTYBIJYFDWWGQO|HOJZUWVUVKPLJU
78e9268c9ccf00f36f1d1b56,riken,OBVFJCCARDWRFB|WMEBIWWUBWHAOJ
78f5044b61a1943c6c31b54c,pluskal_ms2,FYAVKZAPDMHRQY|HDBDDEFTKCWERY
790181e12bb8df8a4a2b8775,riken,BUBVKRMIMSPLND|JAYVHSBYKLLDJC|OFDWKHIQKPKRKY
7911d350814d01db6aab004e,pluskal_ms2,GUGOEESGYHJVJH|LJUFQFXDVDKVNZ
791491c1ee854330ed43b12d,riken,HCZKYJDFEPMADG|UAHWPYUMFXYFJY
791a8ff1313f9105efd13b22,riken,HZIBYJCDCHVSPK|JLJAVUZBHSLLJL|XYYAFLHHHZVPRN
79219b259d85338c7f992ed7,riken,BJRNKVDFDLYUGJ|FYQXODZRNSCOTR|KFVUFODCZDRVSS|NRPRPSMFVBRREK|QELDJEKNFOQJOY|WIONIXOBNMDJFJ
792e39e8d52dbe970ce013c1,riken,CIKNPMUSQDPKAK|XJMPAUZQVRGFRE
793c4d1f7200800158c92571,riken,CXVOPJQBVVUOTC|DXPPUWBUOSSSAV|MOIJAHWAZFJXSM|MXGAOIRJBACCEY|PAXNVPZJVMRVBU|QBDHHZLEIBPNSS
795421adbb8c61f7f815eb21,riken,MXXWOMGUGJBKIW|YPMOTUXWPXDQDJ
79632adc2f2f778bab509aac,gnps,MEFOUWRMVYJCQC|XOPFESVZMSQIKC
79785c2b7d1c7bf8b304af60,pluskal_ms2,HLLHAJRFISSLTP|OTAXASXLOHHSEU
7990c01bada57c5dbb8dbd49,pluskal_ms2,CYSUIINROVMDJX|ONHPDZODNAKPDV
7994c184ae8f713a2d4161d3,riken,PHFUCJXOLZAQNH|XUARCIYIVXVTAE|YWJXCIXBAKGUKZ
79964c8d5ffac4d8355bf660,msdial+riken,IEBFEMIXXHIISM|MHGMSAFPNAKIRZ
79a521aa747cb2021ccd3d0c,riken,IYOACTFZIFFILK|PIYIRGGWVHVHDV
79ac699bfe26f9aebbe41c89,riken,FYHRJWMENCALJY|NGMYNFJANBHLKA
79ac74bf429cb5ec4c1305c7,mona,FHIVAFMUCKRCQO|QHOQHJPRIBSPCY
79c2a595c0de353f874bd6d4,riken,IMQLKJBTEOYOSI|PBSOJKPTQWWJJD
79cf1b739d34e191ad867186,pluskal_ms2,AQDZYCQXYSAVHC|ZWUYKLCNJVTMLO
79d27c3124b63c852a169aad,gnps,FTXQMXYVEKCYAO|QHJHUTXUTFOAJX
79e1f00ddb89c436982b6956,pluskal_ms2,IFQGGAHTPJSUOS|NBEYHLRJNTUBRR
79e240f13a9fe2aaac9b2ada,riken,GNBFAEIXROJDIB|NZLBBWKRFWAHOK
79efc638f92ea19a451272ec,pluskal_ms2,MFQSVEIGELLNCR|WBGCLWQQDKRSMJ
79f1395817900a76aeb9d8b8,riken,HSSJYSJXBOCKQM|JGFCDHIJCNLFPY|OZBAVEKZGSOMOJ
79f41dbd38fcc247b07541d8,riken,CUJYYVNWNPLKFR|PRAUVHZJPXOEIF|SQOJOAFXDQDRGF
79ffa0abdc6823bb5bb29b57,riken,BUBVKRMIMSPLND|KQGDHYQRJRGMDG|OHDPFRGZBUACTR|PMVCHAWVCIWVLP|RKUNBYITZUJHSG|UWQXJCZFCNIUHA
7a09e41a828bac2757410dc4,pluskal_ms2,HOIPFGFVVVGLQS|ILLPXKQRQUSURG
7a0e47f8394383eb9b6acbbc,riken,GBJKHDVRXAVITG|ROTMXRXTGVWUHF
7a1170b0656d76f3de6b60c2,riken,GSSPKCPIRDPBQE|PPCHTBBOSVKORE|VRSRXLJTYQVOHC
7a14998db9495613012849b0,msdial+riken,RPJDAOAJFXPEJG|WOXKDUGGOYFFRN
7a15c0dc476cbd9a390e8c68,riken,CTJBHIROCMPUKL|FQTLCLSUCSAZDY
7a17f2bad5b4e8a59a8a54a1,riken,GLQYFMRUYWFXGT|OIRDTQYFTABQOQ
7a18b5b89dd715e3db9e9bda,riken,CIKNPMUSQDPKAK|CKSNMFLZWZXKGH
7a1d01a3d65a7d61004f8ed8,pluskal_ms2,IGRDGFVMWJUAHL|KUJKKCYLGZHIAH
7a1f88d9dbae0f9cb66b7ace,riken,AMOGMTLMADGEOQ|FWYSBEAFFPBAQU|LFEUICHQZGNOHD
7a30564ec6108cd509928524,riken,BOJKULTULYSRAS|CYBWUNOAQPMRBA|GPTFURBXHJWNHR|NVVDQMVGALBDGE|ROLIIKCIEQNTMT|RSSYYEQEOXSTLN|SDXKZPQOVUDXIY
7a3f94b8b4057933a41e0aa6,pluskal_ms2,NORQADGNSINJPG|YCJUEZLNSCUITH
7a3feaf722e69efa060afbd8,pluskal_ms2,ONBUDYDHHLFSPZ|VSLJXCOWCRWREN
7a4296eab957165f20736a05,riken,APPXYONGBIXGRO|DXYUAIFZCFRPTH|FURUXTVZLHCCNA|MGJLSBDCWOSMHL|MJBPUQUGJNAPAZ|OBGPEBYHGIUFBN|QLKSLGRVBGVPPG|SYTYLPHCLSSCOJ
7a48e47deb9a81df4c6e3879,massbank,LRMSQVBRUNSOJL|OJMBMWRMTMHMSZ
7a5132a8a660449c0f74059a,riken,BMCZTYDZHNTKPR|DTOUWTJYUCZJQD|DWCCVUBESGIKQL|GVQOVMKBYJKZSY|RDJAFOWISVMOJY|RGOVYLWUIBMPGK|VDGOFNMYZYBUDT|XPMQJVHMFLZDSA
7a51f97b5a7ab2157f8f1477,riken,ANKZXIMZBGQTDU|BBNQHOMJRFAQBN
7a63733a5ecb0db096c22595,massbank,PQFRTXSWDXZRRS|XMTQQYYKAHVGBJ
7a70d99e9142a1c8407831fe,riken,AKNILCMFRRDTEY|MHGKDTTXFHUGAY
7a7b1195ceb8e69dcbc98524,riken,LNMBUJUJPICZGH|PECAVQSFOYERFI|TZRNJQYCOSMOJS|UPROOJBJZLZCGS|WJTIKZWXSWMEDO|ZKHXDVJFFSPXFK
7a80bd960bbca67770db15ac,riken,KXHCYYSIAXMSPA|NDOPUHIEVZKCTM
7a994b90cbd66eabde34cb51,riken,LADJWZMBZBVBSB|NWBWCXBPKTTZNQ
7aa9e2004c2a18a01c1cb519,gnps+riken,WGTCMJBJRPKENJ|YOZBGTLTNGAVFU
7abb16a088e6708ea3fe9f58,riken,CIKNPMUSQDPKAK|OFSZOCPGPLMCBG
7abc268b8485209e5b4f72bc,pluskal_ms2,ALUQXSJARGBEOQ|JNZDOQZSXDGGCY
7ac04b10e9c0f5c819ff4224,msdial+riken,HKIKAXXIWJHWLY|UQKKDJWFQBNZBJ
7ac46853794fec6abc01bd68,riken,BPOPUDQXFXCWAW|CMDLPOPJXJYAMB|RDRPORVAKXEYRR
7ac62cd53d59095d07286f9e,riken,ARDWXVOOPZYQMS|ITVGXXMINPYUHD
7ad25eb227bad7fb5d2ad92f,pluskal_ms2,GTVMCVFIGSCERF|PSEBDGBXQNJMQF
7ae2e02e7d410282576b8555,riken,DVBDUGXUGVXSTB|LJOQGZACKSYWCH|PYXFVCFISTUSOO
7ae8bfcaf7fe5a880921d446,mona,GUBGYTABKSRVRQ|PVXPPJIGRGXGCY
7af7bb752adaca9826c5fdb9,riken,MJBPUQUGJNAPAZ|YDQWDHRMZQUTBA
7afa5cdb5cfde911a2f4a34c,riken,IVLRQLIWEVLAQF|LPEPZZAVFJPLNZ
7afecd4691d6318aa2625366,gnps,WKOLLVMJNQIZCI|YFVGIJBUXMQFOF
7b039ed5bf6af43a1e4e3cbd,pluskal_ms2,LDEMKQVEUQTLTJ|XCUTWOJRCRSBLM
7b0562c070d54e047086be09,riken,CEUOJNPNKKLCDB|QMNWISYXSJWHRY|RWXIFXNRCLMQCD|VFUPDGRCPOEQAB
7b0a88af44a64d7ea69939e9,riken,DFPMSGMNTNDNHN|OMQADRGFMLGFJF
7b1aa7658167e7004055c0c8,riken,AJJMKDCAQHLJQF|ALPSEMFPAVSKJO|ASLHXRONSASUAK|BGKLFKHHSFCDKC|BMLIIPOXVWESJG|BNMGUJRJUUDLHW|BVMVRPVYRJQROP|BXBGUZJWTCKDJY|CDDYZYIBFIQEGM|CIRSPTXGPFAXRE|CIUHLXZTZWTVFL|CQJGDYZEMIGJCJ|CTJZWFCPUDPLME|DGDWCRWJRNMRKX|DMAOFWOOOIHKPU|DUAGQYUORDTXOR|FEIHRQSTXZRGQD|FMZPNXDUADVAFG|FSTKYJOKUUVVMY|GDGZMMDZJVKXTP|GHUUTEXYFBCKSM|HCGYMFPNEDDKQY|HCKUIVZXCXTBEH|HVBACKJYWZTKCA|HVYWMOMLDIMFJA|IMPWMPCRAJNBMS|IQPQUCSPCDSVLE|JRAZFLUTTVOOOC|JXTOWLUQSHIIDP|KHHOUARHSDWEKJ|KILZIJKCZIGLFJ|KQBVSIZPUWODNU|KWDWBAISZWOAHD|KWRQPASKWCJCPI|MBYNDKVOZOAOIS|NODILNFGTFIURN|ORGFYMVNMFQORV|PREBVFJICNPEKM|PZEAYKDDQCGSQU|QGMUCGXWCKWHRJ|QIJQOXKBKYUQGM|QUVABAIZQJMEOE|RHYJRVWWDRGDRZ|RIGYMJVFEJNCKD|RYWOMIMQYQUGDB|SGTCGCCQZOUMJJ|SJBUJXPYPGGORF|SJHHSDDZARIHAT|SKXWDGDNWBYACJ|SLEOSPFLNGKQLW|SLJTWDNVZKIDAU|UTCVMWVGPIYCTH|UUBMSUGALIVVPT|VVLPFXAEVKKWTK|XMLYZAYHZIXJGE|YMCYJIJWKFYPMN|YRXDKQKYWMHRSY|YTRAYUIKLRABOQ|ZHOCWHLKCHVNGG|ZJVUMAFASBFUBG|ZPWPIKNEPPRDSS
7b1b799750ccd78fa36d3365,pluskal_ms2,MBELGAQBYWCSAX|QULYBEMQHFMVJL
7b1e20db3bc944049987e334,riken,VPJCTVQKHIFWKJ|VYIKEBWUZLHWQK
7b21f97d65c560ae370049d5,riken,HUSISCNTLUEZCN|NODILNFGTFIURN
7b236010ad7acfca42582431,riken,PJIXCASIWJDBOT|RERVSJVGWKIGTJ
7b2816495ff27633eba06dc7,riken,RGOVYLWUIBMPGK|YMNCVRSYJBNGLD
7b3bd1afbc9ff33da1876b3d,riken,ALBXKWVKHLBNIA|BQPRWZCEKZLBHL|KZWKYXLDADOEHV|OZIPFYKAIOOVEJ|XMOCLSLCDHWDHP
7b3f0d1020f3347f159b1597,riken,LSHVYAFMTMFKBA|QCQGNTXXPCJRFZ
7b4688db6fb0a541fc38a8dc,msdial+riken,BOZILQFLQYBIIY|CWUFYVAGTYUTRR
7b509adc98268a07d6aa8706,riken,GVRNTWSGBWPJGS|WRLXHKDQSQMWSH
7b583a3aa92b669e9106c79a,riken,VJILFEGOWCJNIK|XKXYJTIBKZGIPR|XRARAKHBJHWUHW
7b5ba72d6baf9b1d7580abe0,riken,DVBDUGXUGVXSTB|MUCRYNWJQNHDJH
7b6141e360ecff3b54311844,pluskal_ms2,DMCKFAOCACFYQG|XPOJRNNBAARAGP
7b6966f66026f30bc202dc37,pluskal_ms2,NFHQLSIRHVVGPN|SIUCWWPPXASGCD
7b712eab1e2dc2863a0eed7e,riken,AZKVWQKMDGGDSV|BQPRWZCEKZLBHL
7b76af3f51701f0ca7989055,riken,ASLHXRONSASUAK|YVPXVXANRNDGTA
7b8be07b0adfc7ac635aef20,pluskal_ms2,CHNINISJXPDINL|XYRKBYYZNHPWAF
7b8e8d10d40de96c629a4dc6,pluskal_ms2,TXXYLOMHCHZXPU|UVLDZZAYYQKDSL
7ba0ce7810a82b806e7ac1de,pluskal_ms2,BNWOSCGZGKVWJU|QGDQWSUJMRTUGB
7ba4b35e5e01dafe39a51251,pluskal_ms2,DIBDSGAMKSCUJK|IQGBWKOGMWUSSG
7ba59b17599e14c528442974,riken,KRKNYBCHXYNGOX|OYHQOLUKZRVURQ
7bb16625f419d88ac709cd78,pluskal_ms2,DUJBGNHGEBLHHI|MVYSIIDOGIFTRC
7bb7b93085f3816b937cf09d,riken,FBSKJMQYURKNSU|RERVSJVGWKIGTJ|XIGBHUXQOPWGDK
7bc587a6efd38cf3159a6c7d,riken,BVLGDALJKFDSIM|DDNCQMVWWZOMLN|RWNHLTKFBKYDOJ
7bc70db4ef0ea0d85e9d39a1,msdial+riken,BRZLPCQEKPAETF|CKQJTGWITOTSIE
7bcc84d1a5ca98241594ea04,riken,PHASMOUKYDUAOZ|UUDZDKPKXAEKLA
7bcf6717131b983ebb326e3d,riken,HUOOMAOYXQFIDQ|IZQSVPBOUDKVDZ|RMCRQBAILCLJGU
7bd2e6e786c94a2e34c5559b,riken,DKEZDPGUJMMUCC|FELCJAPFJOPHSD|PEMIXOORXAHUSL|SQMGCPHFHQGPIF|SSHDNSCEQSPWIM|VJZKQVOURLBNBU|YTXIGTCAQNODGD
7be35afed8b1c053efba746b,riken,DBCAVZSSFGIHQZ|OZPNYAHEDUKMPF
7bf70144458711fd6209b85a,riken,HVYWMOMLDIMFJA|JOGLPTTWXBWTKD|OOADLWBTJWWEHC|RFDAIACWWDREDC|RRHCDWLSHIIIIT
7c026196961fc0b9fa15b77f,massbank+msdial+riken,MHSVUSZEHNVFKW|NTLXEWYXJAAKIX
7c1bdbfd41e0f44d544ec296,msdial+riken,MXTLAHSTUOXGQF|UNORIIWPFZFSEC
7c1d1b4e69c91e76a2f6a5fb,pluskal_ms2,CPZAMXPSKJHXDK|ZIUUKKJPDHFWDQ
7c28993d30b251f5a6f97661,pluskal_ms2,DQXDPHKOEHMQIV|LBKDYFOSBMAOCG
7c352968ea0900dd7d38e5eb,pluskal_ms2,NTLPDOCUKAPZHD|QCOVZSWIZFLYDN
7c35a4c91b279bba983eefda,riken,NTSAVLDATFYUQZ|OQANKTWSGPYURN
7c3676651efa56299bcb6279,pluskal_ms2,AVKUERGKIZMTKX|OFBIFZUFASYYRE
7c3d6f972d4946d3341c6587,riken,BTPYUWOBZFGKAI|WEKCEGQSIIQPAQ
7c5213b2721ca78a4e05def1,riken,CWBZAESOUBENAP|FQTLCLSUCSAZDY|YIIRVUDGRKEWBV
7c9bf65962467183525f9e98,pluskal_ms2,DJPUZFZJFKCELR|YOJLMXSXDFOSLI
7cc49ff95d89abc122dd8086,riken,CXSXBHMYYCPTHP|HGJXAVROWQLCTP|HMMGKOVEOFBCAU|PSOUXXNNRFNUAY|WFRQIKSNAYYUJZ|WMSZDXQCLFUBAQ|XYNPYHXGMWJBLV|YMGFTDKNIWPMGF
7cc856fa5e8f1e07c95349a1,riken,AMOGMTLMADGEOQ|BOPIMTNSYWYZOC|CULUKMPMGVXCEI|PJTYPIGQKDTERS
7cc961f53b3e01de2dfb097b,riken,APMICFQMLNFXRZ|YEHDMSUNJUONMW
7d024ce31bc2f564324693b6,riken,UXLGTGPMUITKPA|ZAYYDHWLJXZASK
7d121399d3839ce7224ab909,riken,ARDWXVOOPZYQMS|QVGFPTYGKPLXPK
7d133442834e295b340a5f64,riken,AKPBFKMZYCIIQT|SLJTWDNVZKIDAU
7d4b57f4ce263988c1dd5be5,pluskal_ms2,SVPTYFQAPONVFM|XGDDRSKSXHDPMQ
7d55bc68cc5be32a0631784d,riken,BMCZTYDZHNTKPR|FXUVJKGSDBTXTJ|HXPXUNQUXCHJLL|LCAZOMIGFDQMNC|LLEMSCWAKNQHHA|XPMQJVHMFLZDSA|YJWBWQWUHVXPNC
7d6903a088c9a7736a8e9354,riken,MCPFEAJYKIXPQF|TUFBUBIMKZRZLD|XPMQJVHMFLZDSA
7d70a7db253499a6c8578b38,riken,ACVGWSKVRYFWRP|HGJXAVROWQLCTP|PULWRMOKQNWQBD
7d75c4f236de211baf696357,pluskal_ms2,MLFSXHUGNVCALM|VOVAQGOCBYJSHC
7d78e19f460fc67b043d5a43,pluskal_ms2,IFQGGAHTPJSUOS|NBEYHLRJNTUBRR
7d8a0816847571208e2a51b4,riken,CBHCHIRHODOGAA|INIACRGCTLLWRM
7d8c5be45f7a927ce4f59f30,pluskal_ms2,KFAGUWAWGZOSNX|MARFXICSYVXYRU
7d8fdd74d1f1b75e2547826d,riken,AOWRAYJMTOYETH|VTNHVQOONVRIJY
7d99b7971f986fd341e5f6df,massbank+riken,CIGNZXWBHKAMIO|MBLBDJOUHNCFQT
7da7222bd752581d90f0c3be,riken,AAGFPTSOPGCENQ|NJPDRQDELKMUTI|NRPRPSMFVBRREK
7db2c19a07c0f42ab8de75f4,riken,XIGBHUXQOPWGDK|YVIVANDTNNUXRH
7dcee2475ead15507dbc0bcc,riken,GOQYKNQRPGWPLP|HNZUNIKWNYHEJJ|XEZVDURJDFGERA
7de046c55c7893a2cd399398,pluskal_ms2,QYYJSDXZRBUBEA|XWTZGTOHLQUYIO
7de5c4ac0bd52fd1ceb8030c,riken,UDPFOMKNYCYJOB|XBYUUOMUOFZSBJ
7e0cf2da897b5e88af2edfe2,msdial+riken,AQYCMVICBNBXNA|IBMRTYCHDPMBFN
7e179bb6744d608dae9adb8d,riken,MOLPUWBMSBJXER|YQNLTBIQEYMXGA
7e1a0297e693320ffde2f26d,massbank+riken,GZSOSUNBTXMUFQ|GZYPWOGIYAIIPV|KQNPFQTWMSNSAP|NFZYDZXHKFHPGA|NLAWPKPYBMEWIR|NODILNFGTFIURN|OIPPWFOQEKKFEE|OLOOJGVNMBJLLR|QOVKKEKBURQILF|QUQPHWDTPGMPEX|UEDUENGHJMELGK|WYQVAPGDARQUBT|YDDUMTOHNYZQPO
7e1ac7e091bb518148a39269,riken,HPXCSOULTKVTSY|KRVIIMWSCXORIQ
7e4e65bdef93af4d611df9b6,riken,CZSBHMFVVLYIQQ|FVWJYYTZTCVBKE|GFPLPBCJRRNZHM|LRDNJNNYFPAACE
7e4e99c9718deaaad2d90a84,riken,AGBQKNBQESQNJD|OFOBLEOULBTSOW|RBQNDQOKFICJGL|YQUVCSBJEUQKSH
7e541afba8b40e6d4f5e3ea8,riken,AMXYFWUYMQOLRN|KQSFNXMDCOFFGW|RINHYCZCUGCZAJ
7e690895bebc9cee2f4d2702,riken,CGGWHBLPUUKEJC|FBSFWRHWHYMIOG|FSBUXLDOLNLABB|FYQXODZRNSCOTR|GMNAPBAUIVITMI|JYGAZEJXUVDYHI|KGEKLUUHTZCSIP
7e84f712fea7631b049e5567,riken,KIZBWUUJNJEYCM|YRAQEMCYCSSHJG
7e9462ef134e958cccd9b7d0,massbank,GCPWJFKTWGFEHH|HUPFGZXOMWLGNK
7eb392482fe12de72850fd0a,pluskal_ms2,SIVKHOSFHOJITQ|YFISZQQDGWSXEE
7ec1225d90fea8534659badb,pluskal_ms2,GXOIDTTXZUMBPM|HTFUIYOLZFXOMK
7ec44b55a1b7e7eca5edad7e,gnps,FELGMEQIXOGIFQ|YBBLVLTVTVSKRW
7eec8715beb577680b4cc3ae,riken,GOHMRMDXUXWCDQ|YDQJABBOEPTJBN
7ef5f8729b07ad808bd429ea,riken,FCCUWKPTCIBKQH|IYPYOSNUSXBFTR|XQBCHNNUNJCZAU
7f0103ed046b01d809f06767,pluskal_ms2,ATGOUMQDRBWCTG|IVNCONQKTFXXOW
7f084f1c53a1bc375e056fb6,riken,ALYHYIXFUOUIHJ|BFUJHVVEMMWLHC|BXBGUZJWTCKDJY|ILUJQPXNXACGAN|MHJLKHNHGMUAPQ|MXGAOIRJBACCEY|NDDIECMNVNWXSH|PHLXREOMFNVWOH|PQOCSSYRLUIAGG|PRAUVHZJPXOEIF|ROTMXRXTGVWUHF|URKUMPTWTITVCL|VELYAQRXBJLJAK|WYKQPGOKTKQHQG|YBCOIJNAMJAFSO|YGVHOSGNOYKRIH|YMGIZFOKBPQFPX|YRECILNLFWZVRM
7f0ad6239b2dbe6621b659d4,pluskal_ms2,IXCMDAVKOFJIMK|KLUICKAWWIGDCB
7f0ed8ee1a0501d392b00097,riken,CIUHLXZTZWTVFL|HRLFUIXSXUASEX|SHCBCKBYTHZQGZ
7f0f5546c331958e0eb04844,pluskal_ms2,JPWHBACOLDQDLV|SWSAOHQFTLUUDS
7f190e4d5fbbf3857ab6f2c4,riken,PLGBHVNNYDZWGZ|SHCNCWNJFICBJU
7f3d0220578739d123e3cb41,riken,UXGMXDXDOQAYAD|WQLVFSAGQJTQCK
7f41a086b1b2a1b66e8575e4,riken,VTRDANCBYRZCRZ|XVPVVWNZAJAPLF|ZVTVWDXRNMHGNY
7f483635589e210da447cb76,gnps,CNBMQDMRPDUMDK|KYNHWVSHYKPILI
7f4a2ae045db05498309cc31,riken,FPECZWKKKKZPPP|WHFUDAOCYRYAKQ
7f4ba09933771ea0cf25ea2b,riken,FNMHEHXNBNCPCI|PYXFVCFISTUSOO|RIXNFYQZWDGQAE
7f60ed5972e9df125d2f0639,riken,RMCRQBAILCLJGU|VNONINPVFQTJOC
7f61df9bd2eb95acf2b4440b,riken,VHXNKPBCCMUMSW|YCDZBVXSGVWFFX
7f660e404f558762ba2d3f44,pluskal_ms2,KGVFDGQLEUSHLJ|YLHQKKNDZBJXHR
7f6cd273dee20f448e5ff831,pluskal_ms2,BQSJTQLCZDPROO|DQDAYGNAKTZFIW
7f6ef9abccca4fb0c821b0bd,pluskal_ms2,UZEXJPKANLDXBC|ZGKPVKPCZOURSR
7f70d4faa38b7ee43b2fac14,pluskal_ms2,CJAUFOVBHHUUKK|WGZJUIFMNFDPBT
7f73fe1d373cbc5469c1fd5c,riken,ALYHYIXFUOUIHJ|APZYKUZPJCQGPP|FQEQMASDZFXSJI|GGQVPULXXVQLRT|HNJZOHHIXSIJFG|HSTZMXCBWJGKHG|INYYVPJSBIVGPH|LFYJSSARVMHQJB|LLMCZIBSELEBMK|OJYLAHXKWMRDGS|PXJBXRNJLOOPSH|QGVLYPPODPLXMB|RKFAZBXYICVSKP|SMZYCXAYGPGYRS|WYDPEADEZMZKNM|YBHILYKTIRIUTE|ZJDFNIHQCHHZGU
7f78083e59b7c7e8761fba2f,riken,ACNHBCIZLNNLRS|FEPAFOYQTIEEIS|HTNVFUBCWIYPJN
7f7c908f780b8c21280f622f,msdial+riken,HSNPMXROZIQAQD|QBYUNVOYXHFVKC
7f7d425d97e9bf913fa26872,pluskal_ms2,IYYKIRSUZICUEO|KXLWPFYBKZYMDQ
7fa3d9b9c18db063755453c1,pluskal_ms2,ISGYBTOINXAQJG|SKDFIOGACUNWTR
7fb028a240c1e336047ad877,massbank+riken,FHHRXCGEIWKTJD|IQFYYKKMVGJFEH|ZGYSTIMSSGRLDA
7fe0b8f49b188a0e3ffd904b,riken,RTZKSTLPRTWFEV|RWNHLTKFBKYDOJ|UZIOUZHBUYLDHW
7fe13ec093a86877ad130d36,msdial+riken,NNJVILVZKWQKPM|NQRYJNQNLNOLGT
7fe2045c0986bf09e917ff35,pluskal_ms2,LWZDCFBWESPALX|PGBRWDIOAWHWOX
7feb8541ff6fab57e88b5d6a,riken,CXMXRPHRNRROMY|MNRHZPCIEGLWGK|YYGNTYWPHWGJRM
7fed5e50f0e7f6b2614972f6,pluskal_ms2,BNWOSCGZGKVWJU|QGDQWSUJMRTUGB
7fff27b9f1ed64e539261789,riken,DFUXHMHWOWANRY|WURLGASLEZVNHV
8008f8bbaa269eb1c61f6d65,pluskal_ms2,ADXGNEYLLLSOAR|LQHDJQIMETZMPH
8017c6e30a5ce1c67fcf0bb5,riken,HCGYMFPNEDDKQY|SIBYGGBNBRCVQI
8020b8229b7a48a3a531e724,pluskal_ms2,LBKRFFPVBWDSHN|WYNUVWKXIBKXMI
8029e151803f23f2d3cd2e10,pluskal_ms2,MXZHGEUHVJJDMO|ZBXCRJAIKRDJTP
804160c7fb36b27ae8304d91,riken,KPKYWYZPIVAHKU|PGOYMURMZNDHNS|VATOSFCFMOPAHX|ZSBXGIUJOOQZMP
80476536465e8216e500a03c,riken,IOKLSJZBRCYLTH|NQXYVTIQDNOHFM|SLRUNSWMCGKKPV|UAHWPYUMFXYFJY|ZPWPIKNEPPRDSS
804a3eec14f66982a31a7806,pluskal_ms2,CKHRRUPQQLGEHE|QUYQIBRSKHHZSX
806060022be5e19dcb2638ca,riken,FTVKHUHJWDMWIR|OUGNWRCWQLUXHX
80628537def9e5622668dbc5,pluskal_ms2,HNRPWGFGJPJRIF|YXKQETMOWGGWEU
806c41ef7df8e8867811d713,pluskal_ms2,CTDUTUBPYHGECY|OPWRQUSOICEUQL
8071d12febf242e3d8e4487a,pluskal_ms2,ASRXEZIKGLIGGL|VFWXVTFDHYMRIG
80743a7b9d29e87b196acf3e,riken,WCGUUGGRBIKTOS|YWPVROCHNBYFTP
80756128ca75219c5f66f02d,riken,LBHYRBPEXITYTN|VLLFEMVDMFTBHG
80985954766a2266ef5f7fcc,pluskal_ms2,IJEBDOXEOQAYMU|RWRQKEULWOCFAP
80a0d42158f24482ff949f84,riken,OFUWGCQDMVDLIR|YOTUXHIWBVZAJQ
80aba7bf5c2641cc8a539e75,pluskal_ms2,WQZGKKKJIJFFOK|ZFXYFBGIUFBOJW
80b1542dc3c1cbaf5aa67572,riken,AEQDJSLRWYMAQI|AJPXZTKPPINUKN|GPTFURBXHJWNHR
80c2bf777f0d6851010ad415,pluskal_ms2,ZAFCVSPWRSRKMO|ZOUUDYRXEPFXDI
80c32fb2f580599dd0fe0271,massbank+riken,OTKTUNJJKYTOFF|QEVHRUUCFGRFIF
80c46299b9eb735507c889da,gnps,LTXREWYXXSTFRX|VKXWOLCNTHXCLF
80d42f49396a1486798c9224,pluskal_ms2,CDLVEAFEZZYVQC|FAGMBGNXGXFVRM
80dacb4c893101d6c894b61e,riken,CUFAXDWQDQQKFF|HTBWBWWADZJXID|INVGWHRKADIJHF|PEUUVVGQIVMSAW|UCZJPQIEFFTIEV
80f0c951e74a772a0b2e9af8,riken,KKPKUPKKMALLKG|WZVMMFZPSBXGQY
80f97412a9382c026ffbd43d,pluskal_ms2,BMCAADNYJSYKBY|FQECYODDXMQVMR
810be0075847b2b2b39d9598,riken,ARFRZOLTIRQFCI|BERNCPGDRADLCG|DLVLXOYLQKCAME|FMTLOAVOGWSPEF|GMCGZPQYTRHQRU|GPLOTACQBREROW|HUOOMAOYXQFIDQ|IUSZMBXMNBITIK|JBFOLLJCGUCDQP|JDOFZOKGCYYUER|KKSYAZCUYVRKML|KTAQQSUPNZAWEY|KWBPKUMWVXUSCA|LNOHXHDWGCMVCO|MMTWXUQMLQGAPC|NEJKEXUJCSYMCC|NSEWTSAADLNHNH|OGYXOOJUJQIDOX|OIFVLHZEBAXHPM|OTUCXMIQUNROBJ|QPHXPNUXTNHJOF|RJANATGWWPNKAL|RMIQIULKBBCLIL|TZJALUIVHRYQQB|WYKUTTFFZMQCGO|WZAXZHIVHPRTIU|XRYVAQQLDYTHCL|ZBXWGKPUSLRPHX|ZEASWHWETFMWCV
810d7771f2cc0fa550186663,riken,AQASRZOCERRGBL|LLJUCXMVRPAONX|OXVUXGFZHDKYLS
8110b3c99b49ac41ea3ac0ac,riken,CFUPNMDNSQIWBB|YXHVCZZLWZYHSA
81116baab6357fc5b26d9b59,riken,ASUTZQLVASHGKV|FVFSMBDVZVUETN|HCUSLQJBGQJQCB|KPKYWYZPIVAHKU|WRYJYFCCMSVEPQ|XSQFDXNJFMCRGJ
8118486b91751befbac9d519,riken,JJVSDUQOSRRODQ|SCXRWQXEFHYUBB|TZRVSGRFVXORLD
812297b82a702ae6fb652d84,riken,LRRDDWMXYOSKIC|YCXRBCHEOFVYEN
812785bf5e6aa58b13a941cc,msdial+riken,IQPNAANSBPBGFQ|LKOJGSWUMISDOF
813b49ef78d7a18d0dcf69c5,riken,ALWVJGZIYSIJGR|GOOFZOQDLIMARN|KJHRDNNKNHKYDW|KQKIBPHENIYGEF|NAUZBQMEOYSERD|VTRDANCBYRZCRZ|WAZQKBSNIFTXNV|XVAPNQFQPDAROQ
813c21822dfdeb57b951864c,riken,UKUDZBHSBMEUCJ|XVOHELPNOXGRBQ
813f1b3dd6e96834a7cdcadb,riken,BMCZTYDZHNTKPR|FPJQGFLUORYYPE|IQDIERHFZVCNRZ|LCAZOMIGFDQMNC|OLZAGZCCJJBKNZ
8146c1a9756944593f5fc6c7,riken,BWHZPGDZTFVUJN|JLPDBLFIVFSOCC|VTRDANCBYRZCRZ|XVPVVWNZAJAPLF
8152719b0545f68d43c87435,riken,UTGUKTQOTCXQJK|ZPWPIKNEPPRDSS
816ba1f9831f19af212276b6,riken,ASUTZQLVASHGKV|FVHFOJVXQABRQG|HPVWWHYNAAZHQR|IUSBVFZKQJGVEP|JNRJLCSYIQFLDS|KEOITPILCOILGM|OFEZSBMBBKLLBJ|OIVDEBIGYOTPKV|OTJBXGAQAVEFCP|RSWGJHLUYNHPMX|SWZMSZQQJRKFBP|TURHTASYUMWZCC|VATOSFCFMOPAHX|VQQGPFFHGWNIGX|WENNXORDXYGDTP|WRYJYFCCMSVEPQ|XSQFDXNJFMCRGJ|ZFXYFBGIUFBOJW
816e104cad96038800537ff2,pluskal_ms2,HFRYZYZRMDGKCL|HZJZVVIPCWEXBW
81723c9a3b7f85b454c0df3d,riken,ALYHYIXFUOUIHJ|YGCYRQKJYWQXHG
8180a62d984638356c5bdfad,riken,FYQXODZRNSCOTR|QCQGNTXXPCJRFZ
8195fe03b1c3c56b1a033606,riken,BPGBDEHBHGXYDZ|PEYODCCEJQCEBL
819e9eedafdcabf0813b190e,riken,CTGCWSGMWONEJE|KZMACGJDUUWFCH|OCFIUNGSKQZESJ
819f33abe4df851e21fcec9b,pluskal_ms2,GGEYBVAPNCCXKQ|OSFYWKJULMWTDG
81a853400ff630cfee7aa389,pluskal_ms2,FZDNVUUSLMMINZ|MOIVLJTXVOWXCD
81b2a515b9dd56f88b390675,riken,JKQXZKUSFCKOGQ|MIJYXULNPSFWEK|QMQIQBOGXYYATH
81c233b63590cd2f1865dce5,riken,DTTPWCNKTMQMTE|FVFSMBDVZVUETN|FVHFOJVXQABRQG|GKRBWXABVALDGQ|GMTJIWUFFXGFHH|GRTOGORTSDXSFK|HPVWWHYNAAZHQR|HRYLQFBHBWLLLL|IUSBVFZKQJGVEP|JNRJLCSYIQFLDS|KEOITPILCOILGM|KPKYWYZPIVAHKU|NKTORRNHKYVXSU|OIVDEBIGYOTPKV|OTJBXGAQAVEFCP|SWZMSZQQJRKFBP|VQQGPFFHGWNIGX|VUEGHZSQVJADCO|WRYJYFCCMSVEPQ|XSQFDXNJFMCRGJ|XVULBTBTFGYVRC|ZFXYFBGIUFBOJW
81c4691ca5fe8eba00129eca,pluskal_ms2,IBSZGTKGJHXGQJ|YVWHTPKOIYVQNZ
81d39b71acc96d65cc4baaf4,riken,GZIFEOYASATJEH|LEVWYRKDKASIDU|LWCKQMHMTSRRAA
81d52894b1c8a8e95390304f,msdial+riken,OGURJSOPVFCIOO|RKUNBYITZUJHSG
81eb37b244ca20d255ca4178,pluskal_ms2,JDNHQANVCKLXRQ|YZOQSKZLTMUEER
81f8a7d756898cac71a6f3aa,riken,PHFUCJXOLZAQNH|REZQBEBOWJAQKS|WFRQIKSNAYYUJZ
81ffde5de4bb67a6f0b9a5ea,riken,HPNSFSBZBAHARI|PBSOJKPTQWWJJD
8204d9246d036977b5282c9e,riken,BVMLCXLUJCAZQK|OFOBLEOULBTSOW|PWNTUQHZNAMVQO|TZXKOCQBRNJULO|UZBOWOQARWWIER
820bc4e20f7e4972fd0bc020,pluskal_ms2,GNFHAPQGOWHXGO|UCMKQKNCNBSRHR
8210caebac34925a7c54169d,riken,IXODJGLAVBPVSW|NWBWCXBPKTTZNQ|YMWRMAOPKNYHMZ
82146288c7fe4aa62a5d9a45,riken,MMTWXUQMLQGAPC|VEVZSMAEJFVWIL
821769c7ca723a3e7bab74ac,riken,RJWJHRPNHPHBRN|VFLDPWHFBUODDF
822086edd60af3c3b812b561,pluskal_ms2,GDVMMPACXKUSLT|NKJUHJLRKSNMAM
822afffb16a6d8232321489c,riken,KWIUHFFTVRNATP|WKOLLVMJNQIZCI
822c70f6a544293cf6316416,pluskal_ms2,AWCDYQKWSBGEIU|FVEPDFGUWHLKEB
822d7e7afa74d1f95b184cbb,pluskal_ms2,CKHRRUPQQLGEHE|QUYQIBRSKHHZSX
82314bce8221c8b021837520,riken,NXJYJHDDQUZYBZ|QWQSMEDUZQDVLA
823168cbbe841478182ec0f6,riken,BJJCTXDEJUWVIC|GAZDXIGXYWVWQX|VFZIJLPRJAQGFO
823d4535925a8173cfa84dcc,riken,KPKYWYZPIVAHKU|PAXNVPZJVMRVBU
82457b64b80522172f1f5c44,riken,DSVMWGREWREVQQ|FBSFWRHWHYMIOG|RETRVWFVEFCGOK|XLPAINGDLCDYQV
824f0878a96ba6c2722ea527,riken,GLACGTLACKLUJX|IWEIJEPIYMAGTH|QPAKXSCQEJXHSW|RGHHSNMVTDWUBI|VMMVZVPAYFZNBM
825caf25973599eb85b24b53,riken,GLQYFMRUYWFXGT|GSSPKCPIRDPBQE
8270fe6ebaac2bb5202df38b,pluskal_ms2,TXXYLOMHCHZXPU|UVLDZZAYYQKDSL
827c040a1641d2772cf05f25,riken,JWCDJOWFOVBBCP|KGBSGBJFEOXATN|KQKIBPHENIYGEF|RTNZWGMBYCVCPK|RWXIFXNRCLMQCD|VFUPDGRCPOEQAB|VTRDANCBYRZCRZ|XVPVVWNZAJAPLF
828079c725581c9842dd8d57,riken,NNRLQJLRICHBII|YSXNEFJASLJGTK
8283a30871c07c5da07d9b61,riken,CTUJEHJOZXGIIE|HJTVQHVGMGKONQ
829bb4286e4e5f7589828dbc,msdial+riken,ATDWJOOPFDQZNK|CWBZAESOUBENAP|UNLDMOJTKKEMOG
82b75209bfd77cfbdf6fe964,riken,DQOHLVPBHZDXQR|HULMNSIAKWANQO|MPDVSGSUYGUBLA|NKMVPHNGKMCDLC
82c93661ce197411e4415b74,riken,GSSPKCPIRDPBQE|UWKQSNNFCGGAFS
82d34964f17484b3e0ae1752,msdial+riken,IKGXIBQEEMLURG|XCTGXGVGJYACEI
82f59f11eb76d8e488a2f9bf,riken,CQLRUIIRRZYHHS|SDHTXBWLVGWJFT
83064c4eb55acee7dd7efeb8,pluskal_ms2,AUPVXELYDOKUDB|RSHLQDXUKBUQRK
8307a6261d0e52d47562397d,riken,DEYFVOXDNWADAV|JFIHYHJHQKUDKD|NBWLCAPFQGXOGJ
8309ee45a2b4b52efa0a45a3,pluskal_ms2,CYSUIINROVMDJX|ONHPDZODNAKPDV
830a6db340a5497cba453e34,riken,AEQDJSLRWYMAQI|RDUAKQUSLVHHOC|VHXNKPBCCMUMSW|VXMOIPRQSYFTHI
831945d20a8ed1c1d99b6acf,riken,BHUIUXNAPJIDOG|GBADBFAXAWZGHM|LSGKMZLPZFPAIN|OOIMOWCIYNEWCF|ZJCUUXGLZWBCIL
831e13afaaa28456e0850338,pluskal_ms2,HCHVXLFBJWXJNF|NBRUSFWGKDEKQS
8335b7f6543e4f10ced457f3,massbank+msdial,LDHQCZJRKDOVOX|QUOGESRFPZDMMT
833773ff085093dc176fd039,riken,DAXYUDFNWXHGBE|FQTLCLSUCSAZDY
833de643a5142896ce964a6b,pluskal_ms2,NCCUROCZYCSKOD|PEELMVUBOGZJLX
8355a076103b74c8e5974901,riken,BXTNNJIQILYHJB|NNDOCYLWULORAM
836b88434c3d79690aeaef2d,riken,NAHTXVIXCMUDLF|YBCNXCRZPWQOBR
836e135dd57619c4bfbe88c5,riken,LTMHDMANZUZIPE|VUOFIHCZMOIBFY
837b4095bba4864ae1081bad,riken,SLRCCWJSBJZJBV|WJLHDYQXCJXZGV
838ff0c18227061047ee14d8,riken,UXLGTGPMUITKPA|ZKLSVVSNZGPHRI
83935652a19570efda965c10,pluskal_ms2,RYFIZTWMSCXECD|UUCAMRNBHPIFAB
8393e8d50f56dd0deb83a96f,riken,CZMVEBBPDBROJA|WGZOFZHJJGGXQB
8394701ab88a6a35de5b5bf1,msdial+riken,HSTZMXCBWJGKHG|SYEHHMRXODULBY|UFUVJROSOIXJGR
83993815080d9d376c9617a1,pluskal_ms2,DLMICSWBTHJZTQ|QQCFKULMRLDOEG
839da20d0ceb46b7f01d4ba5,riken,JMSVCTWVEWCHDZ|OVBPIULPVIDEAO
83a1b4a1c0815ac3c9701cef,riken,VOZHMAYHYHEWBW|YPMOTUXWPXDQDJ
83a3a0200ca0cd638bf0bb0c,riken,AEQDJSLRWYMAQI|BHPGRVQWTLDDQX
83abf055e7d0856991121702,riken,BHPGRVQWTLDDQX|HXWLKAXCQLXHML|PEMIXOORXAHUSL|PTPHDVKWAYIFRX|RDUAKQUSLVHHOC|VJZKQVOURLBNBU|VXMOIPRQSYFTHI
83ac98ae1c7df08e13f83bc7,msdial+riken,PEFASEPMJYRQBW|SQOJOAFXDQDRGF
83ace5e8b9c5d8bc727f5523,pluskal_ms2,AMXCTLDSFXUPOC|UYDSWRORAHRACW
83b4979dfae195215fd61f90,riken,BMCZTYDZHNTKPR|CWVRJTMFETXNAD|DDNCQMVWWZOMLN|HXPXUNQUXCHJLL|OLZAGZCCJJBKNZ|RDJAFOWISVMOJY|WYKQPGOKTKQHQG|XPMQJVHMFLZDSA
83c4651ee5bb207ac347211d,riken,PWMWFOWSRFRPQK|QBVHCHNPFRRZHI
83d7e12b63cf0415d8549142,riken,GIJHDGJRTUSBJR|QNFBKOHHLAWWTC
83d7f0eaf66369bec88d85a9,pluskal_ms2,CMUNUTVVOOHQPW|PHIQHXFUZVPYII
83d8a385be83cff060d5698c,riken,CWBZAESOUBENAP|FQTLCLSUCSAZDY|LDJDMENPMPQEFY|MUCRYNWJQNHDJH|QKYMKDOHBLWSEL|QURCVMIEKCOAJU|YIIRVUDGRKEWBV
83da96948a744eeec8a3ea17,riken,DKEZDPGUJMMUCC|JQEFRKPLHFKTFL
83dac7f7a117de92c044a1c2,riken,ARPGURKWJGBPTN|FNMHEHXNBNCPCI|GKAJCVFOJGXVIA
83e345b84aa0f6bc942304a3,pluskal_ms2,LDEMKQVEUQTLTJ|XCUTWOJRCRSBLM
83e6aa3a51d5a6d8c7e91473,riken,FFGGWIVHOGEVSP|VMLJAWUWVVHRNG
83ec5e74f3928c442ef76c0c,riken,OQANKTWSGPYURN|OVFPMQHQVREOIF|WDTAJXMIXADUTH
83f1575720d009c2c6660567,riken,IMQLKJBTEOYOSI|NPJICTMALKLTFW
83f2c10c3044b08d3aa541d1,msdial+riken,TZBJGXHYKVUXJN|WEPBGSIAWZTEJR
83f3524b29ebb577037399f5,riken,JNPXCTROEJQHKD|SVXJDTNFJXKATR|VEVZSMAEJFVWIL|WVRDOLPMKOCJRJ|XUWSHXDEJOOIND|YTZSBJLNMIQROD
83f9d586a8c89871ff0abaad,riken,WVULKSPCQVQLCU|XPMQJVHMFLZDSA
840fea44d88817a9673181a2,pluskal_ms2,HLLHAJRFISSLTP|OTAXASXLOHHSEU
841116a74a8aa823cd932e1b,riken,MLVVTNIFHMERMU|RJANATGWWPNKAL
8411d6723fc1f283593b021a,riken,FCCUWKPTCIBKQH|IHYUCPYKBNICIV
8414318a712f1cef2240e4ab,riken,CLITZDLAUPSELL|GJOCOWQRASAGSS
8424b4a62a8f54044818e524,riken,AYHCPTDPDUADTK|QWWPCQGHWWNGET
842b3ffbb870e239dc53b582,riken,AQASRZOCERRGBL|IIQSJHUEZBTSAT|QGMUCGXWCKWHRJ
842eff5210043673ca13b87f,pluskal_ms2,AFZNMIWQLZFBKP|GJDZZCAMKXIUQV
84337e08f08d8e0fa00cdff7,pluskal_ms2,OQNLOMPHYCOESK|YAFCYESBJWJEMX
84369f0c44cb370b5300d42e,riken,DSVMWGREWREVQQ|FYQXODZRNSCOTR|JYGAZEJXUVDYHI|QCQGNTXXPCJRFZ|TWSZDJCOYVYRGM|ZTVSGQPHMUYCRS
8439869238598f35314f7003,riken,ISQRJFLLIDGZEP|QRIAWCUEIMQLGG
843eb94b3a0ac0bf30be72e8,riken,OHDPFRGZBUACTR|PHDZNMWTZQPAEW
844a69d566ea0da0c15afb7e,riken,JNPXCTROEJQHKD|JRIBPWOXWIRQOQ
8453c77e3c72fcd3efe50b81,pluskal_ms2,ROLXKNVKUSEZFO|XNHRGYMFGWBADJ
8461b18695ea78bb481afa02,riken,OZXFMXVSIMKHPG|XUFQPHANEAPEMJ
846360b0feb02bad4e00a229,pluskal_ms2,MOHGSMMTQPPBRA|UAQPQLSIUBYIKF
846b1aeda5fdbe2d0e7c6db6,pluskal_ms2,JVZPGYIJXCWFMH|PBFBWKUVMUZLGD
848d74dbb744b2a4f343bdc5,riken,ALYHYIXFUOUIHJ|APZYKUZPJCQGPP|HJRVLGWTJSLQIG|HNJZOHHIXSIJFG|JBGSWIBJAGBGOP|KYWSCMDFVARMPN|LFYJSSARVMHQJB|LLPWNQMSUYAGQI|QGVLYPPODPLXMB|RKFAZBXYICVSKP|RWXIFXNRCLMQCD|SSBZLMMXFQMHDP|WYDPEADEZMZKNM|YBHILYKTIRIUTE|ZJDFNIHQCHHZGU
848ddac4a76b4fac0eabc738,pluskal_ms2,KADNASLNEZLISD|ORSCGZFGPRIFNA
84940a3bed0a9fe556550c23,riken,DFPMSGMNTNDNHN|GOQYKNQRPGWPLP
849532d54d99aa555fcc2c1a,pluskal_ms2,JPWHBACOLDQDLV|SWSAOHQFTLUUDS
8497ba3e07970820a4bc0a34,riken,INBSFHNHCNZEOY|NBGQZFQREPIKMG
84a285e06a0b41f93258db0c,msdial+riken,DUEPRVBVGDRKAG|WWROGCAUSKGAMX
84a651633228f7e2bbb82c55,pluskal_ms2,WBFAVGUESWCDPL|WPTPUPGXMPKMND
84a96adcea6969576aae136c,pluskal_ms2,CEIYBVJDLDUALL|ONBUDYDHHLFSPZ
84c59859ed521b890fe42e2a,msdial+riken,LZERJKGWTQYMBB|WVKDAMAQNQRJFP
84c6cfadcba340d4b51bc202,riken,FHIJMQWMMZEFBL|GSKWIWOAUZQVES|IUKLSMSEHKDIIP|MQDZZCJYWRZONM|NJUXRKMKOFXMRX|PHLXREOMFNVWOH|TYPSVDGIQAOBAD|YBCOIJNAMJAFSO
84c87148c3b41379024af5b8,pluskal_ms2,PQSIXLOUDAFRSO|ZOWWBCZXWIOJOA
84c8a57e2790b6f0cb2c7dd1,pluskal_ms2,CMSSEWKMARZAAP|LFHYGZREUWMTMP
84db4fececbc6cf3c305545b,pluskal_ms2,QYENEJZFFZRKRV|XMZWMRWRPXRDHL
84e83cd629c2bc43a26bbb54,pluskal_ms2,BXSWNEVPGYRLEF|MTIQGFJEGKOVQK
84e89dd8ec0a67487f0b98cb,riken,FIAAVMJLAGNUKW|UKAPHSQFHWHBHI
84e90db9105b7497e509c7f8,riken,DRTQHJPVMGBUCF|KKSYAZCUYVRKML
84ed41e51df966239cf759c5,riken,LLPWNQMSUYAGQI|WRYJYFCCMSVEPQ
85082cb70337812716071c7b,gnps,ACCFLVVUVBJNGT|UQTPDWDAYHAZNT
85267180804a63b1c4eb060d,riken,DQYACEDUQHWXQZ|IGZFQTYIXILLMB|LAFYUFZYMDYGLR|QVUPQEXKTXSMKX|WHWWQGPCTUQCMN|WYKUTTFFZMQCGO|YLTPWCZXKJSORQ|YSXNEFJASLJGTK
852d8d971bfbbd6be764ba54,riken,JLSKPBDKNIXMBS|UFKTZIXVYHGAES
8532f6f89a87bb4c6449de16,riken,REZQBEBOWJAQKS|XUARCIYIVXVTAE
8533c7204e2a5e6da0e54bfd,riken,GINFBXXYGUODAT|LSHVYAFMTMFKBA|QCQGNTXXPCJRFZ
8540783603b411c9a33636aa,riken,KISYRRMFQYIIFQ|YUSWMAULDXZHPY
8547fc5106a631923749fbe8,gnps+spectraverse,ADBQVXKITABCKH|JBDCDOBVMZPGJA
8549d375510745831671556f,riken,IWMZZZKMYAZSLW|SIAOBOFCVOQCCL|UNCMRQFSKAVFQU|XFSBVAOIAHNAPC
85537bb29063762d6b9ea1ca,riken,LINCEHCWNRFISH|WEKCEGQSIIQPAQ
855ed3f144f16701fab0cb0c,pluskal_ms2,BMCAADNYJSYKBY|FQECYODDXMQVMR
8565c8d3248a15c077237c54,riken,GVTRUVGBZQJVTF|VJSCHQMOTSXAKB
856daa8ec0b180f8037cfbf7,riken,GCMGJWLOGKSUGX|YCOZIPAWZNQLMR
85722ffed037cf716914a732,riken,AUVVAXYIELKVAI|CITHEXJVPOWHKC|SVHJCTSSYQPWEV
8577371f1bc10e28226a0819,riken,IRGFNBRYIWLUOO|LAFYUFZYMDYGLR
85776f9fb9980e49bf4456d6,massbank+msdial,RDUFWJSALXDELV|VIROVYVQCGLCII
857ef33df1deffa1da5f97ea,pluskal_ms2,CQPNHLMWWVMZRW|NMRMXCLXYLASKB
8584be74cf660088d6f45ade,pluskal_ms2,UBYKKSNRJIVBEI|VROHGNXCTIWHOM
858520a6537a2101b51867a7,pluskal_ms2,JHFTZDIBPBWDSZ|ZWOBLPRWICPDNF
858a45f0d1f8f151b6ab8464,riken,IZODPOCIKVLNIL|UTCJVDFLMODHQX|ZJMLELXRQUXRIU
858fa023fb54c81d1e670746,pluskal_ms2,IJEBDOXEOQAYMU|RWRQKEULWOCFAP
859cec93aef18da92774c87e,pluskal_ms2,GIEHYCZYCZPMNY|OSTLIPJEMYVALT
85b85c5f700d1e27beca6006,riken,BLZGPHNVMRXDCB|TZUGIFAYWNNSAO
85c5ea51bd61a6e3fe3d0f75,riken,NKTORRNHKYVXSU|WZUVPPKBWHMQCE
85cd126706667a3d33530afd,gnps,AVSXSVCZWQODGV|INBGSXNNRGWLJU
85d4ba03860691147325ae90,pluskal_ms2,WRLZUQKRFZQYDV|YLMGWNNPZYWBMT
85dbf40bc7937835fd0e138e,riken,CNNRPFQICPFDPO|FZAGOOYMTPGPGF|LJOQGZACKSYWCH|LNJTUUHDKCPQAA|PEYUIKBAABKQKQ|RKFAZBXYICVSKP|SLRCCWJSBJZJBV|UNLDMOJTKKEMOG
85edc224e7001fbf47164eba,riken,AYWNHWGQTMCQIV|SLAWMGMTBGDBFT
85edfbd302f27cec90e4f858,pluskal_ms2,DFSNUDFNCOQUSJ|LXVCQCRSHWSFRS
85f0f11a44651544468aa784,riken,HVPKALQHGQMJER|UEDUENGHJMELGK
8602f896779dabe18f8d2d34,pluskal_ms2,AIJMJWLEFKZSRF|GFRLHYDLHJNYMU
860cc12164ee1b7c8c14fd6a,mona,DYSDOYRQWBDGQQ|VQAYFKKCNSOZKM|ZDSMLAYSJRQEGM
860d6184a576ef9dabe206a4,pluskal_ms2,WRLZUQKRFZQYDV|YLMGWNNPZYWBMT
861a15dfa2bfd74038c2a7fb,riken,FFWOKTFYGVYKIR|KVOJTUXGYQVLAJ
861c2baeeff79f192cfeafbe,riken,CITHEXJVPOWHKC|HDWHBDOGVXCYAX|HMKTWGVEVBAHME|SLJTWDNVZKIDAU|UAHWPYUMFXYFJY|WRXVPTMENPZUIZ|XLRHKPTXMXNAGC|XSMQPVSPOJTVQR|YQHAWUJDYLUTMU
861e43c7ffd2beece9c767d0,gnps,IPRJXAGUEGOFGG|JPMIIZHYYWMHDT
8622415e8a6f6d301f58f5cc,pluskal_ms2,DQUMUIPQPPCWPO|PACZTINKMITFPU
862c255409c969817e705549,pluskal_ms2,DEDXOELQYHNPFM|LVKRLQCGHRMNRC
862d16c4e2dee1f8d7cdb8e5,pluskal_ms2,FJINFEYFWRSHHD|IBHWHGVQKKGSCA
8632546b47e541b7c32252a4,riken,UGQMRVRMYYASKQ|XZVXEPPPQBLGMQ
8632c456492532214fde000b,riken,BCJMNZRQJAVDLD|DCBSHORRWZKAKO|GSKWIWOAUZQVES|HPSWAEGGWLOOKT|KRQDMAXNTWLTDZ|XRVOHZOREFBBDX|ZRJBHWIHUMBLCN
863a2d524270a65edd243c8b,riken,MWAHYWGUPMVQHH|PZRHRDRVRGEVNW
8640bd1a04038c6f5bfe980d,riken,KRKNYBCHXYNGOX|PWAOOJDMFUQOKB
8647cf76fe94ea2cb4d4bb7e,msdial+riken,IMIDOCRTMDIQIJ|WJXSWCUQABXPFS
864ffb64e8d96940e5ab2a3e,riken,OIRDTQYFTABQOQ|WQEPLUUGTLDZJY
8653c252cba7be2e05bcbe65,massbank+riken,JJPSZKIOGBRMHK|XBFUIGXPVNIXDF
866aea7ef6ea8075692c52c8,gnps,ITOJSSZNFNNLGQ|UVAHMTDZARCXIG
867c7349f00b84f0e51201d7,riken,FQTLCLSUCSAZDY|GKAJCVFOJGXVIA|QURCVMIEKCOAJU|YIIRVUDGRKEWBV|YJWLCIANOBCQGW
867cf2316666cf8ec4c0e500,riken,NVCXJOMKWUGCGR|QBILRDAMJUPXCX
8687f47bf7b3d29dcf44e147,riken,BGTCFSJRFQXBHW|PXQNZQURQNZGKZ
86944497953cdc35092b805a,pluskal_ms2,GUGOEESGYHJVJH|LJUFQFXDVDKVNZ
86957f5d5042963aa170d68c,pluskal_ms2,NHCTVQJSTWXMPT|WSZNMVQDFFEQCM
869a492d79fb0f3bef512c55,pluskal_ms2,NCCUROCZYCSKOD|PEELMVUBOGZJLX
86a048da2696376730a87024,riken,AGIQIKMGJVLKMA|CMLFXLQIXVGGKS|RAPZEAPATHNIPO|SFEUTIOWNUGQMZ|XYYAFLHHHZVPRN
86a1bcd2926c28bf2e296d5d,pluskal_ms2,FSTDRNWTSCJIRN|SGWCGSNQYPEXBO
86a33df3251f30341731b850,riken,FCPYAOYFEWHACB|WGTCMJBJRPKENJ
86aa35cbb52ff959da1d002b,riken,MGSRCZKZVOBKFT|MRIAQLRQZPPODS|VFLDPWHFBUODDF|WGAGIALDHUDRIR
86aa725dbf8c76a530e1903c,massbank+msdial+riken,XNKLLVCARDGLGL|YEDUAINPPJYDJZ|ZCGNOVWYSGBHAU
86b74be1baf7cdf79df091bc,pluskal_ms2,IJHZYWWUHYHEBJ|IJYIHKVWARMNQZ
86bd05172a341212865e3314,gnps,ACCFLVVUVBJNGT|UQTPDWDAYHAZNT
86c2ccc2599e376868b6c535,pluskal_ms2,BFYFOWQTYQCJAF|KBDPQBSWAKMASY
86c785a61040fc8eb09b529a,pluskal_ms2,KOJNQFFODPLEAZ|ZTNKAWJJXPYVLP
86cc9b2bc6dc9c84b53c968b,riken,HNOSJVWYGXOFRP|RAQNTCRNSXYLAH
86cd5a530c5e2b9640af3145,massbank,CXVGEDCSTKKODG|OYIKARCXOQLFHF|YPJUNDFVDDCYIH
86d03a165f7969c0ebcf6ef6,riken,GKAJCVFOJGXVIA|WJLHDYQXCJXZGV
86d2f83a7ee4abce6b53d43e,riken,RERVSJVGWKIGTJ|UPUMEBJDZQEUFC
86d5885646f12592bc6e801e,pluskal_ms2,DBOUYKVZAOOEBJ|NRCBCYLHFAVANS
86db15e1af0013b4a88e600f,riken,CIKNPMUSQDPKAK|DKYDTFCHFHKRQH|FEIHRQSTXZRGQD|JSIGICUAXLIURX|KUNIPLHOIJFHHR|VYQZKFDYFAVOLO
86eaef95d797ba2d6c0ec12e,riken,LZJRNLRASBVRRX|PYBFXJMIKJNNAJ
86ece77f316bae8103744cbd,pluskal_ms2,AEGMTRFJZYFDRR|XGJHIUYQKVQASN
8704fbb5ab31c2b0dbb203a1,pluskal_ms2,AAHYTWRSQZFZCM|UJYUJDHVBRLJHG
8708e42598707ec464885a47,pluskal_ms2,PHNVWMHNNLEDFP|QNMJKUBLULVVIA
870e86d6657c30c035e2f62e,riken,BZKDCAIDWFPAGZ|YBNGMTPOCJXHDM
8736ddeb9a738a22ecb584c4,riken,JNELGWHKGNBSMD|NQXYVTIQDNOHFM|SNKFFCBZYFGCQN
8761caefb01d93e715550f88,riken,FIHJKUPKCHIPAT|LFKQVVDFNHDYNK
8768604e4dbdb60ba175d40b,gnps+massbank+riken,JVMSQRAXNZPDHF|LPWXFYAORWQVNA|VTWDKFNVVLAELH
876a538f4d47a11357015061,riken,DJSISFGPUUYILV|GRBHNQFQFHLCHO
877024eed32f8e4c18d16cb7,riken,MDWIGGAVQHTZTG|WNIHEQITLFEBKU
8770f5f9906fc6c079e00117,riken,DJSISFGPUUYILV|JPUKWEQWGBDDQB|LZERJKGWTQYMBB|NNDOCYLWULORAM
878a20cb466f3bc9ad9eee77,riken,PEWFWDOPJISUOK|ZZMNWJVJUKMZJY
878cc17de71c05c3d59274c7,riken,KJNAEXDMQJHQJL|ZAYYDHWLJXZASK
879d18c30126c08adec062aa,pluskal_ms2,AFZNMIWQLZFBKP|GJDZZCAMKXIUQV
87b4bb4740d3e866e7d858d3,riken,VVBWBGOEAVGFTN|XOJVHLIYNSOZOO
87b783d104f24caf3760b8e1,pluskal_ms2,MEDLHXNJCIBFNL|SSEXMUKRNXSQFH
87b90e04864532a2895e417a,riken,KGEKLUUHTZCSIP|NFWKVWVWBFBAOV|YJBXPWORXXQARM
87bffbde23baaf8c62f3be58,riken,VENRSYBHHVDBDC|ZUADKIVUCPFXDX
87c6962379567e73114d6fb5,riken,NLOAQXKIIGTTRE|ROCUOVBWAWAQFD|RPPYCVULPFKBOG|SVHJCTSSYQPWEV|XAIUTKHLNZBMEG
87c700c22d14a45e718c9846,pluskal_ms2,CJQKZZRIKGCEPB|WSZAXICPAZNABD
87d50651e8cb764471feb8c2,riken,OOADLWBTJWWEHC|WXDLBYTWLXNNTA
87e17b36437e893ba2b6622b,riken,ATLJNLYIJOCWJE|PJQLSMYMOKWUJG
87e7e626084dadec3bff8548,riken,BROOMPUVDPTGEG|BTPYUWOBZFGKAI
87ea023d557de379bb827a42,riken,AGIQIKMGJVLKMA|OGEXJTAHQKIXJL|RBXVTEUAOTYIME|SHCBCKBYTHZQGZ|VVBLNCFGVYUYGU|WBFODTMGDIEMJU|XYYAFLHHHZVPRN
8801399008d19a87b36b8441,pluskal_ms2,GJJUCNKPFCXAOS|XMKBWMNDONVUSR
8804bebad0a5d177d4b30c21,pluskal_ms2,MPTHRYMEZLSXLR|RBQDSPWDBOODHS
8805e3cc348f862fa32382de,riken,AUVVAXYIELKVAI|AZKVWQKMDGGDSV|CJXMVKYNVIGQBS|DCYOADKBABEMIQ|GMBQZIIUCVWOCD|KQNPFQTWMSNSAP|NLAWPKPYBMEWIR|OLOOJGVNMBJLLR|XZVXEPPPQBLGMQ|ZYGHJZDHTFUPRJ
8806cc6d01011ac39bcf2c9c,riken,GVEICTMRUVWSCF|QUQPHWDTPGMPEX
8819a0d2b9a866d4e7fc53ab,riken,WEHZDNHJZBEGME|WHICJDPSYBJDEN
8832d90b47ed1ffe00d99626,riken,KUYOHDBLZSPZHG|ODMURDDTNPVMMD|RPLMLWBOUPDPQF
8836d6d9720e3989c32bf0d4,riken,AGBCLJAHARWNLA|PHLXREOMFNVWOH
884d9f1606507d40ec9086ab,pluskal_ms2,GGEYBVAPNCCXKQ|OSFYWKJULMWTDG
884ecde25af601b023e9d3a2,pluskal_ms2,GZNVOMWIPLIKDM|IAGMYQWCKILWNO
884ee9cb96ad1f606b4d3741,massbank+riken,ACOHTHIEFMWBRC|AFEDQRGFPHITIL|QBHDSQZASIBAAI|VFMMPHCGEFXGIP
88559bc6462b73fc6a959524,riken,AAGFPTSOPGCENQ|FBSFWRHWHYMIOG|FYQXODZRNSCOTR|JYGAZEJXUVDYHI
8873d75ac53f56b7e8a8b320,riken,GMBQZIIUCVWOCD|YSXNEFJASLJGTK
8875b92123ebe76a37023ed6,massbank+msdial+riken,CXMXRPHRNRROMY|GKUMMDFLKGFCKH|JLIDBLDQVAYHNE
8882c0c63d290661d1a59da4,riken,SLJWCCMDGTZEGQ|ZJCUUXGLZWBCIL
88840869faddfb4e56a37426,riken,IKGXIBQEEMLURG|NMLOPXSNELFOLK|SEBFKMXJBCUCAI
889355149914063036f0f3f4,massbank+riken,HFGSQOYIOKBQOW|YLHIVIHHVKLKEI
8896e13152d161248417a49c,riken,FHIJMQWMMZEFBL|HPSWAEGGWLOOKT|XKHCEDYSKNATME|XWMMEBCFHUKHEX|ZRJBHWIHUMBLCN
88a6cce19207e795157c20ae,pluskal_ms2,BNRJQSFLRQUAIH|YYXKGGZPCAXLIY
88cb40cf9053777cbd48d275,pluskal_ms2,APPSMRPOZOOILN|QNOQKNYTTJIAFL
88cf5b044cb3aab1306e4761,riken,JMUOPRSXUVOHFE|KFVUFODCZDRVSS|VKOBVWXKNCXXDE
88d28927ea4c3f80657f1306,riken,ADFOLUXMYYCTRR|CSWXLMRNEHKSSN
88d4537615dd4d9be19213fe,riken,NQWVSMVXKMHKTF|OLARKEMZPWGFJU
88d6884a568322d1c87cd161,riken,PXQNZQURQNZGKZ|SQKPHECGTGXVQW
88daea14353fc5ed29dc24c3,pluskal_ms2,IJEBDOXEOQAYMU|RWRQKEULWOCFAP
88e6de4a635399efbeeea594,riken,ATEFPOUAMCWAQS|GZYPWOGIYAIIPV|JWVYQQGERKEAHW|KQNPFQTWMSNSAP
88eed2d15daee00f8643f7fd,riken,GLQYFMRUYWFXGT|UPUMEBJDZQEUFC
88f0a9178e9eb41a03b9b37f,pluskal_ms2,LHIMNNALUHPRPU|XYLLJSHRRXJODP
88f8ff45c395c86e14ff81e8,riken,WAZQKBSNIFTXNV|WNGVOVVMNRIJOX
891aec2842bd04d2fdaa790d,msdial+riken,OQYBLUDOOFOBPO|ZQSIJRDFPHDXIC
8921209082bb44adbe5f0267,massbank+msdial,IDNSGZOFDGAHTI|TYFQFVWCELRYAO
8922b974aedfbc6f7667a21e,pluskal_ms2,DLMICSWBTHJZTQ|QQCFKULMRLDOEG
892834cb779de4894f6903b5,pluskal_ms2,BVHCIBPROINFPQ|CRAONLIHLOSKGE
893ff7f6e771729992da3517,riken,ALWVJGZIYSIJGR|VTRDANCBYRZCRZ|WDTAJXMIXADUTH|WGAGIALDHUDRIR|WZOBJNOPFAHZTE
89439ba1d026c327be904f85,riken,FYQXODZRNSCOTR|KGEKLUUHTZCSIP|TWSZDJCOYVYRGM|UPROOJBJZLZCGS
89498aae6bded3314fee9738,riken,OZBAVEKZGSOMOJ|SDHTXBWLVGWJFT
8950941eb3f43f66d2d8c3b8,pluskal_ms2,JWSUYYYSEWWBFM|RWCMOQXHIDWDDJ
89547359d946fba5fbb8d9bf,riken,ALKTVPFKDYZFGA|DLBLMTCYISHWGP|FTVWIRXFELQLPI|UFKTZIXVYHGAES
89964448b1b53e272b7689dc,pluskal_ms2,PIUJUNVLYQQMDL|UYKSDDCKLQPYOZ
89a59e701cd038485793684e,gnps,FMSHWNOHSPTSBU|YBAYIOHQXVTOSN
89be25f789d58f7b934c4272,riken,AEDDIBAIWPIIBD|UCDVIBNDYLUWFP
89d4d80c4608491f62b3df8e,pluskal_ms2,JWSUYYYSEWWBFM|RWCMOQXHIDWDDJ
89d6b01007adac6ca883e789,riken,FELCJAPFJOPHSD|YQNLTBIQEYMXGA
89e1b536ddd8bf29aceae7b9,pluskal_ms2,KBORUZAANHVCGZ|QPBUJNUECVGSHA
89e9c31f536c68d0856f911e,riken,FRMCCTDTYSRUBE|JYEDISZKFNNREA|SOVOCMGDFRGRKF
8a006bb3543f9402e3b7ae01,pluskal_ms2,PBAPPPCECJKMCM|SVOQIEJWJCQGDQ
8a1c21dfed854bdbe0127c9e,pluskal_ms2,OOODLVHUPIMLDF|RLYRFMQTCQDVAL
8a23e916b17e938759ba99c4,pluskal_ms2,RUYJGQYYWHXUAC|VVXFICIRCAZKBJ
8a2553e06b5e8df7e4ea1c45,riken,GVEICTMRUVWSCF|ILRCGYURZSFMEG|NCAZLDCEJHFJDT
8a29ef387aef1c1ed4c20d6e,pluskal_ms2,BNWOSCGZGKVWJU|QGDQWSUJMRTUGB
8a34e69469f6184e4a9e4535,riken,ATDBDSBKYKMRGZ|ATEFPOUAMCWAQS|AUCGRWHWAGXNQS|BNMGUJRJUUDLHW|BQTYHFZQSAKNQU|BXKNQKQIBKBMIZ|CQLRUIIRRZYHHS|DGDWCRWJRNMRKX|DRRWBCNQOKKKOL|FCVHQMAHORAAKT|FOUMOIACEBZYPT|FVWJYYTZTCVBKE|GEZBXBRXWZJSAV|HAVWRBANWNTOJX|HGJKGQUGPACAGO|HOEVRHHMDJKUMZ|HPWWQPXTUDMRBI|HULPONUAINYLQQ|IECPWNUMDGFDKC|IKGXIBQEEMLURG|IMNIZYXAQQBADI|IOIBVYOJSLAKRI|IOKLSJZBRCYLTH|KPKYWYZPIVAHKU|KRYFHYSXWHRZKT|KWDWBAISZWOAHD|KYPPZUHEYJBGDV|LATQZYGIAROYHX|LLVOJEYSNCNXJN|LSHVYAFMTMFKBA|MALFODICFSIXPO|MBYNDKVOZOAOIS|NNOQXTZBOCAPIN|NYOGAOMLDBVPKF|OAVAUZCEOWCYCC|OOAFHWZQYGAPFW|PAXNVPZJVMRVBU|PXZBXUACWJKEFM|QAMQEWPHZSRJTN|RAYQKHLZHPFYEJ|RBFNEOONBAEQRW|RIGYMJVFEJNCKD|SJBUJXPYPGGORF|TUFBUBIMKZRZLD|UDUSXFYYMKDBSJ|UQCUBQIHIKJPHI|VEUCARGUUJVDOF|VRDCOPNSCZLBLD|VSIAVKJNOAFUKA|WHTZSUJONCYCML|WMEBIWWUBWHAOJ|WURLGASLEZVNHV|XELXKZJCZXSVKJ|XJMPAUZQVRGFRE|XJOTXMLDNWCDRH|YQHMWTPYORBCMF|YYWGABLTRMRUIT|ZGYSTIMSSGRLDA|ZOLVWZHOOPFGPM
8a3f26d7826a9c5bc86b66eb,pluskal_ms2,FBPWQTPKRIOQND|FMTMJKIHEXJPOW
8a68193abd31a15a272f2a89,pluskal_ms2,RUYJGQYYWHXUAC|VVXFICIRCAZKBJ
8a6dfba602f4cb92f131a243,gnps,AANLHOVYRNPCCG|OIHXHHOMMLHVNS
8a6e383218a357a451f6c204,riken,LNYMNCSNEKIYJD|UYXBVRMASFBLKM
8a7e30754909a19fd3adcab6,pluskal_ms2,JUUDNBKOOJEVBA|UTKXNPBRSKXJEW
8a7f3ad873336a73e2a4268b,riken,JKQXZKUSFCKOGQ|MIJYXULNPSFWEK|QMQIQBOGXYYATH
8a83a1874c0e2913ce03c443,gnps,XGYGEAWFUZQYSS|YNARFWWBMMQRTJ
8ac534c7c955edfe5e8dcdf7,riken,IDGXIXSKISLYAC|QLJNETOQFQXTLI|XPGSBXDVYMXNBX
8ac9e8bfe5fdb668c330f71b,riken,LUADJIBUFOIMNV|YBJHBAHKTGYVGT
8ade9c5fd55b94d24bf9c368,riken,BHPGRVQWTLDDQX|DFDVWAJDFYYBAC|DKEZDPGUJMMUCC|KLQXMRBGMLHBBQ|QOMBXPYXWGTFNR|RDUAKQUSLVHHOC|VHXNKPBCCMUMSW|VOOYTQRREPYRIW
8ae0398883e8b55e793c60de,pluskal_ms2,IBWGYBLOTXJRTJ|WTABTGPEIIWEOZ
8ae556c7cb3791a798f66da2,pluskal_ms2,IJHZYWWUHYHEBJ|IJYIHKVWARMNQZ
8ae8801df85d01022dc6c24c,riken,XUSTZFGBQSSEAX|YTXIGTCAQNODGD
8aedffcf3773660179ffe835,riken,JZWZFNOVWZEQMF|LSHVYAFMTMFKBA
8af15e886cd9aae9031f93a3,pluskal_ms2,DEDXOELQYHNPFM|LVKRLQCGHRMNRC
8af9cd8bf50f6bd31b5cd91d,riken,FSBUXLDOLNLABB|PXOYOCNNSUAQNS|QCQGNTXXPCJRFZ|UPROOJBJZLZCGS|UVJYAKBJSGRTHA
8b0f2048968417253f5d3491,riken,QXIPXNZUEQYPLZ|SCULJPGYOQQXTK
8b2ea5ca53a4707e5444ce4b,riken,MDWIGGAVQHTZTG|RCKVHVSVSXHFLH
8b3121b240746de257a57437,riken,DFNZYFAJQPLJFI|OFSZOCPGPLMCBG
8b3b5e72d5e3dc179568cdfd,riken,CTJZWFCPUDPLME|FURUXTVZLHCCNA|HLHZQJPJPNQANY|KQNPFQTWMSNSAP|MGJLSBDCWOSMHL|NLAWPKPYBMEWIR|ODBRNZZJSYPIDI|OLOOJGVNMBJLLR|OSELKOCHBMDKEJ|PEWFWDOPJISUOK|UEDUENGHJMELGK|WBYWAXJHAXSJNI|ZDOTZEDNGNPOEW|ZNEIIZNXGCIAAL|ZYGHJZDHTFUPRJ
8b4a287827c2b57b595011cb,riken,CRDAMVZIKSXKFV|FVWJYYTZTCVBKE|GOQYKNQRPGWPLP|YCOZIPAWZNQLMR
8b4a46b29897f663a7e904cf,riken,ANKZXIMZBGQTDU|CLITZDLAUPSELL|FKSGZFHITNNKNJ
8b4cbb3c79a4bd09a2015b5b,riken,OBVFJCCARDWRFB|SMLTWMLPLYCADB
8b568fc42df51ace33fccd47,riken,BWHZPGDZTFVUJN|XVAPNQFQPDAROQ
8b5eaa016e7eccee61c1982e,riken,CXSXBHMYYCPTHP|HGJXAVROWQLCTP|HMMGKOVEOFBCAU|JAYVHSBYKLLDJC|PULWRMOKQNWQBD|RSIWXFIBHXYNFM|XYHOBCMEDLZUMP|XYNPYHXGMWJBLV|YMGFTDKNIWPMGF
8b707d289b6bfa34c4dab816,pluskal_ms2,CMSSEWKMARZAAP|LFHYGZREUWMTMP
8b7c1181adee3eb7d6e256ce,pluskal_ms2,QOULDAAJNHMZIQ|YVUFWUIPUHCKKA
8b7f02908ba9a55095be526b,riken,LJOQGZACKSYWCH|ZDZSFWLPCFRASW
8b8037bf20364ac1a0164c39,pluskal_ms2,UMAUBHJCQBHBNO|URBVIUXMNISQPC
8b88e0742aa06161c83f9b65,massbank,GTVWRXDRKAHEAD|KVMPUXDNESXNOH|RXPQRKFMDQNODS
8b8af9d5e98d8e5c44960637,msdial+riken,CJBDUOMQLFKVQC|DIVQKHQLANKJQO
8b8d11cf415256f31272d35e,riken,KQSFNXMDCOFFGW|XSLKAKROJKMHIT
8b9368fbcf5c336a04ce037b,gnps+msdial+riken,JANLDILJJLTVDB|SMEROWZSTRWXGI
8bb6516b92266c93764a3fc4,pluskal_ms2,CJZQIBXSWCBDHI|PHOIWKDWWOGHBI
8bbf140eebcf56658ae76db8,riken,OADZSFPWAGMTDV|RPMNUQRUHXIGHK|VVOAZFWZEDHOOU|XUSYGBPHQBWGAD|ZTHLHHDJRXJGRX
8bc52fb653b40ea1f996e6ca,riken,CKDDRHZIAZRDBW|FNMHEHXNBNCPCI|QISXROCIXKXUPS
8bd4eddcb4397888fb811807,massbank+msdial+riken,CMPQUABWPXYYSH|DTBNBXWJWCWCIK|IRLPACMLTUPBCL|OINNEUNVOZHBOX|RQFCJASXJCIDSX|SUHOOTKUPISOBE|UCQFCFPECQILOL|UCUNFLYVYCGDHP|UJLXYODCHAELLY|XZKIHKMTEMTJQX
8bd74aec7fdf157821158f2d,massbank+msdial+riken,AEMRFAOFKBGASW|XBDQKXXYIPTUBI
8be4941e8bf83dbb8fd437f7,riken,CXVOPJQBVVUOTC|PAXNVPZJVMRVBU
8bf637e339a8f4b036c2a526,pluskal_ms2,BMOFKTDBQRITMO|DSPAICDFYLGDQU
8bf94399372941cd8b4be630,pluskal_ms2,BXSWNEVPGYRLEF|MTIQGFJEGKOVQK
8bfacddc129050be74929451,riken,CBRIPBVLBHVFML|MIJYXULNPSFWEK|QMQIQBOGXYYATH
8c16d1b617db72ffb44bb187,riken,KXWIXAUYMFNOKC|NKTORRNHKYVXSU
8c1b21a786951455b9636a09,riken,JDIORNFCMMYMLF|VQEONGKQWIFHMN
8c1ba71ba47c64e8df784695,riken,CLOQVZCSBYBUPB|VTLYEMHGPMGUOT
8c1f0c45a3dac711a2842d7b,riken,JPJDIOVDAAVUNF|KYWSCMDFVARMPN
8c2399e50e7cd8b442e65239,pluskal_ms2,NZCIONSHJHDGFO|YTHSDGLNDXPJAJ
8c2bb28a79025cc2a791d9bd,riken,GRTOGORTSDXSFK|HRYLQFBHBWLLLL
8c2c5d9420bbb34b5f3afadd,riken,ATQBPBZOVWXRTA|PYXFVCFISTUSOO|WJLHDYQXCJXZGV
8c3f608687492325f04f91aa,riken,CIKNPMUSQDPKAK|CKSNMFLZWZXKGH|MLEBJDOVTWPMQD
8c4ca182de65d25f78478053,pluskal_ms2,MLFSXHUGNVCALM|VOVAQGOCBYJSHC
8c63d60bb2ddb1ab3af5caf8,riken,SQKPHECGTGXVQW|YCWDWJWRRMHVMZ
8c661127d29749af54cce362,pluskal_ms2,RADRBZBLNXVQEU|VGGGPCQERPFHOB
8c7aa47154b23daf1276c702,riken,FBSKJMQYURKNSU|GLWPLQBQHWYKRK
8c7b526578722edc3a0e64ba,gnps,FELGMEQIXOGIFQ|YBBLVLTVTVSKRW
8c86d370190a9479ac18a006,riken,BVIAOQMSVZHOJM|TURHTASYUMWZCC
8c891abd13840dcd6fdffd30,pluskal_ms2,VPPIIDNRSOUYGK|WJZLFPKLYHSDCA
8cac409b8edf944a1acce4ba,massbank,AUYYCJSJGJYCDS|NTHXOOBQLCIOLC
8caf101f98d4786c2b830e2d,pluskal_ms2,ROPKCVZEIICLDZ|ZLKMITJMEUQHAQ
8cbc72f320b01fe2de53e71b,riken,OXLDBLCHXXJJPD|VDGOFNMYZYBUDT|VZKYMUDKBYLYJH
8cc2818dd9992c92e0009d58,riken,FJQKXKNZQQBTDD|SKXWDGDNWBYACJ|VSNATUGVSVGFFN
8cc40eab7ca10bd51d92fdf3,riken,APOGLVUGPAVNAP|DAXYUDFNWXHGBE|MXXWOMGUGJBKIW|PMVCHAWVCIWVLP|RKUNBYITZUJHSG|SWOVVKGLGOOUKI|VRSRXLJTYQVOHC|XVOHELPNOXGRBQ|ZVTVWDXRNMHGNY
8cdfc67fc18959cae96412b1,massbank+msdial,FSYKKLYZXJSNPZ|QNAYBMKLOCPYGJ|XOAAWQZATWQOTB
8cf12cb19b881e7cf87a05fa,riken,SEBIKDIMAPSUBY|UEHILKCNLIKLEV|XJOTXMLDNWCDRH
8cf4dad54783b5cb92f05c63,pluskal_ms2,GTVMCVFIGSCERF|PSEBDGBXQNJMQF
8cf5ae1d698e41e045e9aaf6,gnps,ADXGNEYLLLSOAR|LQHDJQIMETZMPH
8d0370aa8c4fd4355bd326f6,pluskal_ms2,HNRPWGFGJPJRIF|YXKQETMOWGGWEU
8d05c5f12f5aafbed7565fa3,massbank,IVUXTESCPZUGJC|YABFPHSQTSFWQB
8d0832347b4916e5c8174783,gnps+massbank,NXHFPNVCAZMTSG|XSQUKJJJFZCRTK
8d1227c6e858421e0b79aaef,riken,HJBUYKZTEBZNSH|OFSZOCPGPLMCBG
8d1b874de58ca06e08d5adf0,riken,BROOMPUVDPTGEG|CZSBHMFVVLYIQQ|DDDXYRAMQRKPDO|GHBNZZJYBXQAHG|GLYPKDKODVRYGP|GXAHUZMCACKPFI|HVPKALQHGQMJER|QSTBHNPMHXYCII|RCTKRNCKOYYRIO|SNKFFCBZYFGCQN|UEDUENGHJMELGK|UJZQBMQZMKFSRV|VJEMOEYSQDKAQF|XGVBNFXVLFKPCO|XUHJBXVYNBQQBD|YZNCIXVBVQRGQN
8d20a489d6365b1e959e6c14,riken,DQOHLVPBHZDXQR|KMPWYEUPVWOPIM|YRXDKQKYWMHRSY
8d3453dea0046b0aa349a620,pluskal_ms2,BKCDJTRMYWSXMC|BLQYVHBZHAISJM
8d3bd22559d1e3a443909cd3,gnps,AKNNEGZIBPJZJG|IOUVKUPGCMBWBT
8d3da7a9ab49cfcca9233903,massbank+riken,CWVRJTMFETXNAD|NESMDKFCXPKLCY|RJANATGWWPNKAL
8d4db4faded4deb7c9e5a0d1,riken,SQKPHECGTGXVQW|VPJCTVQKHIFWKJ
8d5043801cbbde5b87808b01,pluskal_ms2,KFAGUWAWGZOSNX|MARFXICSYVXYRU
8d53537e7abae352e6b32ad7,massbank,DDLIGBOFAVUZHB|JDNLPKCAXICMBW
8d59ccfb554726f48a0fa1bc,riken,LVCXAKWFQYYXLU|PXQNZQURQNZGKZ
8d5bd8404cb88c2573545e4e,riken,AIGAZQPHXLWMOJ|AMXYFWUYMQOLRN|BLZGPHNVMRXDCB|GPFNSVXDXCMNOL|GYOGHROCTSEKDY|KGGGRGBDMBZXKF|MSSYPWFHLFBMMP|VZRKWGPIZJDNHC|XAIUTKHLNZBMEG|XCUCMLUTCAKSOZ|ZPEADZHVGOCGKH
8d62afcebb887a7d3c37b90c,pluskal_ms2,NNWHUJCUHAELCL|UQVKZNNCIHJZLS
8d8cca61d9be3271d2e0c2b3,riken,PENSQRMNZZWMGV|UAHWPYUMFXYFJY
8da734ddc61998b8c4f97d2b,riken,PHLXREOMFNVWOH|SGQLWFYYEYBZNX
8da874babe76077260a32c41,riken,WPYJMNHBYFFULY|WXDLBYTWLXNNTA
8daa6bca0c761ae2bdef8dfb,riken,OFSZOCPGPLMCBG|OZBAVEKZGSOMOJ|QLKSLGRVBGVPPG
8db2a9b787639ba8177da7c4,gnps+massbank,JDFWAYHAYKODRR|VOWAEIGWURALJQ
8db4d92fd7c3761984ac33b4,riken,DFUXHMHWOWANRY|RVLHHZKCFQNHII
8dbc0c4e61317f3a7124e088,riken,KLAGYIBJNXLDTL|XOJVHLIYNSOZOO
8dbc1b8b318e678b5822f8de,riken,QQHJDPROMQRDLA|WBDNTJSRHDSPSR
8dc38111ff3b8f794fd95390,msdial+riken,AIFCFBUSLAEIBR|DDNPCXHBFYJXBJ
8dd63a5ae7c906890b51767d,riken,BWHZPGDZTFVUJN|OVFPMQHQVREOIF
8dd8e62510e741d907493701,riken,BGTCFSJRFQXBHW|DCULYKVTBAXAER|VJILFEGOWCJNIK
8de42435006bc7c69c0ab090,riken,ALUBZGFIRHMLEY|DLBLMTCYISHWGP|IHUNBGSDBOWDMA|XGVJWXAYKUHDOO
8de5e02a8d4c9c8309def2db,msdial+riken,FOHXFLPXBUAOJM|UIDGLYUNOUKLBM
8de97a66a3d4f9ddd749bcb9,riken,IDGXIXSKISLYAC|VDYCLYGKCGVBHN
8deac3f325af2b49027f1916,riken,KWDWBAISZWOAHD|ZVTVWDXRNMHGNY
8e008bf102ec94f9be028e0a,riken,CDDWAYFUFNQLRZ|LLMCZIBSELEBMK|YYWGABLTRMRUIT
8e0461e7cca04921e2ae6d48,riken,JPJDIOVDAAVUNF|OBVFJCCARDWRFB
8e12a4910502c3a74822979e,msdial+riken,FXFHFOSEURHWMO|PBSOJKPTQWWJJD|SLMFLTPPPXRYHP
8e276b450f0a11b6e3f3c8dd,pluskal_ms2,NJBYUTOWPHROOF|WLCDWHOAVKKKDI
8e48d95af74a35ccd45a8196,pluskal_ms2,FJABZNARGCQYHI|IBHPQPWGCJIELA
8e4c9f8f1d817bd69121aae2,riken,CNHACNVJEKRLHF|SMLTWMLPLYCADB|ZOLBWQPEZBEHMV
8e56a0465aa4844f8d859911,riken,AQRVLANKVSZHSJ|HVBACKJYWZTKCA
8e64b8f4de3a2d85dc226ba4,pluskal_ms2,BMOFKTDBQRITMO|DSPAICDFYLGDQU
8e64cc9d59b202146d6230e6,pluskal_ms2,DBOUYKVZAOOEBJ|NRCBCYLHFAVANS
8e76b9cabede5e672232348f,riken,AALLCALQGXXWNA|CCRXMHCQWYVXTE|DIEUZIPSDUGWLD|FEZDDYPHEHMXLF|FJHBVJOVLFPMQE|FRMCCTDTYSRUBE|GCJWPRRNLSHTRY|GMTSSMHLANUOGS|HHQJBWYXBWOFJY|JYEDISZKFNNREA|KTZNZCYTXQYEHT|KYELXPJVGNZIGC|KYFBXCHUXFKMGQ|LMEHVEUFNRJAAV|NGFMICBWJRZIBI|NRPKURNSADTHLJ|QASFUMOKHFSJGL|RLDVZILFNVRJTL|RLVCFPDMEANTCJ|SOVOCMGDFRGRKF|XJIPREFALCDWRQ|XUCIJNAGGSZNQT|YOSRLTNUOCHBEA|ZPFRAPVRYLGYEC
8e77ba6414fb0983b1836141,msdial+riken,LNTHITQWFMADLM|VOYCJQSSBDMXNQ
8e818a0578d2914216d2c82a,riken,IAOZJIPTCAWIRG|QMGGMESMCJCABO|SBGHXFWRTKOHQM
8e81a30aa32c893a5b60ba9b,riken,AFEVCSJFNQWWDF|OZJXTWMDBPQRGI
8e8fa2091a4eae7f6bea3074,massbank+riken,DHYLGBJCEGEBGQ|FURUXTVZLHCCNA|MJBPUQUGJNAPAZ|NUVBSKCKDOMJSU|RWNHLTKFBKYDOJ
8e8fee36f87b6b5cfa961690,pluskal_ms2,GGEYBVAPNCCXKQ|OSFYWKJULMWTDG
8e910f2b9a5608f49e22cebc,riken,JMFRWRFFLBVWSI|MLVVTNIFHMERMU|YYVYAPXYZVYDHN
8e9c147ea30a43d518e56957,riken,UPUMEBJDZQEUFC|ZCEMXUNJITYHIZ
8eaabaa6fe7cbda5a1da4921,pluskal_ms2,DDKPCMRNWZNSAC|XRPKCGAOHAAMNS
8ead845ef816ad726efc9351,riken,OLZQTUCTGLHFTQ|QQVIHTHCMHWDBS|WPYMKLBDIGXBTP
8eb3847612b480da772b414c,riken,IMQLKJBTEOYOSI|YURJSTAIMNSZAE
8eb8fd3300729d031bf7bfa0,riken,BLUAFEHZUWYNDE|OJPLCPBWIQWABI
8ec6ec64930bd1e0fc091d1e,riken,BLZGPHNVMRXDCB|HRLFUIXSXUASEX|QQKAHDMMPBQDAC|SHCBCKBYTHZQGZ|VZRKWGPIZJDNHC
8ecd9ebf8dca75686cceb79d,riken,DAXYUDFNWXHGBE|LPHOGVFYEBRXSC|SVHJCTSSYQPWEV
8ecea52f77122aa409b2353f,pluskal_ms2,OQRHZAAKVGLWAJ|WAMDKICNFZXPIA
8ee279b31c2246087f42c440,riken,AYHCPTDPDUADTK|CCRXMHCQWYVXTE|KYELXPJVGNZIGC|LMEHVEUFNRJAAV|RLVCFPDMEANTCJ|VCMMYRWIEZCYDK
8eed29f32c46c639e5e78b4b,riken,FBMORZZOJSDNRQ|LNJTUUHDKCPQAA|OHVJCFZJKPEJRL|WTFRADBWXYQLMA
8ef287c86dab6e0ce8aa5be0,riken,COICYYHTLYZMEX|CQLRUIIRRZYHHS|DEYFVOXDNWADAV|PHZOWSSBXJXFOR
8ef679aed952295f8441bc69,riken,ASUTZQLVASHGKV|HCUSLQJBGQJQCB|HPVWWHYNAAZHQR|JNRJLCSYIQFLDS|KEOITPILCOILGM|NKTORRNHKYVXSU|OTJBXGAQAVEFCP|SWZMSZQQJRKFBP|VQQGPFFHGWNIGX|VUEGHZSQVJADCO|YKPUWZUDDOIDPM
8f08e604e3bee958b3153429,pluskal_ms2,COSQDNGTNHDQEO|XIAAZSQJIDOGHX
8f111d732ae4f8ee298d8e99,riken,APTNOIWSCDBIAS|GGGUGZHBAOMSFJ|SCAGQTBCGKJURA
8f1c5166ff88118148d683f7,pluskal_ms2,LTXREWYXXSTFRX|VKXWOLCNTHXCLF
8f23093563cdec67865ad6ba,pluskal_ms2,RADRBZBLNXVQEU|VGGGPCQERPFHOB
8f2bb1473644906c39a424a8,gnps,ADXGNEYLLLSOAR|LQHDJQIMETZMPH
8f36bc4a4d457deef748bf48,pluskal_ms2,GZNVOMWIPLIKDM|IAGMYQWCKILWNO
8f38739cc8f17b646eb5e2e0,pluskal_ms2,ASRXEZIKGLIGGL|VFWXVTFDHYMRIG
8f6be1131e67d315f9904aad,msdial+riken,IREXLBYIZXPNNP|KPBOPOXIOBBZTR
8f7a99b689bc49adc5366808,pluskal_ms2,FBPWQTPKRIOQND|FMTMJKIHEXJPOW
8f7ed21b5846b38d55db2c91,pluskal_ms2,MYWLNUHOXLSXFR|UTDLBBNCPPFBRU
8f88d67f2399fdba11b192d4,pluskal_ms2,ISGYBTOINXAQJG|SKDFIOGACUNWTR
8f8c549a7cc452d64380fbc2,pluskal_ms2,GTOZLSBCFMDWIZ|IHGVAVLSTPCCJP
8f8c9a73d124711f94a3b0af,riken,HDLNHPZHTNFCNP|MVCCWTMPDBIKCJ|VJEMOEYSQDKAQF
8f8d2c6c0c95e0184f05d900,riken,CDDYZYIBFIQEGM|VEVZSMAEJFVWIL
8f925c6815478bd98f964a65,riken,WTDRDQBEARUVNC|ZYBXFVWSQYBVRU|ZZFFGLBMTDESFZ
8f9aa0808bb025b430bf920e,riken,RSWGJHLUYNHPMX|TURHTASYUMWZCC
8f9c6c492c23f44ce85ae5cb,riken,OGBMVWVBHWHRGD|TTZWEOINXHJHCY|UFCGDBKFOKKVAC
8fa0d763119eab836942139c,riken,GMNAPBAUIVITMI|NAHTXVIXCMUDLF|NRPRPSMFVBRREK|QNOIBYYGOLISPS|TWSZDJCOYVYRGM
8fa1d0707cdfa9fb6dc40a50,pluskal_ms2,XGYGEAWFUZQYSS|YNARFWWBMMQRTJ
8fa3dc4d9535559f6476f051,riken,QNBLVYVBWDIWDM|WFRQIKSNAYYUJZ|WWVZUDKBWRFNRY
8fa4181e304777da1df5b644,riken,GLQYFMRUYWFXGT|KWVISVAMQJWJSZ|KXHCYYSIAXMSPA|PHDZNMWTZQPAEW|UWQXJCZFCNIUHA|VRSRXLJTYQVOHC
8fac57804604d8c563c03f39,pluskal_ms2,BOEMFEOUVXWWNZ|WWTABXAXNXQPOH
8fc08b2a62d853b8cfd3a3be,pluskal_ms2,DEDXOELQYHNPFM|LVKRLQCGHRMNRC
8fc44d1ec5c6edcd70fde2df,massbank+msdial,KDXKERNSBIXSRK|WHUUTDBJXJRKMK
8fc7fc243c8cae2f9489bf22,gnps+massbank,DVOOAPIDOUTYBL|YKBGVTZYEHREMT
8fca489a009ed861e9469602,pluskal_ms2,AGAAPCKBMLBWNN|SPYJSKIQMYRHCV
8fccffafa57a68de7c1fff8a,pluskal_ms2,CKLJMWTZIZZHCS|KSTJOICDZAFYTD
8fdade72c93ed28b01d507b0,riken,ATDWCWKOJNGCHW|AXTZJFBZXCJFJP|KLWSYWJRTXQLGN
8fdd9b0889c02ff0508a93dd,pluskal_ms2,BMOFKTDBQRITMO|DSPAICDFYLGDQU
8fe73d67fa4577b71b70cf94,riken,CXCKOTGRTPLISC|QQANTDQGINANND
8ff5d89c6e8ffa6987089ad5,riken,WBDNTJSRHDSPSR|YXHVCZZLWZYHSA
8ff6585e12b6848ac56ca0c5,riken,DBCAVZSSFGIHQZ|VJEMOEYSQDKAQF
8ffcc9f27364358aab0c8973,riken,UAPZTGRENZINFN|XIUVHOSBSDYXRG
90238e5ecab52021d5c0e6f7,riken,MJBPUQUGJNAPAZ|YDQWDHRMZQUTBA
902d707159d4eef545caad92,riken,KBMOUMVVDXEABW|OQDGBIQQFFTLKL
903e14b26df7120442d4ddbb,riken,IMKJGXCIJJXALX|KHPCPRHQVVSZAH|YCOZIPAWZNQLMR
904b4e32da5457756649c4ce,riken,CMKFQVZJOWHHDV|DWCCVUBESGIKQL|NRYNTARIOIRWAB
905106220d0926c1c14602d7,riken,BQPRWZCEKZLBHL|DAXZWJMEKUNRCD
906f1cc8f812a2976b97b382,riken,RETRVWFVEFCGOK|UXDFUVFNIAJEGM
9081512d2829d64311640816,massbank+riken,MXCJVWJPEPCUKU|RWCCWEUUXYIKHB
90815f83f5df8d1bed1e6364,pluskal_ms2,SBJODUOFAKPRET|TUNWQQMZTNPKRM
908bb5f109c4a34eadaec034,riken,MMTWXUQMLQGAPC|YTZSBJLNMIQROD
909117b9afeab1399c388d01,riken,JJVSDUQOSRRODQ|TZRVSGRFVXORLD
90a1337dd0535cacee00edf0,riken,GMBQZIIUCVWOCD|MFIHSKBTNZNJIK
90b3c78a2352c1068e372240,riken,OQANKTWSGPYURN|OVFPMQHQVREOIF|WXCCRMLNFFAMJC
90bbc75c814f462467a69a88,pluskal_ms2,IKSHXEFFYBSFGO|SQFVGVQJQQHFIE
90c48e768c725aca8efc6e0c,pluskal_ms2,ROLXKNVKUSEZFO|XNHRGYMFGWBADJ
90c5b856de378aec1b302da0,riken,FIDOCHXHMJHKRW|PCZOHLXUXFIOCF
90db0837e4a4622fb7c66c4b,riken,MRIAQLRQZPPODS|NODILNFGTFIURN|OVSQVDMCBVZWGM
90f2334feb98b9cedfc85ac7,riken,FIIAPJASQSDOKY|PICOUNAPKDEPCA|YGSDEFSMJLZEOE
90f3b841e18133bcb7b7e141,riken,NAIXCRGIEGDRIQ|NDEVARCRJOYXJL
9104ae5fda3660f5a32aa10f,riken,ROLIIKCIEQNTMT|XOXYHGOIRWABTC
9104af4ccf06dc87744248d1,pluskal_ms2,BAHWBLGZSGIKQC|CUYQTBFYBUKTBY
9105a500207af6a85fa00d95,riken,GPHUERASPIVMNY|KRYFHYSXWHRZKT
910c9c4c3e9f098f09cedacb,msdial,ARNXUXYPWUWNPP|XQCGNURMLWFQJR
911598729ebfd9a21c7b90f6,pluskal_ms2,IBSZGTKGJHXGQJ|YVWHTPKOIYVQNZ
911fbc165e92e2694ce4db73,pluskal_ms2,IPELEGBBNWXWNG|WXAMGBXNTNHFJR
9123bd44110086730b09bd9a,pluskal_ms2,HFRYZYZRMDGKCL|HZJZVVIPCWEXBW
912e4e5ca68ec28d3c1eb429,riken,IIWUQMDYQWUJCW|NQGPNJDXRIYWIO|SLEOSPFLNGKQLW|UUBMSUGALIVVPT|WENNXORDXYGDTP
912ebdc3110e786b1d1c1fba,pluskal_ms2,DVLRECMMOUCAFS|YVCDSSYGGFGHIE
9135979b55d906e8d4c8f773,riken,AFEVCSJFNQWWDF|ALBXKWVKHLBNIA|AUCGRWHWAGXNQS|AYNMYQSRRVGZDT|BITPRCODIALMOV|BVMVRPVYRJQROP|CMDLPOPJXJYAMB|CXVOPJQBVVUOTC|DBMJZOMNXBSRED|DNJKZCQLZZLNBI|GBXXXUUAOFPGRP|GHUUTEXYFBCKSM|HCGYMFPNEDDKQY|JNARJHDJLSPXGM|JNDZMLHNKOCNMX|JRHMMVBOTXEHGJ|JXTOWLUQSHIIDP|KWDWBAISZWOAHD|KWRQPASKWCJCPI|LKTUJUDNQJTEHZ|NBVTYGIYKCPHQN|NNDOCYLWULORAM|NVKAWKQGWWIWPM|PHEDXBVPIONUQT|PHMHDRYYFAYWEG|PMKXOQVXLVOSJT|QGMUCGXWCKWHRJ|QJCKSTTYTCSITQ|REIZDYUGEPBIJP|RHYJRVWWDRGDRZ|RNXZPKOEJUFJON|SCULJPGYOQQXTK|SGNBVLSWZMBQTH|TVYGDDMZPBKRPM|UEHILKCNLIKLEV|UJZQPNXJSBWWNU|VEVZSMAEJFVWIL|VVLPFXAEVKKWTK|WKWFEHCINVBVSW|WLYKQFJPOHPJQU|WQLVFSAGQJTQCK|WTDRDQBEARUVNC|XJMPAUZQVRGFRE|XLPAINGDLCDYQV|XQDCKJKKMFWXGB|XSYCDVWYEVUDKQ|XUWSHXDEJOOIND|YIIKPFWLWYKDPH|YKGCBLWILMDSAV|YKWVIQPJNXTICW|ZGYSTIMSSGRLDA|ZJVUMAFASBFUBG|ZOHJKBZGFBXFIK|ZPQSCMDVMOBZID|ZVXWFPTVHBWJOU
914f00f14ed3a872f5ba6c7f,riken,ASQYOZUMZFSDTE|HXGDTGSAIMULJN|KLMZPLYXGZZBCX|MWAHYWGUPMVQHH|VLUQROFRFLIWCU|VPRBWEMXTXPBEY|VTNZLQTUEWINQW
9154e40340b2913cc7e9dcd1,pluskal_ms2,ADRSZIQSSXPARX|LGYQUCCBDIUAOE
9165bde20277b40ec74569bd,riken,FELCJAPFJOPHSD|KLQXMRBGMLHBBQ|YCDZBVXSGVWFFX
916ac1268684b3c829bf6766,riken,IIJUXCHFDCTCAH|RAJWOBJTTGJROA|VJRPWEGZZYYJQK|WXDLBYTWLXNNTA
9170657e84dfbd97ac02f28c,riken,DFBIRQPKNDILPW|UVJYAKBJSGRTHA
918b3891415cc12cf307b817,msdial+riken,MVCCWTMPDBIKCJ|YKPUWZUDDOIDPM
919d2591a166a60f20deafde,massbank+msdial+riken,HUGUGFBIYQBLCS|MYVNFPJTNYAPDH|YFVGIJBUXMQFOF
91b136e8be5d1e375784446c,pluskal_ms2,BPPZFJOSNPTQQL|MFIXSSKQHVPACQ|OLUWYTLKTXVLNF
91b92e1d12d281d1d0761fad,massbank,NLZUEZXRPGMBCV|RDQSIADLBQFVMY
91bbdc115d210e2d4736f4a7,pluskal_ms2,ADPBWRONXXWBJX|PZZYVYJTEQDIRL
91c4c10a629afbf635ec7572,pluskal_ms2,CKHRRUPQQLGEHE|QUYQIBRSKHHZSX
91c4da4ab417e7595b628d34,riken,JSIGICUAXLIURX|NVSLBOBPSCMMSO
91c68262e7b35ac1cbdde524,riken,ASUTZQLVASHGKV|FVHFOJVXQABRQG|GRTOGORTSDXSFK|HPVWWHYNAAZHQR|HRYLQFBHBWLLLL|JNRJLCSYIQFLDS|KBMSVODXFLAQNJ|NKTORRNHKYVXSU|OFEZSBMBBKLLBJ|OIVDEBIGYOTPKV|OTJBXGAQAVEFCP|QNOIBYYGOLISPS|SWZMSZQQJRKFBP|VQQGPFFHGWNIGX|VUEGHZSQVJADCO|WENNXORDXYGDTP|WRYJYFCCMSVEPQ|XSQFDXNJFMCRGJ|YKPUWZUDDOIDPM|ZSBXGIUJOOQZMP
91c88d3e4fdaac1a23b6d715,pluskal_ms2,ADXGNEYLLLSOAR|LQHDJQIMETZMPH
91d4286504a543c5cfdfd000,riken,QFJIQUOMKJNYLI|ZAYYDHWLJXZASK
91d9cbf58b116c7643e2589b,riken,UNICOGXHLRZHRW|ZXZKYYHTWHJHFT
91ddba7ecef0300ebd9fa0a9,pluskal_ms2,LBKRFFPVBWDSHN|WYNUVWKXIBKXMI
91e17facc1cc59b3cc510f1f,gnps,JRQWNGYLRFVXRO|RZWGMDBJTMOMTK
91e95b5a233f2f94e873e302,riken,DOUMFZQKYFQNTF|DTOSIQBPPRVQHS|FIGVVZUWCLSUEI|LEVWYRKDKASIDU|QUQPHWDTPGMPEX
91ee3f9b894f562bc5ccaeb9,riken,FTVKHUHJWDMWIR|KLUTZDJBVDPOFE
91f4c3ea2c1d35c45bb22210,riken,BXKNQKQIBKBMIZ|KDXVVZMYSLWJMA
92061b095be5d58b4412c21c,gnps,FJABZNARGCQYHI|IBHPQPWGCJIELA
9209d6c182119527ae4bc590,pluskal_ms2,GJJUCNKPFCXAOS|XMKBWMNDONVUSR
920aa4aa6995f8cf8cbfa941,riken,ATEFPOUAMCWAQS|RKUNBYITZUJHSG|WENNXORDXYGDTP|YKGCBLWILMDSAV
9213eebf8d8e129f14b0382f,pluskal_ms2,MRBLOPXEGFQOSP|QJHOCPAGUHZUDH
9216054c9d76e409da5fe12d,riken,JXCIHLUSRQSSRY|VPJCTVQKHIFWKJ|YCWDWJWRRMHVMZ
921744fbfddf004e719a6ddb,riken,UGQMRVRMYYASKQ|XJHDMGJURBVLLE|YJGVMLPVUAXIQN
9219c179c640714adf1ef118,riken,IAKHMKGGTNLKSZ|VJILFEGOWCJNIK
9222eec07b498752487f795f,pluskal_ms2,HLLHAJRFISSLTP|OTAXASXLOHHSEU
9228291115e1eb4fe767cd8e,riken,NLOAQXKIIGTTRE|NVGOPFQZYCNLDU
922aa4668bc87a1eb99f0b0f,pluskal_ms2,LPRKQJFIKKNYAR|RXEIDBOHFOSBOR
922af7ce61cfe87bee36e143,msdial+riken,KKOLMSSIDZXPLS|XINFXFISYDXMAU
923b214625f1a67baf7036b8,riken,UKMSUNONTOPOIO|VOXZDWNPVJITMN
923fce655480c4b735e12342,pluskal_ms2,NZCIONSHJHDGFO|YTHSDGLNDXPJAJ
92410e7f3788ea52b383ba3b,riken,CKDKGHDDRAMHGK|YTWLZXBVJMNCIR
9243fe8b72a4be8f7d6332d6,riken,GCJWPRRNLSHTRY|JYEDISZKFNNREA|YKOPWPOFWMYZJZ
92523bc2f3095ef442126727,riken,UZIOUZHBUYLDHW|YURJSTAIMNSZAE
925581198b67550898c00c7c,pluskal_ms2,GXFIQOWIDSZYKM|VSTJLJLYMOOSPZ
92635ae6e79b09090b227d8a,riken,BXTNNJIQILYHJB|CWGIHUKKVIGOGZ
927110e7a6c97c7dc27e6e7d,riken,BPKLDKRUGJQLGK|OWJYWDRFQHCJEO|QORFVLSDZGITGP
927bc8b34dfb66cd20a7397e,riken,KVUHRGCWHSLKBK|ZRJBHWIHUMBLCN
927be3ae5a42d5adac056dd3,riken,DKEZDPGUJMMUCC|KJNCJEFOGQPOHS|KLQXMRBGMLHBBQ|MBWUSSKCCUMJHO|VJZKQVOURLBNBU
928ae4e6063187b387906c01,riken,MHGKDTTXFHUGAY|SQOJOAFXDQDRGF
928d270de5f5bdbf3ac679cf,riken,FNPHNLNTJNMAEE|XOMRRQXKHMYMOC
9292b0cec30808c871d23136,riken,NRYNTARIOIRWAB|PUETUDUXMCLALY
9295036748c3094b2aa5b900,massbank+msdial+riken,CKUVNOCSBYYHIS|FVMDYYGIDFPZAX|GMNAPBAUIVITMI|GWTUHAXUUFROTF|HCZKYJDFEPMADG|XIKIUQUXDNHBFR
92a349862ad1914ff7264bb2,pluskal_ms2,OIRDTQYFTABQOQ|QWGDMFLQWFTERH
92a5ddad1e50d9165ed1d1d0,riken,FWVHWDSCPKXMDB|XUSTZFGBQSSEAX
92bb1990df3cb27de739c72a,riken,NIHNNTQXNPWCJQ|WXCCRMLNFFAMJC
92bedb4434b2b2729f3caf43,riken,FIHJKUPKCHIPAT|HRBGONPRSGPFMT
92cb56eefafd3cc6a30a3c6f,riken,NGMYNFJANBHLKA|VWDLOXMZIGUBKM|YQEMAEKYNNOCBY
92cea7f8617b93f1b15aa153,riken,ITOTUSMHIQFNHJ|KPDOJFFZKAUIOE
92cee9b8a949224366e8dff8,pluskal_ms2,ALUQXSJARGBEOQ|JNZDOQZSXDGGCY
92dd34620b96cf897c235b1c,massbank+msdial,DAOGFHQPAHSMQS|RLAWWYSOJDYHDC
92fce85489f7ddc32d5af7d4,riken,BTPYUWOBZFGKAI|DDDXYRAMQRKPDO|GHBNZZJYBXQAHG|GLYPKDKODVRYGP|GXAHUZMCACKPFI|HDLNHPZHTNFCNP|HVPKALQHGQMJER|JWINIHBXRZXFKL|LLXVPTXOKTYXHU|RCTKRNCKOYYRIO|SDGDWRYYHQOQOJ|VJEMOEYSQDKAQF|XUHJBXVYNBQQBD|YZNCIXVBVQRGQN
92fde172f56965bd8947003c,gnps,DMCKFAOCACFYQG|XPOJRNNBAARAGP
92fe5664f7bd0812396adb43,riken,CMISKXBIKZBGPM|MQYXUWHLBZFQQO|UVZUFUGNHDDLRQ
92ff539a7c5f752253bfe688,riken,BWHZPGDZTFVUJN|JLPDBLFIVFSOCC|NAUZBQMEOYSERD|VTRDANCBYRZCRZ
931f5808825d7e208aeb0189,pluskal_ms2,HRFVVZAVGMSBRG|PDNSXMTYKJTDIC
932abd58a0fff42d75122910,mona,GNGACRATGGDKBX|RNBGYGVWRKECFJ
932fcd255fc725c2de72f60b,riken,HWKJSYYYURVNQU|XVPVVWNZAJAPLF
933b1ac78bb6acbb1fa0c3b6,riken,AGABNGOXUSXQDD|ORXQGKIUCDPEAJ
934aeac79737cb5bae06a18c,pluskal_ms2,JVZPGYIJXCWFMH|PBFBWKUVMUZLGD
934f082fa24a1e7025e7a9f1,riken,AAJIHHYEPHRIET|WTCVROXOIQEIRC
9351cd670ec37c9dc89238e6,pluskal_ms2,BPBCHSOBQVPDKG|DPYYBUMNBGGGJQ
9359ecbe7c8c594a46403fb8,riken,KQSFNXMDCOFFGW|SOVOCMGDFRGRKF
935b6b34ac331214bccce535,riken,AFEDQRGFPHITIL|ZHOCWHLKCHVNGG
935fc245f21fb839d4a02ee8,riken,LHDWRKICQLTVDL|WKUHPOMCLBLCOV
93687abe161c16545a672235,riken,DLBLMTCYISHWGP|SBVBJPHMDABKJV
936e052f97a5162b6140041f,riken,BZKDCAIDWFPAGZ|FDRQPMVGJOQVTL|HDLNHPZHTNFCNP
9370a8c6a029b7aea09013c2,pluskal_ms2,CTBWHLHWNKKNPA|VJNVMUFDZHICMK
9377a0382c99989fef4b7888,riken,DJOJDHGQRNZXQQ|GEVGPWJNGZPSJJ
93819d20f3e8089b2f5117a5,riken,AYMYWHCQALZEGT|BCIWKKMTBRYQJU|CGIBCVBDFUTMPT|CIKNPMUSQDPKAK|FOUMOIACEBZYPT|ISNDTNDJSXYNKT|KYWSCMDFVARMPN|LHRODNGBSOEBAU|LIHLSLRANKCHLV|MCPFEAJYKIXPQF|NOWZBRLFRHWZOY|NVSLBOBPSCMMSO|OGWKCGZFUXNPDA|OHJWWOZXCKEOGK|QELDJEKNFOQJOY|QHBZHVUGQROELI|QUCQEUCGKKTEBI|VTDZPALYKJNMNV|WNGSUWLDMZFYNZ|WQVCDQYJDQXJLY|ZJRDCQWLAILQHR|ZMKZIKHBSPDWEF
938279c499eca41edf9ad8c4,riken,DXYUAIFZCFRPTH|FURUXTVZLHCCNA
939d476ff72cb4e84373e676,pluskal_ms2,SAUZXUNTWRNGJU|SJXUBMDSTDDEOO
939d9eb618a6a57462b05af7,riken,DXPPUWBUOSSSAV|HCXVJBMSMIARIN|LRDNJNNYFPAACE|OFSZOCPGPLMCBG|SDHTXBWLVGWJFT|XUCIJNAGGSZNQT|XWQGRJXKNVHATI
93af908ffb1e9015f7bb3014,riken,CYBWUNOAQPMRBA|WIONIXOBNMDJFJ|WRYJYFCCMSVEPQ
93b2d4ea4199644d104a7c39,riken,CZMVEBBPDBROJA|DZWQPAFWILBODA|FXOWIGCIDJMTMG|RLJLPBQEQACWHI|VTWDKFNVVLAELH|WNGVOVVMNRIJOX
93b59aa83edcf3ef5d39212b,gnps,IACOAKYXFIWAQN|MIMULQQHBAZGER
93b657e904727236b8d43d83,msdial+riken,RKFHFBWDNSYADY|UFXLSRZZVFZURD
93c5b922d492cced6034a28c,riken,FJQKXKNZQQBTDD|XATAXBHNGRMKLI
93cc205ac55053626ef3b9a7,riken,TZRVSGRFVXORLD|WKBWYWJYOAONEI
93d1c26869bb1a99ad427416,msdial+riken,MVMSCBBUIHUTGJ|RQFCJASXJCIDSX
93d31ec4e6a2a13a573231ab,pluskal_ms2,WBFAVGUESWCDPL|WPTPUPGXMPKMND
93f07373c59830beb5e0d49b,riken,FELCJAPFJOPHSD|QOMBXPYXWGTFNR
93f200a02b8e9948a7e8a9ef,riken,FELCJAPFJOPHSD|VBTMMYSERQFPPK
940415a639df8c0093811122,riken,KFZXVMNBUMVKLN|UYJUZNLFJAWNEZ
9415201d43d769a6ce30b165,pluskal_ms2,BMCAADNYJSYKBY|FQECYODDXMQVMR
94213ebfd1a02d5e2a85cb1b,riken,GWTUHAXUUFROTF|NAHTXVIXCMUDLF|QCQGNTXXPCJRFZ|SWGKAHCIOQPKFW
9422be6fce8bf1b77a89161a,riken,HYDDDNUKNMMWBD|PYXFVCFISTUSOO
942c678a815cdd9597d6504f,riken,VHBKIIVLIAIHBT|ZJDOESGVOWAULF
94350f6050c6e260fca82287,riken,AJJMKDCAQHLJQF|HDXIQHTUNGFJIC|HLKOGABKYAJUAW|NSEWTSAADLNHNH|SOGONHOGEFLVPE|WHTCHQKZPTUFPV|WSGPLSDARZNMCW|YMCYJIJWKFYPMN
94417e20bebad433c4d3c085,riken,DDNCQMVWWZOMLN|GVQOVMKBYJKZSY|RGOVYLWUIBMPGK|VDGOFNMYZYBUDT|XPMQJVHMFLZDSA|YJWBWQWUHVXPNC
9442fa75af9a40c53054d8d3,riken,JUKFJOYCFLIWIA|OAVAUZCEOWCYCC
94458d3a3aad5cbec7cad550,riken,DPIAJERHFDBLPT|FJQKXKNZQQBTDD
946343b8f012fad726ac143c,riken,AOWRAYJMTOYETH|HPXCSOULTKVTSY|LWYAMIUSVGPFKS|PCIXSTFFMHVOMF|WRXVPTMENPZUIZ
9486a2e218b33bd27dae29a9,pluskal_ms2,IKSHXEFFYBSFGO|SQFVGVQJQQHFIE
9496ddd75277cba4d0a6749e,riken,HCEPYGIKCDFDPJ|OBVFJCCARDWRFB
949aeb97bd3387b80e4a9c2e,msdial+riken,HSHNITRMYYLLCV|ILEDWLMCKZNDJK
94aa9396cc8a961aa5ee9c82,riken,JJVSDUQOSRRODQ|RTNZWGMBYCVCPK|WZOBJNOPFAHZTE
94abd77cd02380e2261e0733,pluskal_ms2,MVKYOLZBOLVKTI|YRTWPPFYURYSSC
94b1afce648dc7e6997d323f,riken,RTNFBJXLYMERBB|VTWDKFNVVLAELH
94b2b05ccb96358594fa26c4,riken,KWDWBAISZWOAHD|XVOHELPNOXGRBQ
94cf2614cf82980a87f8d4af,riken,FBSFWRHWHYMIOG|ORHBXUUXSCNDEV|SFVWPXMPRCIVOK|VNONINPVFQTJOC
94df2e405386ba8f9f91e68f,riken,BPXIBBNVQKIXGG|KXWIXAUYMFNOKC|MMTWXUQMLQGAPC|MXGAOIRJBACCEY|OCFIUNGSKQZESJ|RBXJTMLAGALNAC|RKWHWFONKJEUEF|WHTCHQKZPTUFPV|ZPBMSWIWMJNVEH
94ea1438cad332c046a5cefc,riken,AOXXVRDKZLRGTJ|PORLQGCIBQPFNX
94ec6b6ea99143f3e089c33c,riken,IROINLKCQGIITA|RQVYBGPQFYCBGX
94f02b8882ce537bce7174dd,riken,KGEKLUUHTZCSIP|PFNFFQXMRSDOHW
9508b97348ea38ecf5fb11fe,pluskal_ms2,MPTHRYMEZLSXLR|RBQDSPWDBOODHS
9511ad9aeffacb26ccc80a34,pluskal_ms2,AIJMJWLEFKZSRF|GFRLHYDLHJNYMU
951e3b58a44ce2775b307f2a,riken,CDDWAYFUFNQLRZ|ZTQSADJAYQOCDD
952b8db88ee8051b03fdf76e,riken,MDNWOSOZYLHTCG|WXNZTHHGJRFXKQ
952fc721788d30c088410fdf,pluskal_ms2,CDLVEAFEZZYVQC|FAGMBGNXGXFVRM
9534edeef084655b1a9d3321,riken,JEJREKXHLFEVHN|XRDJYSVGPBJZSG
954228b81aa176887b61d32d,riken,SIBYGGBNBRCVQI|ZJVUMAFASBFUBG
95434f84ac6c8dc003d07e3f,riken,FNIRVWPHRMMRQI|GLYPKDKODVRYGP|GXAHUZMCACKPFI|HWYBGIDROCYPOE|QSTBHNPMHXYCII|XFSBVAOIAHNAPC|XGVBNFXVLFKPCO
954d6f1f9ccb246a35923757,pluskal_ms2,VHNBSWKVDGABEV|ZUXLIBRTWRBKLQ
9554038a603b39f4cc7d2468,riken,BITPRCODIALMOV|BQPRWZCEKZLBHL
9556120eee69db1b349188f4,massbank+msdial,BWLBGMIXKSTLSX|NPOAOTPXWNWTSH
955e2018bcd4f9999a5b02ad,pluskal_ms2,PUYJJOSVJHUEAP|YAZVBHHBVAAZBE
95654111aac3476e4393a408,riken,HWKJSYYYURVNQU|KQKIBPHENIYGEF|NAUZBQMEOYSERD|XVAPNQFQPDAROQ
956957e2626261af7ba1a239,riken,KRKNYBCHXYNGOX|PWAOOJDMFUQOKB|RWXIFXNRCLMQCD
95755b1c548807e34d86b06d,riken,DRTQHJPVMGBUCF|FMGSKLZLMKYGDP
9579a65065aa6839d09733f7,pluskal_ms2,ROLXKNVKUSEZFO|XNHRGYMFGWBADJ
9581c9cd8cea784a8f41b25a,riken,AJUACYVEKRAXEB|FSBUXLDOLNLABB|NRPRPSMFVBRREK|TWSZDJCOYVYRGM|XQVKQEFQGYTUAR
9585893f643a45c3061659ab,mona,SKIVFJLNDNKQPD|TXCGAZHTZHNUAI
958aba42f81a622b8f474a5b,riken,BXTNNJIQILYHJB|HVBACKJYWZTKCA|JGUYJMIAKPTIAH|QVXHDRIBXYOKQA|VELYAQRXBJLJAK
95a2bee65d71e49bf0c32fb8,pluskal_ms2,CEAWTEFLCWIYNQ|GZTPCINTRJLOCU
95af2856cb3faeba3932f6a4,riken,FHIJMQWMMZEFBL|HPSWAEGGWLOOKT|KRQDMAXNTWLTDZ|MQDZZCJYWRZONM|NJUXRKMKOFXMRX|PHLXREOMFNVWOH|WPPPFZJNKLMYBW|XRVOHZOREFBBDX
95b07032a74b3dcfcf95febb,pluskal_ms2,ROLXKNVKUSEZFO|XNHRGYMFGWBADJ
95b100f86e44a051e5d4f8a3,riken,BOPIMTNSYWYZOC|JUZGXATTXYZBGK
95b693f9556f3652147df95d,pluskal_ms2,IRDOVJJZBJZACO|JIMIRZCIIUGDPI
95bc5b993d45c51103f4da36,pluskal_ms2,NHCTVQJSTWXMPT|WSZNMVQDFFEQCM
95c4f2ac1d27a23e85ce683f,massbank,JYFHYPJRHGVZDY|QLZHNIAADXEJJP
95d32a19647353b97231a6f4,pluskal_ms2,CJQKZZRIKGCEPB|WSZAXICPAZNABD
95d463566f9f37e3b59779e5,riken,GAZDXIGXYWVWQX|GZYPWOGIYAIIPV|NODILNFGTFIURN|QOVKKEKBURQILF|UEDUENGHJMELGK|WYQVAPGDARQUBT|YKGCBLWILMDSAV
95ddb1e619a0c7c8cb3e6a3e,pluskal_ms2,IAGCHMSJCASFSZ|PMMBSTFHDDYYOE
95de48eb2742d5de74e02de1,riken,QJVXKWHHAMZTBY|RAKJVIPCCGXHHS|SOVNCTNQAWWYAQ
95e41995508d3ed17393dafa,riken,DYDCUQKUCUHJBH|KWDWBAISZWOAHD|YCXUCEXEMJPDRZ
95e704031e35bbdcb2da78af,pluskal_ms2,CJAUFOVBHHUUKK|WGZJUIFMNFDPBT
95f07f0460962085eee91ce2,massbank+msdial,HDYANYHVCAPMJV|HSCJRCZFDFQWRP|LKDRXBCSQODPBY|NGVDGCNFYWLIFO|QRMZSPFSDQBLIX|XCCTYIAWTASOJW
95f6a344ca68ca1ee741247e,riken,HORZNQYQXBFWNZ|KDFKJOFJHSVROC|KTEXNACQROZXEV|LVCXAKWFQYYXLU|NFYYATWFXNPTRM|QBKSWRVVCFFDOT|VPJCTVQKHIFWKJ
95f7006876fc25a1f8980cec,riken,HULMNSIAKWANQO|SNKFFCBZYFGCQN
960a9b325ed8499c502cbdb4,riken,BWHZPGDZTFVUJN|VTRDANCBYRZCRZ|XVPVVWNZAJAPLF
960fbf2268e602414841539d,riken,IDZZECHGWAZTIB|LHZZULHOQSQSJN
961bf74db22d1bd0322991c6,riken,MIJYXULNPSFWEK|PCMORTLOPMLEFB|WPYMKLBDIGXBTP
9626f1fbfe62c772a3d277e8,pluskal_ms2,DDKPCMRNWZNSAC|XRPKCGAOHAAMNS
962a8d93ce5da7b523b2270e,riken,IEYPTSQYHVVDAC|WXTBYSIPOKXCPM
962beb119bc541cea8243e5b,pluskal_ms2,FTXQMXYVEKCYAO|QHJHUTXUTFOAJX
962eefa55fbf8e959d37b8dc,riken,JPJDIOVDAAVUNF|NAIXCRGIEGDRIQ|QBDHHZLEIBPNSS|WPYJMNHBYFFULY
96385dda2fec93bc6a08d05c,riken,MXXWOMGUGJBKIW|PMVCHAWVCIWVLP|XVOHELPNOXGRBQ
963b7248d1e4db4d582bdfea,riken,LCAZOMIGFDQMNC|PTDAHAWQAGSZDD
963d57055cec8c2fa2a2fd64,riken,DIEUZIPSDUGWLD|XJIPREFALCDWRQ
963ec4446822454ebbe44712,pluskal_ms2,AQDZYCQXYSAVHC|ZWUYKLCNJVTMLO
9642df21c52fabdc2c87564b,pluskal_ms2,HVEPLLKJSMENJC|IZVDXSWDESLGHP
96526f22f485cf069c57ec00,riken,HCKUIVZXCXTBEH|YJGVMLPVUAXIQN
9654b97c0cf05c2ae47140bb,riken,LKZDFKLGDGSGEO|UIDGLYUNOUKLBM
9656b145adf31650eb8b2ef6,pluskal_ms2,NZCIONSHJHDGFO|YTHSDGLNDXPJAJ
965ce443c6efc081c859e758,riken,FJQKXKNZQQBTDD|TYNLGDBUJLVSMA
965d2d283d84dce3b9e24f64,msdial+riken,LSHVYAFMTMFKBA|XELXKZJCZXSVKJ
965da1dcebfd68b6b108b0ab,gnps+riken,FMIMFCRXYXVFTA|HGJXAVROWQLCTP|HMMGKOVEOFBCAU|POZRVZJJTULAOH|QNBLVYVBWDIWDM|WCGUUGGRBIKTOS|XUARCIYIVXVTAE
965e213bc176d19aa65c7242,riken,CSWXLMRNEHKSSN|VOXZDWNPVJITMN|WBMOUMRUWNKLGQ
96655ce08be29ecdd520004c,riken,CNNRPFQICPFDPO|YIIRVUDGRKEWBV
9667335adbcacaf645fd8c82,riken,CZSBHMFVVLYIQQ|LHGNBKKPEPCPCT|MMDUKUSNQNWVET
966d80b956ad6814fec28072,riken,CMKFQVZJOWHHDV|CVAVMIODJQHEEH
966d9418e022b3d992966473,riken,KKMSFCOCDJAGRO|XDROKJSWHURZGO
96781771a8e6f97a8705cc1d,pluskal_ms2,ATGNLOUPTQGNME|NFRXHMPNKCYKNN
9679db6396b64bbee9d77083,riken,AZAZKLKDEOMJBJ|IWQURBSTAIRNAE|PREBVFJICNPEKM|SFLMUHDGSQZDOW|UXDFUVFNIAJEGM|YLYLCQRQSRDSQR
9685f62255601406e602eea6,pluskal_ms2,CQNDWRCAXXGMFD|ULUVSAUIWNKOPX
968f5a00cdc167389f970f85,riken,JFIHYHJHQKUDKD|KPDOJFFZKAUIOE
96a50b4949534975185fa2dc,riken,FHIVAFMUCKRCQO|QHOQHJPRIBSPCY
96acfa31e4a5b6288f0bf449,massbank+msdial+riken,CDICDSOGTRCHMG|DBVJJBKOTRCVKF|UHRUXUCWHIGENP
96b210188591ce31607acd86,pluskal_ms2,GNTNFDGUUKHKPJ|PGKALWCTRFUUJO
96bc7796c803df80793a24e8,pluskal_ms2,WLZZTYFINARLDO|YZULDDZPZWXGDW
96be748b901281ce400df17f,riken,FVIZARNDLVOMSU|RNHLYDFRRIHVAM
96cb5820c4f777d36b5f4a96,pluskal_ms2,GJJUCNKPFCXAOS|XMKBWMNDONVUSR
96dd685221e79f0e9b8f9a25,riken,FDRQPMVGJOQVTL|HGJXAVROWQLCTP|SDHTXBWLVGWJFT|UNLDMOJTKKEMOG
96df1aa51182ddb9a8856fc5,gnps,KZAUOCCYDRDERY|RRVIAQKBTUQODI
96e89278f7b6056a4fc40e8f,riken,OHCQJHSOBUTRHG|ZCOLJUOHXJRHDI
96eb7b5a4bba5aac17a271b5,riken,CIRSPTXGPFAXRE|KSSWRUXVLNZVCO
96ed1df040f4afa1f0f5bc27,riken,KXVRUTRUTLGTEP|OWWJIYCJJLVSON
96fa626c78649b70ff3a4919,riken,PYBFXJMIKJNNAJ|XPCTZQVDEJYUGT
9700c992c3b1ce4009692f1c,riken,VEPUCZUJLKAVNM|XBRXLXOCHNGHBC
97069f3d4219c2da1bedb4c5,riken,FEPAFOYQTIEEIS|IXRKDGGGFFCRIR
970e0ddb0a6b8d2cb561b8c0,gnps,IBSZGTKGJHXGQJ|YVWHTPKOIYVQNZ
970fd66157308721da913252,pluskal_ms2,CRVMDMUWJDBHRG|ZJCOLWRTVHBIBE
9716c617472e2664fa28fde6,pluskal_ms2,MYWLNUHOXLSXFR|UTDLBBNCPPFBRU
97178e6ddaa4da4b0cebebb1,riken,LVCXAKWFQYYXLU|MMDUKUSNQNWVET|YFVGIJBUXMQFOF
9719c3c8dfd4e0dcc247d5d2,riken,RRRSSAVLTCVNIQ|SYLIRTRYLBYOBO
971e273a2765f92e6e378cdc,riken,KIZBWUUJNJEYCM|NEBPBFLVSYFRQE|SKHJNNFXCKTDBG
972297cf5dd1500239a24d80,riken,GYOGHROCTSEKDY|YDQJABBOEPTJBN
9727555a83cb863192ddb17d,pluskal_ms2,JHFTZDIBPBWDSZ|ZWOBLPRWICPDNF
97378af55e958fc8cd7d2176,riken,JRIBPWOXWIRQOQ|PHZOWSSBXJXFOR|XDROKJSWHURZGO|XZVXEPPPQBLGMQ
97400531a9ba9090830ab934,pluskal_ms2,GNTNFDGUUKHKPJ|PGKALWCTRFUUJO
974374e3cc207f31b3fe4ff3,pluskal_ms2,JZHCHLNPODFCTL|UTDZENVBQMAAHN
9745a762c363fa2023caaba3,msdial+riken,BPKLDKRUGJQLGK|ILCZJAQMVSXUKH|OOAFHWZQYGAPFW|SBGHXFWRTKOHQM|SEOVTRFCIGRIMH|SZMZXQWCICMUFH|WXHUQVMHWUQNTG
974628bfca9d25c2bc829f77,riken,MPXAWSABMVLIBU|XVPVVWNZAJAPLF
974b81d18cf331d8cd6b8bda,riken,GAZDXIGXYWVWQX|UFKTZIXVYHGAES
975b9c869e75f0e567a602e9,riken,ALERZNQPBWWLMW|CKUVNOCSBYYHIS|OHCQJHSOBUTRHG
9760983d9cf9e10ce641a99b,pluskal_ms2,BTYBIJYFDWWGQO|HOJZUWVUVKPLJU
976a075bef0c8fefd25c5547,riken,GKAJCVFOJGXVIA|GLQYFMRUYWFXGT|XMJAJFVLHDIEHF
976ca6da25a27e91e10e9494,gnps,ADXGNEYLLLSOAR|LQHDJQIMETZMPH
976d11a2d5423ef4310f078c,riken,CHMTTZIWXMOGME|UCDVIBNDYLUWFP|VEPUCZUJLKAVNM|XYHOBCMEDLZUMP
9778b997a9d5f2bad481ac1e,pluskal_ms2,DMCKFAOCACFYQG|XPOJRNNBAARAGP
9784464a858f5353f978226c,riken,IINUIABWYMTUJM|KUYOHDBLZSPZHG
9798b06a2f320230aeb2d55c,gnps,XMONYYOQABPNPE|XTMJWSISNMICJZ
97af065aed49f2c3e3c6a6ef,riken,RZVHIXYEVGDQDX|VOXZDWNPVJITMN
97be16f6053bbae3a8fd0651,riken,AUCGRWHWAGXNQS|CTJZWFCPUDPLME
97d0f90d21fe9e9fd474878a,massbank,KVGOXGQSTGQXDD|POULHZVOKOAJMA
97d5bc7efbcc2497a696fe27,riken,RMSKZOXJAHOIER|VNONINPVFQTJOC|WEKCEGQSIIQPAQ|ZCOLJUOHXJRHDI
97e4fa6f26582656c69f2364,riken,BVMLCXLUJCAZQK|DAFMSUZBESPPSV|JVTLZBKMNDSPSL|NXIXJPLNNMLKRR|PWNTUQHZNAMVQO
97f27f582060195a58d511af,riken,FYQXODZRNSCOTR|XEZVDURJDFGERA
97f3fdbdfc4af7b1ef67c0f0,riken,OVBPIULPVIDEAO|XRDJYSVGPBJZSG
980704a1c07e72f222d6733b,massbank+riken,JNNGEAWILNVFFD|VPWNQTHUCYMVMZ
981069791272947d4db87c41,riken,BWHZPGDZTFVUJN|RDWVESCBQDRAAN|YBCOIJNAMJAFSO
981420b83718cb979ce680b3,gnps+riken,GWHCXVQVJPWHRF|JDDDZFYKFFEAGW
9814b1385f95887208878e9a,massbank,QQLJBZFXGDHSRU|TWFZGCMQGLPBSX
981a21bdc8724acba3e4c984,riken,LTTQKYMNTNISSZ|OVSQVDMCBVZWGM
981de9b30f8d1eaf074fd314,pluskal_ms2,AEGMTRFJZYFDRR|XGJHIUYQKVQASN
981e30757fa604eb1e688f18,riken,BAVIFLQGTGNVOP|QVCMHGGNRFRMAD|YXBHWZYFNLJVNP
982842d733d88ff6d83e085f,riken,HEYZWPRKKUGDCR|PZZRDJXEMZMZFD
982f37479ed9adbe33315f61,pluskal_ms2,ISGYBTOINXAQJG|SKDFIOGACUNWTR
983397319dbe1062faf8ebee,gnps,QABQLDMYSFXIAI|WCTOCHMQEXSMHW
983b6f93350c1dbf9a0072c8,pluskal_ms2,ADXGNEYLLLSOAR|LQHDJQIMETZMPH
9853d9bda681672f50a32dd0,riken,DKBPTKFKCCNXNH|QWNQZWRFKIHTPL
98699a4df773a3bd11a3efd9,riken,XSLKAKROJKMHIT|YVPXVXANRNDGTA
986ff93d9a34570e1e6619b3,riken,KJUYGRKBLRHDHL|PWAOOJDMFUQOKB
98785711b49e00f893081023,riken,GLQYFMRUYWFXGT|KJHRDNNKNHKYDW|KKMPSGJPCCJYRV
987ff69016bc71b29b81f97e,riken,UEXLXEOCAYUYCI|VUOFIHCZMOIBFY
988c6074874249eac51efeb6,riken,KHUVRRVIZOSFTI|MHGKDTTXFHUGAY
989f6e5b0d99cf33afac1280,pluskal_ms2,CJZQIBXSWCBDHI|PHOIWKDWWOGHBI
98a2e677ea8672b3862dd072,riken,DLBLMTCYISHWGP|GAZDXIGXYWVWQX|LBHYRBPEXITYTN
98a86d1ec1252d58c78b5b50,riken,DAXYUDFNWXHGBE|FZAGOOYMTPGPGF
98c559f4d6ec100498933aad,pluskal_ms2,LOGQOWGAKPJRTM|UJWDOYSJRIVBJL
98e6b43414696840e0040cda,riken,BLZGPHNVMRXDCB|SHCBCKBYTHZQGZ|YVPXVXANRNDGTA
98f1a0dcc01f414b2620ffe8,pluskal_ms2,DYUOZQXMTYUSED|KQSVEWNCWPLKQV
9907bacccb4e67656b115ee9,riken,TVBJKPLTBPGHDJ|XIGBHUXQOPWGDK
990b86f1323a53b7c000bd13,massbank+msdial+riken,JNTOCHDNEULJHD|QGWNDRXFNXRZMB|VYFYYTLLBUKUHU|XKMLYUALXHKNFT
992305a6adf1724e9965350a,riken,DBOVHQOUSDWAPQ|NEQGOKAKPXXESR|QBUIDYLGKMWNEA
9925a32054235bc432bba8b2,riken,KQSFNXMDCOFFGW|ZUADKIVUCPFXDX
992c3fc6e1ca2e92d8acc949,riken,DCYOADKBABEMIQ|FCDLCPWAQCPTKC|GVJHHUAWPYXKBD|GZYPWOGIYAIIPV|IRHTZOCLLONTOC|KYQZWONCHDNPDP|NFZYDZXHKFHPGA|NLAWPKPYBMEWIR|NODILNFGTFIURN|OLOOJGVNMBJLLR|PFTAWBLQPZVEMU|PVNIQBQSYATKKL|QOVKKEKBURQILF|QUQPHWDTPGMPEX|SOVNCTNQAWWYAQ|UBCKYWKJKPMKAA|UEDUENGHJMELGK|WMBWREPUVVBILR|YDDUMTOHNYZQPO
9930cec5fe2bd741c2eadca2,riken,AUVVAXYIELKVAI|HKODIGSRFALUTA|LPEPZZAVFJPLNZ
99332a49adbbe8f70083011e,riken,VKZICKDDJSFAAG|ZKHXDVJFFSPXFK
993441c3273d42a7d4035e51,massbank+riken,AXGFSTYXXKOHOV|NSYZCCDSJNWWJL|PXXJHWLDUBFPOL
99355e7656fb7c25ba8e75eb,riken,GHBNZZJYBXQAHG|MQUFAARYGOUYEV
99404023f192f2f7f7b2a31c,riken,GGHMUJBZYLPWFD|PTPHDVKWAYIFRX
9943ff37b9d8b44cc67ffc2f,pluskal_ms2,BXSWNEVPGYRLEF|MTIQGFJEGKOVQK
9953718228c15c94dedffae7,riken,AUVVAXYIELKVAI|MHGKDTTXFHUGAY|POVCYOFRCMBMKD
99553305e14ec73e8075270a,pluskal_ms2,BNWOSCGZGKVWJU|QGDQWSUJMRTUGB
995744dc9ee5751647c32f6e,riken,CWHJIJJSDGEHNS|SYLIRTRYLBYOBO
9960bcdc8ff49644f9dfc9a7,riken,APJYDQYYACXCRM|YGSDEFSMJLZEOE
99631be0ab009f0d46c2e4c3,riken,FMIMFCRXYXVFTA|HGJXAVROWQLCTP|QKQLSQLKXBHUSO
996363304b7c39e492e58831,riken,IIWKLAHNKXXKAJ|KZMACGJDUUWFCH|PUPKKEQDLNREIM|QXIPXNZUEQYPLZ|UFUVJROSOIXJGR
9975c26e1ef5ebaf9a5ded40,riken,NDOPUHIEVZKCTM|RBXJTMLAGALNAC
99811e1efb057185df6ab99b,riken,ASLHXRONSASUAK|BJJCTXDEJUWVIC|KJNAEXDMQJHQJL|SLJTWDNVZKIDAU|UMTVUIVCCWBBHM
9984977bab4760ca04ea64fc,pluskal_ms2,AUPVXELYDOKUDB|RSHLQDXUKBUQRK
9987172b50f014837b39345e,riken,BXRNXXXXHLBUKK|HRBGONPRSGPFMT
998bfa5f7c6b98ceb787c916,pluskal_ms2,DQUMUIPQPPCWPO|PACZTINKMITFPU
9994e4d441e3202acde7e717,pluskal_ms2,JDNHQANVCKLXRQ|YZOQSKZLTMUEER
99a1a85c27bdd01c3d821afd,riken,APJYDQYYACXCRM|GVJHHUAWPYXKBD|KJNCJEFOGQPOHS|LSGKMZLPZFPAIN|NQXYVTIQDNOHFM|NTPLXRHDUXRPNE|NYKHQRHPWDLZTL|SLJWCCMDGTZEGQ|UXLGTGPMUITKPA
99a1f6564bc2ef00b2e1610a,riken,IVLRQLIWEVLAQF|JEKMKNDURXDJAD
99b188f62c30ce3582a27835,riken,FNIRVWPHRMMRQI|OWMJDOUOHDOUFG
99b8a26cb6eba3ec153213ab,riken,LARPFJIXBULVPK|PANKHBYNKQNAHN
99ba14a7946e3f08c300dcc9,riken,FCEVNJIUIMLVML|PKTVMNKLPFVXBH
99bde5a4a9089140a785339f,riken,HUVFVYIECRCQCN|ITVGXXMINPYUHD|KJNCJEFOGQPOHS|MIBATSHDJRIUJK|VAMJZLUOKJRHOW
99c331acfaa461c3a5d217fe,riken,HVTCKKMWZDDWOY|RGZSQWQPBWRIAQ|ZZUFNBURDFJFSK
99c38e4aba5fb7d31b8254a3,riken,FFULTBKXWHYHFQ|GTZJXEKBDFHJCO|JHUNHTOHTUZTKV|SLJTWDNVZKIDAU|VUOFIHCZMOIBFY|WKBWYWJYOAONEI|YISCNLZAUIZSOA|YMCYJIJWKFYPMN|ZKLSVVSNZGPHRI
99d0a688d53a5a6624774a19,riken,OBEHELRBTWMPHI|ZRBFCAALKKNCJG
99dd408fadedc9bd50d33be4,riken,ALWVJGZIYSIJGR|CUJYYVNWNPLKFR|GOOFZOQDLIMARN|JLPDBLFIVFSOCC|SVHJCTSSYQPWEV|WAZQKBSNIFTXNV|XVAPNQFQPDAROQ|ZVTVWDXRNMHGNY
99ede1600f2bdd22e5fbbb65,pluskal_ms2,ADXGNEYLLLSOAR|LQHDJQIMETZMPH
99ff1642c5459132d2be43cf,riken,CIUHLXZTZWTVFL|GYOGHROCTSEKDY|HRLFUIXSXUASEX|INVGWHRKADIJHF|LCXREBMNASQAOC|NLOAQXKIIGTTRE|OZTXYFOXQFKYRP|QQKAHDMMPBQDAC|SHCBCKBYTHZQGZ|VENRSYBHHVDBDC|XCUCMLUTCAKSOZ|YVPXVXANRNDGTA
9a078d5830eb5abfbfbabbff,riken,HLIWTFURSHVAHJ|WWVZUDKBWRFNRY
9a26fa020abf943059b49101,riken,CXVOPJQBVVUOTC|OBVFJCCARDWRFB|OFDWKHIQKPKRKY|OVFPMQHQVREOIF|SMLTWMLPLYCADB|WENNXORDXYGDTP
9a2793f6cf8813681762b6f2,riken,DDDXYRAMQRKPDO|LLXVPTXOKTYXHU|MVCCWTMPDBIKCJ|OWMJDOUOHDOUFG|OXLDBLCHXXJJPD|QSTBHNPMHXYCII|RCTKRNCKOYYRIO|SDGDWRYYHQOQOJ|UEDUENGHJMELGK|UJZQBMQZMKFSRV|VJEMOEYSQDKAQF|YZNCIXVBVQRGQN
9a2b7acfaad73286d996f889,riken,ARSRJFRKVXALTF|MXYUKLILVYORSK|NTULDXOMJSVNND
9a2b7d4f8e0cdb75cb42fc52,pluskal_ms2,AIHRWHPASCEREG|NNHPAXDGGSLXOK
9a458bf6cb9cfce3fd7c5758,riken,DFOCUWZXJBAUSQ|IUSBVFZKQJGVEP|KBMSVODXFLAQNJ|OIVDEBIGYOTPKV|VQQGPFFHGWNIGX
9a48f01e320f29525311bcbe,riken,HSTZMXCBWJGKHG|KOOCQNIPRJEMDH|YQHMWTPYORBCMF
9a4f0a98b038fa2aff741423,riken,BDIHZBORJCSTHA|XAIUTKHLNZBMEG
9a606f9331db2d8b75ffa77c,riken,OHDJGUWKOIBIKY|XGPBRZDOJDLKOT
9a62695e01a0b706bae4e553,pluskal_ms2,CQPNHLMWWVMZRW|NMRMXCLXYLASKB
9a6cb9d8f30dd7fc284532fd,gnps,FZGVEKPRDOIXJY|HXLAFSUPPDYFEO|JTAGHJPZEDNHHA|UWOSBTBFQCNRFW|WKEMJKQOLOHJLZ
9a8172c47818f5619f6a0a3f,riken,FYQXODZRNSCOTR|WZRCQWQRFZITDX
9a83aa6d4fadeeb42b99ee2c,pluskal_ms2,LNSXBBOFWRRZGM|RNBRLCCWVAEXET
9a851575cd7cc57a25423f07,riken,MYQKIWCVEPUPIL|NDOPUHIEVZKCTM|RBXJTMLAGALNAC
9a8575d0bd7da8d9c48b5c0b,pluskal_ms2,CXDFOJFHXOHFPC|FNFVFFALESRXAL
9a8e199f68708b068171dc3e,pluskal_ms2,ITKRZUCVBKTSGI|XCTUOBOQUJSQJX
9a8f2c30c34f8b6239cfdf24,msdial+riken,BJBUEDPLEOHJGE|PMMYEEVYMWASQN
9a9a101d9a0a0fd691bb43a1,pluskal_ms2,BNWOSCGZGKVWJU|QGDQWSUJMRTUGB
9aa5b6aae4ada7feb51fa01a,riken,ORNBQBCIOKFOEO|ZPIVVUOUQNSWHD
9acde9f8a2695b15158fe78f,riken,RDUAKQUSLVHHOC|YCDZBVXSGVWFFX
9acfa0de6e89328f168f6b5e,riken,AUVVAXYIELKVAI|GLQYFMRUYWFXGT|IHEJMZHKJYHVFF|JMUOPRSXUVOHFE|KXHCYYSIAXMSPA|ONJRISGOJDDBNB|WBYJYPOPDKQBQJ
9aeae390b8e667715b2fa933,pluskal_ms2,APIIIPKQPKSIHU|YPMYAACWUFNTEB
9af12d6cb830f3d48674237a,riken,AAJIHHYEPHRIET|DKEZDPGUJMMUCC|FELCJAPFJOPHSD|FWVHWDSCPKXMDB|IEBFEMIXXHIISM|KJNCJEFOGQPOHS|MOLPUWBMSBJXER|QOMBXPYXWGTFNR|SSHDNSCEQSPWIM|WTCVROXOIQEIRC|ZMTYENXGROJCEA
9af47dfc262829c191f776d7,pluskal_ms2,DUDWSRHTHFBRKU|LPUGOJBKFTVAPQ
9b029442d2d576922795a695,riken,AOHCBEAZXHZMOR|IOUVKUPGCMBWBT|ISNDTNDJSXYNKT|NOWZBRLFRHWZOY
9b0b536c19ebc4c3742d7ab7,pluskal_ms2,CYXUDQVIASTMEA|SYDYMJUELSZIBJ
9b161b6b648bfa146e3376e6,msdial+riken,RLTDMRMWVUCOAI|SYBLQDYULNRQHI
9b1ecedb5963712876471ec8,massbank+msdial+riken,CIUHLXZTZWTVFL|PCDQPRRSZKQHHS|SUHOOTKUPISOBE|ZGXJTSGNIOSYLO
9b2d8617483aa994a397c4a4,riken,BNSKYFUGMLMCLM|LMIKDUTVALJRPS|NRNOIJZZYJOCDE
9b33eaed1a7839d728c36331,pluskal_ms2,JUJGKVROMWUCBV|PXTZDSPTHUBOIB
9b35f86ec50b69f4a49ecb0a,gnps,ACCFLVVUVBJNGT|UQTPDWDAYHAZNT
9b377ac124719dcdc02ec4fa,massbank,FEFCILUKYGHITK|GOJCZVPJCKEBQV
9b58e80560a7849823c21033,pluskal_ms2,ACCFLVVUVBJNGT|UQTPDWDAYHAZNT
9b5d7e66156a093717b5af9c,riken,BDCDNTVZSILEOY|FYHRJWMENCALJY|HJEXOQUMFMERIM|UBCKYWKJKPMKAA
9b631fbee57ba55ec93241f9,riken,KGNGTSCIQCLKEH|KMPWYEUPVWOPIM|KXGVEGMKQFWNSR|LTJSBYAKDOGXLX|NDOPUHIEVZKCTM|ORBKWGMJLDNPAA|PHZOWSSBXJXFOR|QBVHCHNPFRRZHI|SSZQYOJANKKXOX|UFCGDBKFOKKVAC|UNCMRQFSKAVFQU|WHWWQGPCTUQCMN|YVCVYCSAAZQOJI
9b673fb0175314e2a591a23b,riken,CLOQVZCSBYBUPB|DMIWIJAIZZONNT|FVWJYYTZTCVBKE|IMKJGXCIJJXALX|REJLGAUYTKNVJM|WRPAFPPCKSYACJ|WTBZNVRBNJWSPF
9b67771454d2d35d70f822f1,riken,XQVKQEFQGYTUAR|YDQJABBOEPTJBN|YLYLCQRQSRDSQR
9b6f2acbdacd0bf0450025b1,pluskal_ms2,DQUMUIPQPPCWPO|PACZTINKMITFPU
9b82d15a3e13e6066c3dedc5,riken,RFRQHBOLMUEMMH|SGQLWFYYEYBZNX|UUBMSUGALIVVPT
9b85b32fbf9f6ee308bcc5db,riken,KKMPSGJPCCJYRV|SVHJCTSSYQPWEV
9bb3d5221e34ced39b350642,pluskal_ms2,XISVQJAIDIRBFK|XQQIQWJGWZKEHS
9bc50d5ef938ce2c6609563f,pluskal_ms2,MDSTUZJSRWNHAR|SQFVGVQJQQHFIE
9bcadb9136b4856b1e06ea00,pluskal_ms2,APIIIPKQPKSIHU|YPMYAACWUFNTEB
9bda72719fc4084e71814c0b,riken,FVFSMBDVZVUETN|JMFRWRFFLBVWSI|JWCDJOWFOVBBCP|WHFUDAOCYRYAKQ
9be3ac5f06439916b4c73b67,pluskal_ms2,ACCFLVVUVBJNGT|UQTPDWDAYHAZNT
9be561a040a7e393c5526ecd,riken,BKGUPIVDQHHVMV|OFDWKHIQKPKRKY
9bf586382c36937b0ff06605,pluskal_ms2,KUXXLZILBGVVLH|SQGYGJYLBBNULC
9bfa8d177472eb3dc8965579,riken,JGFCDHIJCNLFPY|QASFUMOKHFSJGL|RFWGABANNQMHMZ|YBCOIJNAMJAFSO
9bff049570bc1b66676cb0b8,pluskal_ms2,QVBVKZWOWLNBHL|VMQUIQPLKGWHIS
9c030b323d2a5d66f20c344f,pluskal_ms2,BPBCHSOBQVPDKG|DPYYBUMNBGGGJQ
9c108cc7fee068022b67bdc1,riken,MMJORIFPGDWBAA|YEIWCFPXBQSECZ
9c13f0dee86bdb3e8b26e9c9,riken,AEQDJSLRWYMAQI|SSHDNSCEQSPWIM
9c1bba399e9fd266afd39aa3,riken,OJTOQAJKIWTRSX|QBUIDYLGKMWNEA
9c36557965c33a3b31a8ea0a,pluskal_ms2,NTLPDOCUKAPZHD|QCOVZSWIZFLYDN
9c373baabf57bb90ce9c8684,riken,CXVOPJQBVVUOTC|IECPWNUMDGFDKC|MKQCLTNEQAMHGK
9c5119aeb145ebaad1d13527,riken,WHFUDAOCYRYAKQ|WYDPEADEZMZKNM
9c5c2f27d03faf213f0a7e93,riken,BKGUPIVDQHHVMV|FHVFUSPXGKLDPN|FYSHYFPJBONYCQ|GWDFJIBHVSYXQL|IDGXIXSKISLYAC|KEEWIHDTSNESJZ|KQJOTRBNSBFLSW|LTTQKYMNTNISSZ|MORVABAHRWEVGD|NQWVSMVXKMHKTF|OGBMVWVBHWHRGD|PEUUVVGQIVMSAW|STKUCSFEBXPTAY|VJSCHQMOTSXAKB|YBHILYKTIRIUTE
9c5ca989d19042a9d9bb21e1,pluskal_ms2,WBFAVGUESWCDPL|WPTPUPGXMPKMND
9c60a30fee6b95190cc870a9,riken,FEIHRQSTXZRGQD|IYPYOSNUSXBFTR|KUNIPLHOIJFHHR
9c6c145e293e21dbc3f897e6,riken,WCGUUGGRBIKTOS|XUSTZFGBQSSEAX
9c7895773e264b69894dad95,pluskal_ms2,BCOCNVVIORAKJD|HDBZZOVINYSWFM
9c94f657b837db7eb2bdc7e5,riken,CDDWAYFUFNQLRZ|DLBLMTCYISHWGP|HJRVLGWTJSLQIG|LLMCZIBSELEBMK|RAQNTCRNSXYLAH
9c95957d891df18a70eb8d72,riken,BPKLDKRUGJQLGK|CLITZDLAUPSELL|DBUNRZUFILGKHP|FHVFUSPXGKLDPN|FIAAVMJLAGNUKW|FLLNNFLVVBJTDW|FVWJYYTZTCVBKE|GOXOEVJSIJVLMD|HTBWBWWADZJXID|ILCZJAQMVSXUKH|JRAZFLUTTVOOOC|KFYOFJUUTSALEH|KHUVRRVIZOSFTI|KILZIJKCZIGLFJ|KIZBWUUJNJEYCM|KKSYAZCUYVRKML|KVRQGMOSZKPBNS|MQYXUWHLBZFQQO|PGFJPMFYRFILMD|QGNVMEXLLPGQEV|QPHXPNUXTNHJOF|RAJWOBJTTGJROA|STKUCSFEBXPTAY|UKGYNTRXPAKSOG|VANSZAOQCMTTPB|XQBZILVAQBMZFI|YVWSYJNONPRMNI|ZBXWGKPUSLRPHX
9c95f3143889a242b009bcfb,riken,HRYLQFBHBWLLLL|TURHTASYUMWZCC
9c9fd8e37c13d846ef802288,msdial+riken,BRZLPCQEKPAETF|CKQJTGWITOTSIE
9ca88d2551289a337aa4dd26,riken,BDCURAWBZJMFIK|HJRVLGWTJSLQIG|XZPNBJLXZMBECP
9cb0fa063d2316c130aed06e,riken,GMTJIWUFFXGFHH|KPKYWYZPIVAHKU
9cbcf214f4cb92cc67c5d117,pluskal_ms2,BSHOUTZDBGSAHM|JJBLQEHPWKPCRE
9cc55c7078471e1c24b60dfb,riken,PGQUPZCFLHXEHV|XSQFDXNJFMCRGJ
9ccb58f3ff64e7e90314f054,riken,BJJCTXDEJUWVIC|FHHSEFRSDKWJKJ|FNDTZZIWWYSDAH|GFPLPBCJRRNZHM|GRBHNQFQFHLCHO|GVEICTMRUVWSCF|HLXRWTJXGMHOFN|IGUYXYURIISSQA|KHHOUARHSDWEKJ|KWBPKUMWVXUSCA|LBJCQKYBKIAWHJ|LHRODNGBSOEBAU|LTMHDMANZUZIPE|LXOPDILLGIDKLW|MKQCLTNEQAMHGK|MMPLVSBMCAPCST|OZPNYAHEDUKMPF|PREBVFJICNPEKM|PWAOOJDMFUQOKB|SLEOSPFLNGKQLW|SXILFEBNQCRWAL|VYQZKFDYFAVOLO|WRJSPKBWGMBBSI|WXBBQBYCUTXTJQ|XDLBSNLAIQNWON|XQBZILVAQBMZFI|YVWSYJNONPRMNI|YXBHWZYFNLJVNP|ZDOTZEDNGNPOEW|ZGYSTIMSSGRLDA
9cccbd37cfa706804df1bc40,riken,PGLIMMMHQDNVRS|RYHDIBJJJRNDSX|WWVZUDKBWRFNRY
9cccee10763cdeb43eb8e066,pluskal_ms2,ALLUXZBOHPBSOT|PPAYXIXBAQIBAM
9cd21b71f8b200d94813efd0,riken,AGIQIKMGJVLKMA|PAFLSMZLRSPALU
9cd657c8ea1927f54dee595e,riken,DJOJDHGQRNZXQQ|KIZBWUUJNJEYCM
9cd89e7c7f0a4b4a00f0d2de,riken,IOLDDENZPBFBHV|SWOVVKGLGOOUKI
9cdcdb72da357c0fde2516b0,riken,KRKNYBCHXYNGOX|PWAOOJDMFUQOKB
9cee64278f34b7c95576c0b8,pluskal_ms2,HSMPDPBYAYSOBC|VJJZJBUCDWKPLC
9cf2a8df137af8ee97d5e204,pluskal_ms2,COZUWGMIBZZPRW|SSLKTQQOQJLHRE
9cf401fbd5bdcf1d89f40471,riken,ALAXFFCXAVBHBY|BAAYOQMJSFDMKV|BUBVKRMIMSPLND|FPNIDMZXMYSHOX|NGROIZSHBGXMTB|RBXJTMLAGALNAC|TYUAGPZTMCIDLX|VXPLPTGMDZIUQO
9cf7400397e6f5ac21fc1e51,msdial+riken,GIJDACMRFIMBET|GPZYYYGYCRFPBU
9cf902fcfb6219dcd8d7f490,riken,HPXCSOULTKVTSY|MMPLVSBMCAPCST
9d01e05772e4b12dce9719ca,mona,AQYCMVICBNBXNA|IBMRTYCHDPMBFN
9d06e3b2c79e50fbab4eebeb,riken,DHJXZSFKLJCHLH|MLKQAGPAYHTNQQ|PULWZCUZNRVAHT|RIPYIJVYDYCPKW|XFSBVAOIAHNAPC|ZVFCKHLBNXUAAD
9d070633de335c1b9ffe90aa,pluskal_ms2,LHXHWXOZMWMRIT|RQHFFTJESXCIFW
9d0fdbe842806851cfd5e2c6,pluskal_ms2,TXXYLOMHCHZXPU|UVLDZZAYYQKDSL
9d15feb8384afe3444bd4fe0,riken,AGIQIKMGJVLKMA|AUVVAXYIELKVAI|DYOKDAQBNHPJFD|HZIBYJCDCHVSPK|JGWQYLZHPPFHEH|JLJAVUZBHSLLJL|LADJWZMBZBVBSB|LDJDMENPMPQEFY|SPAFMWIHXVIIPF|UAPZTGRENZINFN|UWEHVAXMSWXKRW|XYYAFLHHHZVPRN
9d36c0f138523336f5d9f2a4,riken,LSHVYAFMTMFKBA|QCQGNTXXPCJRFZ
9d37c5c858d0de8a34035fa7,massbank+riken,BITPRCODIALMOV|BLMOHJOHJFWGFR|IQPNAANSBPBGFQ|IZQSVPBOUDKVDZ|SCULJPGYOQQXTK|VEVZSMAEJFVWIL|YPWHZCPMOQGCDQ
9d4ef5d8bb5554fd1ebb0c9e,riken,XMVBNLMKPMPWAX|YLYLCQRQSRDSQR
9d51e94488402e0f67018cc7,pluskal_ms2,DUDWSRHTHFBRKU|LPUGOJBKFTVAPQ
9d5e9cbe294be8fa24160559,riken,AUTZLTCWRDPAPV|FPECZWKKKKZPPP|ISNDTNDJSXYNKT|SZMZXQWCICMUFH
9d6279a60272c4254c73b860,pluskal_ms2,UWYLPROZOZNUOG|ZGGAPNDQHPUKNO
9d66b8207439cae3ca14ddc3,riken,HVTCKKMWZDDWOY|NEQGOKAKPXXESR|PGLIMMMHQDNVRS|QNBLVYVBWDIWDM|REZQBEBOWJAQKS|WMSZDXQCLFUBAQ|YWJXCIXBAKGUKZ
9d6c8e9456ddc653aa99e6e6,riken,BDIAUFOIMFAIPU|GBLZBLJGCQTQMB|PNTWXEIQXBRCPS|SGNBVLSWZMBQTH|YKGCBLWILMDSAV
9d753298b5742c8c46d03838,pluskal_ms2,WBFAVGUESWCDPL|WPTPUPGXMPKMND
9d790a494dabcdb46a606608,riken,RTNFBJXLYMERBB|WTBZNVRBNJWSPF
9d839d7e15107d60a372e760,riken,GPZYTVLJQBNTMX|XWOLWJSHOPYCNG
9d8854110f97983ca27b6490,riken,BPOPUDQXFXCWAW|CMDLPOPJXJYAMB|HJSUUMKMBHCPEZ|IHLDCUQUFBWSJU|JNDZMLHNKOCNMX|UVLDARVNLRWGBB
9d95fcc57124fb0a71a7b373,msdial+riken,JGHUOJAZXGSFRI|ZPEADZHVGOCGKH
9d98371057833dc3aa76f2ee,riken,DJSISFGPUUYILV|UWHUTZOCTZJUKC
9dac398a4f85712f499d5f84,pluskal_ms2,FJABZNARGCQYHI|IBHPQPWGCJIELA
9db3bcd01adbafe587166c58,pluskal_ms2,UMAUBHJCQBHBNO|URBVIUXMNISQPC
9dbd5b3965e621f45f89e29d,riken,QQQCWVDPMPFUGF|VJJZJBUCDWKPLC
9dcfd91f4fb0dfca562a5f38,riken,AJUACYVEKRAXEB|DSVMWGREWREVQQ|WRPAFPPCKSYACJ|YDQJABBOEPTJBN|ZTVSGQPHMUYCRS
9dd11f3312109978cb15f969,riken,BLUAFEHZUWYNDE|LNQCUTNLHUQZLR
9dd41422e8d2499a109da8ab,riken,DCBSHORRWZKAKO|QWQSMEDUZQDVLA
9de34582b4a18a03acf7c9d0,riken,KTZNZCYTXQYEHT|REFJWTPEDVJJIY|RPYHJEFMMXMMHG
9de6656686e98c4c51e207c6,pluskal_ms2,APIIIPKQPKSIHU|YPMYAACWUFNTEB
9de756b579cdbb4254fe8893,riken,AYHCPTDPDUADTK|GLDVIKFETPAZNV|KKMPSGJPCCJYRV|XJIPREFALCDWRQ|YKOPWPOFWMYZJZ
9deb6fb90faa69ae3d9cc77d,riken,CTJZWFCPUDPLME|FCDLCPWAQCPTKC|GZSOSUNBTXMUFQ|NODILNFGTFIURN
9dedac38eeec4db5ab358316,riken,JSRLJPSBLDHEIO|KMYWVDDIPVNLME|PWMWFOWSRFRPQK|RBXJTMLAGALNAC|YFGQJKBUXPKSAW|ZWRRJEICIPUPHZ
9dff5bcd69b376ac00b82146,gnps+riken,IFYOHQQBIKDHFT|ZCOLJUOHXJRHDI
9e0488af2f438d93681accab,riken,QVCMHGGNRFRMAD|SVHJCTSSYQPWEV
9e0cf4aeeb5d28fd9a84c944,msdial+riken,DRNRNRVRVCHSJP|PEYUIKBAABKQKQ
9e13a22a8a40306771397740,riken,DUAGQYUORDTXOR|HAVWRBANWNTOJX|IRZVHDLBAYNPCT|RAYQKHLZHPFYEJ
9e1b929be13739b06f264371,riken,PXQNZQURQNZGKZ|QVXHDRIBXYOKQA|VJILFEGOWCJNIK|VPJCTVQKHIFWKJ|VYIKEBWUZLHWQK
9e28074b69885161757babe2,pluskal_ms2,GRFDMYHZHROYFM|TVMDHLGHUIGCEL
9e37127d6cbfeb09bc138afd,riken,KRKNYBCHXYNGOX|PWAOOJDMFUQOKB
9e37b679fcdb05de3aa514af,riken,DYOKDAQBNHPJFD|ITDOFWOJEDZPCF
9e3b3fb132d1a72c3ae5e946,pluskal_ms2,MOBHZGQOOXHJFE|RZWORNXENDEBFF
9e3e93aaf1edbe6e7cd1b31f,riken,FOUMOIACEBZYPT|VWLXIXALPNYWFH
9e433f7afebd2130018f8ef8,riken,KKMSFCOCDJAGRO|ZRJBHWIHUMBLCN
9e7a5b1a128cdcb6bfcaee4c,msdial+riken,PIJVFDBKTWXHHD|RXWNCPJZOCPEPQ
9e7df8a2eff295300314dd39,riken,HDLNHPZHTNFCNP|MVCCWTMPDBIKCJ|NRYNTARIOIRWAB|OXLDBLCHXXJJPD|YRCWQPVGYLYSOX
9e7fbef400074fecff6ba0ab,riken,NCAZLDCEJHFJDT|PQHNJDATPYXLIX|RERZNCLIYCABFS|VFPFQHQNJCMNBZ
9e8dc8f1c887490096d710bf,riken,BROOMPUVDPTGEG|BZKDCAIDWFPAGZ|CNPWIVIIZHULCN|CZSBHMFVVLYIQQ|JWINIHBXRZXFKL|LLXVPTXOKTYXHU|NRYNTARIOIRWAB|QSTBHNPMHXYCII|RCTKRNCKOYYRIO|UJZQBMQZMKFSRV|XGVBNFXVLFKPCO
9e99d1b0433a4eb993c363b5,gnps+massbank,CKTSBUTUHBMZGZ|UHDGCWIWMRVCDJ
9ea387a934ee77853a3916bf,gnps,LTXREWYXXSTFRX|VKXWOLCNTHXCLF
9ea4412562643f3b0023c5cc,gnps,ARPMFGAHUJJAJK|BSVSUGNFDMUUNM
9eab886909c64c5394e3e91e,pluskal_ms2,NMQSSBYLGGVTDZ|OHGVHQMHGXAVGR
9ebb767048dfbe95960748cb,pluskal_ms2,CKLJMWTZIZZHCS|KSTJOICDZAFYTD
9ebcf69e9cf7401017936d53,riken,FVFSMBDVZVUETN|IHUNBGSDBOWDMA|IZQSVPBOUDKVDZ|QNOIBYYGOLISPS|WXHUQVMHWUQNTG
9ec02c4824ac6b89602ca19b,pluskal_ms2,MYWLNUHOXLSXFR|UTDLBBNCPPFBRU
9ed296b907d8b5080afdd828,riken,DTOSIQBPPRVQHS|FERIUCNNQQJTOY|KWIUHFFTVRNATP|MRIAQLRQZPPODS|NODILNFGTFIURN|OVSQVDMCBVZWGM|VFLDPWHFBUODDF|WGAGIALDHUDRIR
9ed2b53bbe77be2301f59bd9,riken,GLYPKDKODVRYGP|OXGUCUVFOIWWQJ
9edff5530e12a645cf9e6a45,riken,HUOOMAOYXQFIDQ|KVRQGMOSZKPBNS|LVCXAKWFQYYXLU|QIEOAEKNEKYVTH|UIDGLYUNOUKLBM|VGGSULWDCMWZPO
9ee5c6440ac51e2c8c59eb77,pluskal_ms2,DBOUYKVZAOOEBJ|NRCBCYLHFAVANS
9ee7088d0a7236fce67502b5,riken,FOUMOIACEBZYPT|IMQLKJBTEOYOSI|NNRLQJLRICHBII
9ee780dae73f5296e844de29,riken,AMOGMTLMADGEOQ|BOPIMTNSYWYZOC|JUZGXATTXYZBGK
9eeaadebd4f6590f96dced2e,pluskal_ms2,PQSIXLOUDAFRSO|ZOWWBCZXWIOJOA
9f12021b05998ce1255d8c4f,pluskal_ms2,FYAVKZAPDMHRQY|HDBDDEFTKCWERY
9f166c829acc130a5248c6b3,gnps+massbank,ROYOYTLGDLIGBX|XENHPQQLDPAYIJ
9f1deb9a5b50518dbd92144c,riken,KBTWMQRNUHIETA|NSEWTSAADLNHNH|RYWOMIMQYQUGDB
9f20085aa7a9f4520e3d3426,riken,CDDWAYFUFNQLRZ|IAEZLXLDZBZQPU|INYYVPJSBIVGPH|LLMCZIBSELEBMK|NMLUOJBSAYAYEM
9f327a89f7774504e0038b4d,pluskal_ms2,BBMIVYSZKOFQRF|TXHLMNLRIQPPAP
9f36aa8313e1a952fe446e4f,pluskal_ms2,GFCSUTJOAMZKFA|LJSXVUNPOBKHPW
9f3b89f116e2cb3876cf748c,msdial+riken,BXNJHAXVSOCGBA|WTQWDNIIFGEBSZ
9f455782088ca4cfe2ca0332,pluskal_ms2,BVHCIBPROINFPQ|CRAONLIHLOSKGE
9f45ad782ad95c67f8256b75,pluskal_ms2,JHFTZDIBPBWDSZ|ZWOBLPRWICPDNF
9f4b4b74ae628b2c5983010a,msdial+riken,TXNLZKDXBKIUOQ|VJCNEDVMYQCMBK
9f4da9a07e91d7d376dfc605,riken,AYWNHWGQTMCQIV|JJURGRVZASRDDE|PTDAHAWQAGSZDD
9f4f0c4b0a94d5e10dca3adb,riken,DAXYUDFNWXHGBE|KXGVEGMKQFWNSR|NBVTYGIYKCPHQN
9f4f5527a69e3df849d66183,riken,CXVOPJQBVVUOTC|JDCPEKQWFDWQLI
9f5389ccebf3f8de20862e9e,spectraverse,AQRZISTZTOCNOY|PPQNZVDOBYGOLY|RMLFYKFCGMSLTB
9f54be3b5e74e2e8f5ef9910,riken,GLQYFMRUYWFXGT|ZVTVWDXRNMHGNY
9f5ad47f8ca3a9d579bf457d,riken,GXAHUZMCACKPFI|HVPKALQHGQMJER|JWINIHBXRZXFKL|XBRXLXOCHNGHBC|XFSBVAOIAHNAPC
9f6530b0f78acfc344d06d7b,riken,BQKXJCBALVIMOT|BXBGUZJWTCKDJY|CQLRUIIRRZYHHS|FFGGWIVHOGEVSP|MMTWXUQMLQGAPC|QEEBRPGZBVVINN|RISXUTCDCPHJFQ|SORUXVRKWOHYEO|WKBWYWJYOAONEI|XRWQBDJPMXRDOQ
9f6c11ea2545e93d00dc7044,pluskal_ms2,GTOZLSBCFMDWIZ|IHGVAVLSTPCCJP
9f6ee46dc72b36bfba1f54e1,riken,LSHVYAFMTMFKBA|RBXJTMLAGALNAC
9f71ef195e668bdfdecc4ab5,riken,BQTYHFZQSAKNQU|CDDWAYFUFNQLRZ|DBCAVZSSFGIHQZ|DLBLMTCYISHWGP|GBJKHDVRXAVITG|IOUVKUPGCMBWBT|LLMCZIBSELEBMK|QJKMIJNRNRLQSS|VKJLHZZPVLQJKG
9f7679b6868175de7f367796,pluskal_ms2,FTXQMXYVEKCYAO|QHJHUTXUTFOAJX
9f917549b42137ca1083b34e,riken,PGOYMURMZNDHNS|TUSDEZXZIZRFGC|VOZDDCMEFRAJHD|XZPNBJLXZMBECP
9f93936e243395ecd1d16026,pluskal_ms2,BSHOUTZDBGSAHM|JJBLQEHPWKPCRE
9f9472edb4f591c312a123e6,massbank+msdial+riken,JLSKPBDKNIXMBS|VXROHTDSRBRJLN
9fabcfa64dc986e1fe1ca989,pluskal_ms2,JUUDNBKOOJEVBA|UTKXNPBRSKXJEW
9faff4bc5de3da821b2eb93e,pluskal_ms2,JBOVBXYGAKERSW|LAHJEFIOWWSNMI
9fb5a548e52077cf8d7b40a3,riken,CRSFLLTWRCYNNX|URTXXFGOVQACIC
9fb5d8127cc5e5da4cc3ddae,riken,BVMVRPVYRJQROP|FFULTBKXWHYHFQ|IKGXIBQEEMLURG|KRVIIMWSCXORIQ|KXVRUTRUTLGTEP|WKBWYWJYOAONEI|WQLVFSAGQJTQCK|WURLGASLEZVNHV
9fcdcedb64a284f45120be98,pluskal_ms2,VHNBSWKVDGABEV|ZUXLIBRTWRBKLQ
9fd06f1bc4bbf4cb32bf3fee,riken,CIUHLXZTZWTVFL|GPFNSVXDXCMNOL|NYSZJNUIVUBQMM|OZTXYFOXQFKYRP|VENRSYBHHVDBDC|VZRKWGPIZJDNHC|XAIUTKHLNZBMEG|XCUCMLUTCAKSOZ|XSLKAKROJKMHIT|ZUADKIVUCPFXDX
9fdc610cbfd6f4e4cbbec1eb,riken,KKJYIHSXTUGJLP|RWNHLTKFBKYDOJ
9fe886d5cee3e382cffaf263,riken,FIQGQTITXPTKIY|KGEKLUUHTZCSIP|NRPRPSMFVBRREK|QVTPQPDYCBHPCC
9ff720467fd8b1b863ce935e,massbank+msdial+riken,QCBYPZMBCRALGZ|QDDILOVMGWUNGD
9ff84d0db97d757bcf3cb7d1,riken,IVLRQLIWEVLAQF|LJOQGZACKSYWCH
9fff81ea72d6bd323aa2911d,riken,ATQBPBZOVWXRTA|FNMHEHXNBNCPCI
a00075ad86de09071a340974,pluskal_ms2,JVZPGYIJXCWFMH|PBFBWKUVMUZLGD
a0079612f26a8d50426794a8,riken,HMMGKOVEOFBCAU|PHFUCJXOLZAQNH
a00a4ed5e3251f2183dfe110,riken,NVXMWPFVIMTPPT|VOBOQLHWHJWFCX
a01582555b28ebfcd9303d4b,pluskal_ms2,IAGCHMSJCASFSZ|PMMBSTFHDDYYOE
a02c58d89161df02a13cc789,riken,GCJWPRRNLSHTRY|KVAQLXUMUVEKGR|NGFMICBWJRZIBI|RLDVZILFNVRJTL|YOSRLTNUOCHBEA|ZPFRAPVRYLGYEC
a033b9d25e9e1dc405b0b1ce,riken,BUBVKRMIMSPLND|PAXNVPZJVMRVBU|XCUCMLUTCAKSOZ
a04246935591e32e6214f257,riken,AEDDIBAIWPIIBD|XAIUTKHLNZBMEG
a04ea428ebd7d04b5f8f7e2f,riken,HVYWMOMLDIMFJA|IINUIABWYMTUJM|KUYOHDBLZSPZHG|OBVFJCCARDWRFB|WIDIORLKUZCAMX|WPYJMNHBYFFULY
a05b29244d932c34ee9f4a68,riken,GFPLPBCJRRNZHM|HJRVLGWTJSLQIG|UZIOUZHBUYLDHW
a05dbe5a09f88ff07fd4595a,riken,AONBXCCYURJCAY|ZZMNWJVJUKMZJY
a063b5aa06d16648a839cfe3,riken,KLHSKTMVSOWVLD|VDGOFNMYZYBUDT
a069716fa7a1e3e5b9c6cc75,pluskal_ms2,GVHLLPAHVPRCOO|SSLKTQQOQJLHRE
a085d1550514840063b9c5fe,pluskal_ms2,NSIVWGHKPKEUEX|RFHODCBTTYAIES
a0868d0c47ae9b2be13e23d7,riken,JVXWNCRJCLOVRQ|VHUNCYDAXJGCLO
a08f9afbd2ddb7e48de23825,pluskal_ms2,AMXCTLDSFXUPOC|UYDSWRORAHRACW
a09a41710b37243e36d145fd,pluskal_ms2,LSHJBSNZCVJLHC|RCXHLQWLYVOCAO
a09b2c064a044663722945e2,riken,QOMBXPYXWGTFNR|YTXIGTCAQNODGD
a0ad76f70af703a92727fc7c,riken,LMBHKAWZFQGFAN|ZSBXGIUJOOQZMP|ZYBXFVWSQYBVRU
a0b526abad0307afc0c09e52,riken,JRAZFLUTTVOOOC|KJNAEXDMQJHQJL
a0c6205d5e699bf4e0da0955,riken,BDIAUFOIMFAIPU|SMTKSCGLXONVGL
a0ce8fa9afa5e74069842860,msdial+riken,NDWAUKFSFFRGLF|OVYNGSFVYRPRCG|UYARPHAXAJAZLU|WHFUDAOCYRYAKQ
a0cfeafc767d5b855d9f45da,riken,BURJAQFYNVMZDV|KWDWBAISZWOAHD|KWRQPASKWCJCPI|LFKQVVDFNHDYNK|PHEDXBVPIONUQT|VRSRXLJTYQVOHC|WXQHVBNTINGJJR|YAPQBXQYLJRXSA|YEFOAORQXAOVJQ|YTPBUIWNJRGZFW
a0e1d9628d3fb91771124a8e,riken,AYWNHWGQTMCQIV|CGGWHBLPUUKEJC|UVJYAKBJSGRTHA|WIONIXOBNMDJFJ
a0e2290ab3a6e69df045280a,pluskal_ms2,CEAWTEFLCWIYNQ|GZTPCINTRJLOCU
a0e9882d4f4c5dc98904a6c7,massbank,JNMMKKYUIIQPDG|NLCNUAPJCIAONV|ODCKICSDIPVTRM
a0f3f1356f1a35510a1e9104,riken,FVHFOJVXQABRQG|OJYLAHXKWMRDGS|RKFAZBXYICVSKP|RPPYCVULPFKBOG|VOZDDCMEFRAJHD|WRYJYFCCMSVEPQ|XSQFDXNJFMCRGJ|XZPNBJLXZMBECP
a0fa6c485ac914e443523d19,pluskal_ms2,ALLUXZBOHPBSOT|PPAYXIXBAQIBAM
a1046f43f9ef8cdd80d2e596,pluskal_ms2,CJQKZZRIKGCEPB|WSZAXICPAZNABD
a14478957b6c0374d26011d9,riken,ATHGHQPFGPMSJY|CITHEXJVPOWHKC|DYOKDAQBNHPJFD|GLQYFMRUYWFXGT|LBHYRBPEXITYTN|OXVUXGFZHDKYLS|QFJUYMMIBFBOJY|UTCJVDFLMODHQX|VOXMONAUSQZPTP|WENNXORDXYGDTP|WJMMBVSOQPALFO|WMBWREPUVVBILR|WRYJYFCCMSVEPQ
a144eebcf053b40083d0c548,riken,MFMQRDLLSRLUJY|SDGDWRYYHQOQOJ
a16468e783a6652d5114a7f6,riken,IIWUQMDYQWUJCW|UAMJDBHGEBLGGF|UUBMSUGALIVVPT
a16f63657a773e10a72d3863,riken,BYEKJUATVGKCCZ|CIRSPTXGPFAXRE
a170235d6f84b690f5441c27,riken,MQDDJIPAADLFAB|RAJWOBJTTGJROA
a172959d7204aa3a96704166,riken,FWDOTPMBXZPVHK|WENNXORDXYGDTP
a17d3a8ef3475313447cf271,pluskal_ms2,SAUZXUNTWRNGJU|SJXUBMDSTDDEOO
a180aa87ecbeb1c9920cb731,riken,AZKVWQKMDGGDSV|IAOZJIPTCAWIRG|SMLTWMLPLYCADB
a1832248d85ae0704bff4b31,riken,ALWVJGZIYSIJGR|SLEOSPFLNGKQLW
a18ec4e3080912dfc8dfe342,riken,IMKJGXCIJJXALX|PDHAOJSHSJQANO|ZXAGLUIVEUDJAR
a18f2a68bcfc44222e415eac,pluskal_ms2,KUXXLZILBGVVLH|SQGYGJYLBBNULC
a18fdb25a217809e23703e39,riken,ALYHYIXFUOUIHJ|DLBLMTCYISHWGP|FQEQMASDZFXSJI|GAZDXIGXYWVWQX|NMLUOJBSAYAYEM
a1926fa0150ebd01090b494b,riken,KWBPKUMWVXUSCA|OYHQOLUKZRVURQ
a19625274122c7e716f526b5,pluskal_ms2,GDVMMPACXKUSLT|NKJUHJLRKSNMAM
a19f82cb8b7276ae53096fa6,riken,KQNPFQTWMSNSAP|LCTONWCANYUPML
a1ad549bd3a90b629b63d89f,riken,UZKBSZSTDQSMDR|WFNAKBGANONZEQ
a1b4d94bddf99865893fdb36,pluskal_ms2,NJBYUTOWPHROOF|WLCDWHOAVKKKDI
a1d82ace1708d13924897daa,pluskal_ms2,LHIMNNALUHPRPU|XYLLJSHRRXJODP
a1da7ff91bbdc3c7405b6bb5,riken,UEDUENGHJMELGK|YWPVROCHNBYFTP
a1e84212e1d5e9059588c042,msdial+riken,HMJJWFFZRCLIDN|LSHVYAFMTMFKBA
a1eac578a6c0303423e05c4a,riken,LJWPEDHNPDOGIV|QLKSLGRVBGVPPG|QRYCLVPCVHKKTG|VEVZSMAEJFVWIL|WYKUTTFFZMQCGO|YLTPWCZXKJSORQ
a1efee54727d179218248165,riken,ACNHBCIZLNNLRS|RTATXGUCZHCSNG
a1f0c1527d7538925892d3d4,msdial+riken,DBOVHQOUSDWAPQ|GDLBFKVLRPITMI|HGJXAVROWQLCTP
a1f260de1294b72e5b1be9b4,pluskal_ms2,DEDXOELQYHNPFM|LVKRLQCGHRMNRC
a1fa7217c4ee09367beaab26,riken,DTOSIQBPPRVQHS|FLIACVVOZYBSBS|QIQXTHQIDYTFRH
a2245f614213a1b57f8d18e8,riken,FHHSEFRSDKWJKJ|WZOBJNOPFAHZTE
a2303b5906f011bcf9f4ac32,pluskal_ms2,FEKZKIZUNAXBLO|IKKHMJLRUJIZHA
a23ddd1472c7b0866cfeef7c,pluskal_ms2,BXVRKQKCHGZZII|HLKXLQAQQODOAS
a26471f277458589be1a8960,riken,JMBINOWGIHWPJI|LKYNAQSYQLFTCM|QOMBXPYXWGTFNR|VRSRXLJTYQVOHC
a265129c422ce1120bd4fc7a,riken,AMOGMTLMADGEOQ|CULUKMPMGVXCEI|YJBVHJIKNLBFDX
a266aea2bbc92fe1235ce8b9,pluskal_ms2,BXSWNEVPGYRLEF|MTIQGFJEGKOVQK
a2674874e2ef0bd55399a95f,pluskal_ms2,FEKZKIZUNAXBLO|IKKHMJLRUJIZHA
a2739f2a78c4d087178a8703,pluskal_ms2,ASRXEZIKGLIGGL|VFWXVTFDHYMRIG
a290248aeba405ccd1ba0431,riken,BDCURAWBZJMFIK|KYWSCMDFVARMPN|RPPYCVULPFKBOG
a2b655d2fb8f049c827157e3,riken,JKWDWVGZUYPALT|WQLVFSAGQJTQCK
a2c041283758986ae7755564,pluskal_ms2,ATGOUMQDRBWCTG|IVNCONQKTFXXOW
a2cba46fb52747d2edaf9c03,pluskal_ms2,FRSWCCBXIHFKKY|JZRMBDHPALEPDM
a2cbac2e90315126de49e4d6,riken,ILEDWLMCKZNDJK|YRAQEMCYCSSHJG
a2d535fa1fa3102c17d226a5,pluskal_ms2,FJQNUNBQWRUPSI|UUBVLNODMJCOTD
a2dbdf8eb14aec73eacc107a,gnps,CIUKPBWULKEZMF|KLSWEPWXTWWTDA|LOAAPUCUZSSCLI|QPUVKSKJCNGSGT|VPDYFKUXUUPPMD|WSYVIAQNTFPTBI
a2ddc5dac0e492ed072d9a85,msdial+riken,FGKJLKRYENPLQH|FUZZWVXGSFPDMH
a2f5042f0de383cb0c3283a1,massbank,CTSLUCNDVMMDHG|NLYNUTMZTCLNOO|UPMXNNIRAGDFEH|VMIYHDSEFNYJSL
a2f5133d072110847d10dbc4,riken,BWBDFSQZBMBWPC|CLITZDLAUPSELL|XQBZILVAQBMZFI
a2fe99363ca63cd814037b6f,riken,ACVGWSKVRYFWRP|CXSXBHMYYCPTHP|FMIMFCRXYXVFTA|HGJXAVROWQLCTP|HVTCKKMWZDDWOY|JAYVHSBYKLLDJC|KVKRFLVYJLIZFD|NEQGOKAKPXXESR|PGLIMMMHQDNVRS|QBUIDYLGKMWNEA|QKQLSQLKXBHUSO|QNBLVYVBWDIWDM|REZQBEBOWJAQKS|RSIWXFIBHXYNFM|RYHDIBJJJRNDSX|WMSZDXQCLFUBAQ|XUARCIYIVXVTAE|XYHOBCMEDLZUMP|YWPVROCHNBYFTP|ZZUFNBURDFJFSK
a3021b270da08b28375088f0,pluskal_ms2,KADNASLNEZLISD|ORSCGZFGPRIFNA
a305b0387e73dca70800d792,riken,JNRNIJXHDHXSIY|NXAMVENCLBALNK
a312fffb13e4c65cb571d3b7,riken,OLGXIHMDNRLIMD|XHCADAYNFIFUHF
a3195c67ce6b732ce4a4c352,msdial+riken,CZMRCDWAGMRECN|GUBGYTABKSRVRQ
a31eb15be0ac14186a151e09,pluskal_ms2,AAHYTWRSQZFZCM|UJYUJDHVBRLJHG
a32f3d42285a48acc5e86d71,pluskal_ms2,XGYGEAWFUZQYSS|YNARFWWBMMQRTJ
a3396118901eafde3a00a2e2,riken,DMDBJWPXOHROAS|PQCLUXROBSBPIN
a33ec9b12e1ec6c88f047246,riken,LSHVYAFMTMFKBA|REIZDYUGEPBIJP
a3433ef2720fa15c4250bbff,riken,GZSOSUNBTXMUFQ|OVBPIULPVIDEAO
a34a48ca82df87c4fc0e2f1f,riken,GBJKHDVRXAVITG|HSTZMXCBWJGKHG|LLMCZIBSELEBMK|NIKHGUQULKYIGE|QJKMIJNRNRLQSS
a34b2a2cbe82285c6dbfe645,pluskal_ms2,DFSNUDFNCOQUSJ|LXVCQCRSHWSFRS
a36173f60e02da26896e8935,pluskal_ms2,JUJGKVROMWUCBV|PXTZDSPTHUBOIB
a36443437cee8a78f69e355e,riken,XFSBVAOIAHNAPC|XUHJBXVYNBQQBD
a394a7dc4edf1ee095728a06,riken,ABDZGGVFJYHTBS|GVEICTMRUVWSCF|IUOVOAJPVOWNCJ|IYPYOSNUSXBFTR|JTYYHSPDVLJFOJ|KONAXQKGWYDUTG|LLHJXODPYGGYCJ|OFSZOCPGPLMCBG|QUQPHWDTPGMPEX|WQVCDQYJDQXJLY
a3a16850ea7adcfaf510849b,pluskal_ms2,GXFIQOWIDSZYKM|VSTJLJLYMOOSPZ
a3a4d86cb94609e8357c0994,riken,JKQXZKUSFCKOGQ|MIJYXULNPSFWEK
a3b4e052ebec9a8d6d2d59c9,massbank+msdial+riken,CCLQKVKJOGVQLU|JAKAZHIACKJNNB|LEVWYRKDKASIDU|WIRRQLQRDSREEG
a3c77ca6adefdec1d0e69263,riken,CVAVMIODJQHEEH|DVBDUGXUGVXSTB|FQTLCLSUCSAZDY|LNJTUUHDKCPQAA|QURCVMIEKCOAJU|RKFAZBXYICVSKP|UWEHVAXMSWXKRW
a3cfc3f95b7399001cad836c,riken,OUHBKBTZUPLIIA|PTDAHAWQAGSZDD|QMGGMESMCJCABO
a3dae36b187040c81094e9b3,pluskal_ms2,CQNDWRCAXXGMFD|ULUVSAUIWNKOPX
a3ee41f62be92a735c78d8fb,pluskal_ms2,MBELGAQBYWCSAX|QULYBEMQHFMVJL
a3f0071c24daeaf6d3a16d3f,pluskal_ms2,GDVMMPACXKUSLT|NKJUHJLRKSNMAM
a3f0590b8cd3c4102fb9e668,riken,DUBPGEJGGVZKDD|JNPXCTROEJQHKD|OBVFJCCARDWRFB|RPLMLWBOUPDPQF|SCULJPGYOQQXTK
a3f9cfdab5352c3e5000e02e,gnps,ACCFLVVUVBJNGT|UQTPDWDAYHAZNT
a3fc0d0a45e67e26a444a067,gnps,BCPIUNPFLQCAQA|FLUDIVNHJCQDDD
a402666a7ecbf6ece15a07fa,pluskal_ms2,IUXMTYJKGIMPHV|MHYUNYWLDKJMRL
a41007d7b1041876f64a942d,riken,MKQCLTNEQAMHGK|UYXBVRMASFBLKM
a42d3e758fbcf5f1d37b9abe,riken,AFEVCSJFNQWWDF|AJPXZTKPPINUKN|AKNHFZVXJDNNJF|ALPSEMFPAVSKJO|BNMGUJRJUUDLHW|BVMVRPVYRJQROP|CIKNPMUSQDPKAK|CQJGDYZEMIGJCJ|CTJZWFCPUDPLME|DUXXSSRWDJUVQP|DXZNCVRUZDRWLR|FFULTBKXWHYHFQ|FNIRVWPHRMMRQI|FVNYMYXXKXAQHS|FXFHFOSEURHWMO|GEZBXBRXWZJSAV|GFPLPBCJRRNZHM|HAVWRBANWNTOJX|IECPWNUMDGFDKC|IIWUQMDYQWUJCW|IRZIRGSTEJPVHR|IXODJGLAVBPVSW|JRHMMVBOTXEHGJ|JXTOWLUQSHIIDP|KHHOUARHSDWEKJ|KILZIJKCZIGLFJ|KWDWBAISZWOAHD|KWVISVAMQJWJSZ|KXVRUTRUTLGTEP|LUTYTNLPIUCKBJ|MBYNDKVOZOAOIS|NVRUMGAPYRSOQF|OKGRRPCHOJYNKX|PMBOOVZSTMWOFS|QCTMYNGDIBTNSK|QIJQOXKBKYUQGM|QJCKSTTYTCSITQ|RBFNEOONBAEQRW|SCULJPGYOQQXTK|SGNBVLSWZMBQTH|TUFBUBIMKZRZLD|UJZQPNXJSBWWNU|UOJAEODBOCLNBU|VELYAQRXBJLJAK|VEUCARGUUJVDOF|VUWOVGXVRYBSGI|VVLPFXAEVKKWTK|VXNJCLUDBLYAOL|VXPLPTGMDZIUQO|WHTZSUJONCYCML|WMBWREPUVVBILR|WXQHVBNTINGJJR|XPCTZQVDEJYUGT|XSMQPVSPOJTVQR|YLHQFGOOMKJFLP|YTPBUIWNJRGZFW|ZOLVWZHOOPFGPM|ZPQSCMDVMOBZID|ZRKGVMOZKMBTHF|ZTQSADJAYQOCDD
a43751759384b9bf7fce0b6d,riken,GLQYFMRUYWFXGT|PMVCHAWVCIWVLP|TYALNCRUIKOKGP|UWQXJCZFCNIUHA
a439ee023f11a8669bb04e90,riken,NSEWTSAADLNHNH|TZJALUIVHRYQQB
a43ee5acf1f804310b8ee6e9,gnps,CNBMQDMRPDUMDK|KYNHWVSHYKPILI
a43fd287ce6025583ae0e4f0,riken,JOGLPTTWXBWTKD|KJUYGRKBLRHDHL|XVULBTBTFGYVRC
a44ad7cbe041b4836a641319,riken,BCIWKKMTBRYQJU|DTCGCFSHOOECEU|FCCUWKPTCIBKQH|FEIHRQSTXZRGQD|LHRODNGBSOEBAU|LIHLSLRANKCHLV|MCPFEAJYKIXPQF|NOWZBRLFRHWZOY|OGWKCGZFUXNPDA|ROQZUJKOMJECOM|SSZZFAJCDFWCJW|UVZUFUGNHDDLRQ|WHFUDAOCYRYAKQ|WNGSUWLDMZFYNZ|XUHLIQGRKRUKPH|ZMKZIKHBSPDWEF
a44d5ae774cc62e635ca480a,msdial+riken,HXEACLLIILLPRG|SOSLMHZOJATCCP|VPGGWGYOGZDTCS
a46c9a873f496896925c77cc,riken,JPJDIOVDAAVUNF|PWAOOJDMFUQOKB|QAIPRVGONGVQAS|QNBLVYVBWDIWDM|VGJOYFZLAIERID|YURJSTAIMNSZAE
a48a34eccf74ba25c678724b,riken,OAVAUZCEOWCYCC|YDDUMTOHNYZQPO
a4905cfb0c2dd9ca8c6c3ad4,pluskal_ms2,LPRKQJFIKKNYAR|RXEIDBOHFOSBOR
a49df80299aa034504855c5e,riken,FMIMFCRXYXVFTA|PYJMYPPFWASOJX|QNBLVYVBWDIWDM|REZQBEBOWJAQKS
a4c69e82c93a8cdc14a26a8d,pluskal_ms2,HPOCNXSXHBPCMS|XYNSYKOYOYGJOL
a4ca23b125de3f1bc5d6981b,pluskal_ms2,IDDMDWMPBMJQJD|YISGEWIPSYUCLX
a4d15f6b026c68782577696c,riken,CNNRPFQICPFDPO|FZAGOOYMTPGPGF
a4e13e0f210f776e8d08c086,riken,LCMFDJQAHNDLEI|MMJORIFPGDWBAA
a4f776aff6865237b99b7d69,riken,NJPDRQDELKMUTI|RETRVWFVEFCGOK|WTDRDQBEARUVNC|XLPAINGDLCDYQV|YDQJABBOEPTJBN
a4fbf3b6aca4b2b846ccb459,riken,HVTCKKMWZDDWOY|QIEOAEKNEKYVTH|WWVZUDKBWRFNRY|XYNPYHXGMWJBLV
a505648684ad9614a3073718,riken,HDWHBDOGVXCYAX|JJVSDUQOSRRODQ
a5100f29d1c23ad4a199fc0e,pluskal_ms2,DROPVPJMRGGPKM|ZJEPNTABSZKVMM
a5157a0657d3d2237a2a583e,riken,GPLOTACQBREROW|JQEFRKPLHFKTFL|RKWHWFONKJEUEF|XFZJEEAOWLFHDH|ZGRZULFRVWCUPF
a51bc40f7381f88ce605d42b,pluskal_ms2,BXSWNEVPGYRLEF|MTIQGFJEGKOVQK
a527f4eda8eff7bad89228b2,pluskal_ms2,DYUOZQXMTYUSED|KQSVEWNCWPLKQV
a52a5972bde6ca0d5be25aaa,riken,DGFVATVOFRGGFO|DHCSEHRBYOAURX|DMAOFWOOOIHKPU|FIAAVMJLAGNUKW|FKSGZFHITNNKNJ|FNDTZZIWWYSDAH|GJOCOWQRASAGSS|GYZBHTVPNWMIBE|HCXVJBMSMIARIN|HGIIHVJCDPYWBJ|HLKOGABKYAJUAW|IEYPTSQYHVVDAC|IMPWMPCRAJNBMS|IUSZMBXMNBITIK|KHSCYOFDKADJDJ|KJHRDNNKNHKYDW|LBJCQKYBKIAWHJ|LHGNBKKPEPCPCT|NBLTXOXNRITXNW|OUTJRQWSVYAHKN|PLAPMLGJVGLZOV|PWAOOJDMFUQOKB|RHODXLDODRZRRT|RPZNDXQAMBDGRZ|TUUXBSASAQJECY|VJSCHQMOTSXAKB|WEKCEGQSIIQPAQ|WNGVOVVMNRIJOX|YQNLTBIQEYMXGA|ZGRZULFRVWCUPF
a52bd8ba8bac354b711bdf72,msdial+riken,DZGWFCGJZKJUFP|KFVUFODCZDRVSS
a55d09d4b00700d9a9db09f6,riken,CKSNMFLZWZXKGH|SKHJNNFXCKTDBG
a5716aee343795f8b436a18d,pluskal_ms2,BIAVGWDGIJKWRM|UNRCMCRRFYFGFX
a57717efe0eb82976bc7787f,pluskal_ms2,DUJBGNHGEBLHHI|MVYSIIDOGIFTRC
a57bc2f5b777bf61d4a72b32,riken,DKYDTFCHFHKRQH|JXCDWBSOTYSNDX
a58463646a522c1f8ecd9394,pluskal_ms2,WQCBMEONWKFYCS|XYIUVKBMNWWWAR
a58994643a0b05ebc55312ef,riken,GLDVIKFETPAZNV|JEKMKNDURXDJAD
a58a2f4a83ad95bfa74b7375,riken,RMCRQBAILCLJGU|VNONINPVFQTJOC
a59f8d817468da124de55bbc,riken,HLBDEIQKPVIENA|ZKUCDSCKSARUCE
a5b2382022dc3f4dfaaa3bee,riken,DAXYUDFNWXHGBE|GLQYFMRUYWFXGT
a5c00e7eb3a07d84a5ac06e7,riken,HQQUZVFMUSCUJS|ILKZIWOLBIGWMR|UDUSXFYYMKDBSJ|WVRAIABMMRFVCC|ZHOCWHLKCHVNGG|ZKLSVVSNZGPHRI
a5cb842c233d04c928f52859,pluskal_ms2,BMCAADNYJSYKBY|FQECYODDXMQVMR
a5cef5e9a88ad93f5895a64e,riken,DCULYKVTBAXAER|LVCXAKWFQYYXLU|QFPLAAZRZNKRRY|QVXHDRIBXYOKQA|UGJAEDFOKNAMQD|WTLLIAVPAMWKOT
a5e72ab869d7ce6c0e4a37ee,riken,CVAVMIODJQHEEH|DWCCVUBESGIKQL|FPJQGFLUORYYPE|LCAZOMIGFDQMNC|OLZAGZCCJJBKNZ|OXVUXGFZHDKYLS|PVLHOJXLNBFHDX|YJWBWQWUHVXPNC
a5ed50137360b52c9ced0618,riken,FCDLCPWAQCPTKC|GVJHHUAWPYXKBD|GZYPWOGIYAIIPV|IRHTZOCLLONTOC|NFZYDZXHKFHPGA|NODILNFGTFIURN|QNVWGEJMXOQQPM|QOVKKEKBURQILF|QUQPHWDTPGMPEX|UEDUENGHJMELGK|WMBWREPUVVBILR|ZQSIJRDFPHDXIC
a607b0f2f8115ca1a68fd8c3,riken,MEHHCBRCXIDGKZ|YVWSYJNONPRMNI
a60d5826befb5d94c3a8b5b3,riken,NGFMICBWJRZIBI|RLDVZILFNVRJTL
a6179f2e5f9bed4003503392,riken,CKEXCBVNKRHAMX|HAKLHHOBRHFKAB
a631cc354a037996a23a75a7,msdial+riken,BYXCFUMGEBZDDI|HJTVQHVGMGKONQ
a63afb4978e2ddfbbbda9f29,riken,CCVYRRGZDBSHFU|KFEFLPDKISUVNR|WCNWARYSICKKGF
a64b95c1c68331938f88d734,pluskal_ms2,GFCSUTJOAMZKFA|LJSXVUNPOBKHPW
a6616355045c9fdc261148a4,riken,DVWKMCPPEMUHBE|HUSISCNTLUEZCN|MDAHEEBYLFVHSJ
a6664c7d8718206605e9e2d5,riken,AYWNHWGQTMCQIV|KVKRFLVYJLIZFD|XOXYHGOIRWABTC
a676ac84fd8d5a5ecf69f3d0,riken,AGBCLJAHARWNLA|YMWRMAOPKNYHMZ
a67e438fd43824a97b5596d0,riken,CTJZWFCPUDPLME|TYNLGDBUJLVSMA
a6853dba29038ca155abdcee,riken,GBADBFAXAWZGHM|OCFIUNGSKQZESJ|PQOCSSYRLUIAGG|SBFHGLOFVRNGAB|YBNGMTPOCJXHDM
a686fb4767411f376ec0f6ec,riken,KHSCYOFDKADJDJ|LTTQKYMNTNISSZ
a690610b7748bf221f3a2a9d,riken,DIEUZIPSDUGWLD|FEZDDYPHEHMXLF|FRMCCTDTYSRUBE|GMTSSMHLANUOGS|HHQJBWYXBWOFJY|IXODJGLAVBPVSW|JPEPPDJNTDNMQL|JYEDISZKFNNREA|KKMPSGJPCCJYRV|KVAQLXUMUVEKGR|LMEHVEUFNRJAAV|NGFMICBWJRZIBI|NRPKURNSADTHLJ|QASFUMOKHFSJGL|QWNQZWRFKIHTPL|RLVCFPDMEANTCJ|SJJRKHVKAXVFJQ|SOVOCMGDFRGRKF|VCMMYRWIEZCYDK|XJIPREFALCDWRQ|XUCIJNAGGSZNQT|YOSRLTNUOCHBEA|ZOCKGJZEUVPPPI|ZPFRAPVRYLGYEC
a6953d80954ad167df1a8065,riken,DEMKZLAVQYISIA|JVYKIBAJVKEZSQ|JXSVIVRDWWRQRT|KBGJRGWLUHSDLW|KFVUFODCZDRVSS|QVTPQPDYCBHPCC|YJBXPWORXXQARM
a6a0595f9e9859fedf720b60,riken,KFVUFODCZDRVSS|ZFGICBIPGQQHGH
a6a5813896347e691a5135a9,riken,AALLCALQGXXWNA|XFYYZBJXMSDKCV
a6ac5dc866da91d1dffee167,riken,FIDOCHXHMJHKRW|KTEXNACQROZXEV|QFPLAAZRZNKRRY|XKXYJTIBKZGIPR
a6b546716a24214bdab62803,riken,PHFUCJXOLZAQNH|REZQBEBOWJAQKS
a6bbe62e19802eefaff74d43,pluskal_ms2,MBELGAQBYWCSAX|QULYBEMQHFMVJL
a6bdda9a1e8364070a1895ac,pluskal_ms2,UMAUBHJCQBHBNO|URBVIUXMNISQPC
a6d39437e4cbb9e5b7a28983,riken,JKQXZKUSFCKOGQ|MIJYXULNPSFWEK|QMQIQBOGXYYATH
a6d6b965906fd56f19252250,riken,BVKFFAQGFXJQBI|LYGPBZVKGHHTIE|UBCKYWKJKPMKAA
a6dd854761d23b8beef39a19,riken,DANYIYRPLHHOCZ|IINUIABWYMTUJM|IZQSVPBOUDKVDZ|JANBLZHPNGBWAO|JDBGXEHEIRGOBU|KYPPZUHEYJBGDV|PDHAOJSHSJQANO|PWAACAMQKVIVPZ|SBQCRXRVLAINNJ|UWHUTZOCTZJUKC|VQEONGKQWIFHMN
a6f8e7e2e7fae03a72acf5dc,riken,LMRLDJDATYPZAG|RYVQUCPUCSYNBC
a70b2a1d5b7874003d309689,pluskal_ms2,AIJMJWLEFKZSRF|GFRLHYDLHJNYMU
a71a2e3c81477871ce4f78d9,pluskal_ms2,DIBDSGAMKSCUJK|IQGBWKOGMWUSSG
a72e85dc75d8a64ae2509b27,pluskal_ms2,AKZKUWWTDMBAQT|VNARLJCDOCUUIZ
a73693b40e57cef17fd69a88,pluskal_ms2,XGYGEAWFUZQYSS|YNARFWWBMMQRTJ
a747c80714ad53f9ff8565d9,riken,FVNYMYXXKXAQHS|JGLIHGSIUBTIAW
a76727912051bbd73b16ca9a,riken,FIEYHAAMDAPVCH|QRIAWCUEIMQLGG
a76f1a0ab87f055ccacdf108,riken,CAFTUQNGDROXEZ|FFGGWIVHOGEVSP|GHBNZZJYBXQAHG|IIWKLAHNKXXKAJ|NULBHTHMVOCGOE|OKGRRPCHOJYNKX|QGMUCGXWCKWHRJ|RIGYMJVFEJNCKD|UZIOUZHBUYLDHW|VENRSYBHHVDBDC
a789ec674c52dc662270316b,riken,VATOSFCFMOPAHX|XZPNBJLXZMBECP
a7992c9562cbf7cc992033e5,riken,FXNFHKRTJBSTCS|MIJYXULNPSFWEK
a79ebe8c6c110562ac458ea9,riken,JTLPUINSVFNPLS|ZKUCDSCKSARUCE
a7a0302c15320a89d376e8de,riken,LIGCDEQHBAVBCO|LXEVSYZNYDZSOB|XNGXWSFSJIQMNC|XTSVKUJYTUPYRJ
a7b70629d807c749e53d7f02,riken,QSTBHNPMHXYCII|ZJVUMAFASBFUBG
a7d4dd9ed890e8f4d8274bd5,gnps+riken,FGQFOYHRJSUHMR|OBEHELRBTWMPHI|PNTWXEIQXBRCPS|UFMAZRUMVFVHLY|UFUVJROSOIXJGR|YXOLAZRVSSWPPT
a7d9c358be68f7811a54e330,riken,ROLIIKCIEQNTMT|STECJAGHUSJQJN|WYDPEADEZMZKNM|YAPQBXQYLJRXSA
a7dd3b34d6a86e0c288dfdd4,riken,BWHZPGDZTFVUJN|WIDIORLKUZCAMX
a7e2a5940a2b0eb829b761f2,riken,JLPDBLFIVFSOCC|KJHRDNNKNHKYDW
a7fe5941b405b6762610ee55,pluskal_ms2,AUPVXELYDOKUDB|RSHLQDXUKBUQRK
a802aeb7277f9400ae02ff5e,riken,AGBCLJAHARWNLA|GSKWIWOAUZQVES|PHLXREOMFNVWOH
a809d7c3d01e584de52157dd,riken,ARPGURKWJGBPTN|BWCNWXLKMWWVBT
a80ab530317b5dd415180f82,pluskal_ms2,SXBBJBBFQDMDCF|XSSBUKKXZXENOU
a8136c247a7d37fbbaf88b79,riken,KRYFHYSXWHRZKT|PJQLSMYMOKWUJG|URRIQHWWGFUPHG
a8188fac42e0aa300d53e77e,riken,JKQXZKUSFCKOGQ|QMQIQBOGXYYATH
a824494fe8d6ac7bf23eb5d3,gnps,AWUCVROLDVIAJX|SRBFZHDQGSBBOR
a83a969fe79a4950137d5d30,gnps,ADXGNEYLLLSOAR|LQHDJQIMETZMPH
a846fb4d065776d89b7ed135,riken,XEZVDURJDFGERA|YCOZIPAWZNQLMR
a8488f3ce658434699c8cb5f,riken,OXVUXGFZHDKYLS|WENNXORDXYGDTP
a84d483d5156c7f78811831a,riken,KPKYWYZPIVAHKU|YCXUCEXEMJPDRZ
a8576ab9cb81fc1263ea9fc2,riken,VRYWDBDPXMHHGE|WXBBQBYCUTXTJQ|YPWHZCPMOQGCDQ
a85789af010b32cf632a588c,riken,AJJMKDCAQHLJQF|FIGCRSATKGRFOH|GTZJXEKBDFHJCO|IKGXIBQEEMLURG|KFYOFJUUTSALEH|WKBWYWJYOAONEI|WOJKRRDDERNLBU
a85996180718fc43673f4dd3,pluskal_ms2,OMVBWGOVOFYKNC|YZVUFQFNZWNCPZ
a86506e2923373e9d3318414,riken,CTWQJCNXXJIJAY|HLXRWTJXGMHOFN|LVTJOONKWUXEFR
a89d4e02c3efb59f1fd89755,pluskal_ms2,ALLUXZBOHPBSOT|PPAYXIXBAQIBAM
a8a204fc0cbd63165597d69b,riken,YTVGSCZIHGRVAV|ZHYQCBCBTQWPLC
a8a2afd3c82b0f46b251a670,riken,OAIJSZIZWZSQBC|UZIOUZHBUYLDHW
a8a70b0ab50855cda837267a,riken,DTNSOISBYQKHCS|IRZVHDLBAYNPCT|IUSZMBXMNBITIK|KIZBWUUJNJEYCM|LUTYTNLPIUCKBJ|NNDOCYLWULORAM|UFCLZKMFXSILNL|XGMGGAPZYUWNMO|YUSWMAULDXZHPY
a8a977bc768c81b9590157d0,riken,HWKJSYYYURVNQU|KQKIBPHENIYGEF
a8b3f92e6df8cdef461850a2,pluskal_ms2,IFQGGAHTPJSUOS|NBEYHLRJNTUBRR
a8b4fc3a277cd361006cd919,gnps+riken,GNXFOGHNGIVQEH|RYWOMIMQYQUGDB
a8b6c6b154debac52f8fdf5a,riken,APOGLVUGPAVNAP|APZYKUZPJCQGPP|GGQVPULXXVQLRT|HELXLJCILKEWJH|HJRVLGWTJSLQIG|HLOCLVMUASBDDP|HNJZOHHIXSIJFG|HSTZMXCBWJGKHG|IOUVKUPGCMBWBT|JBGSWIBJAGBGOP|JDIORNFCMMYMLF|LFYJSSARVMHQJB|LLPWNQMSUYAGQI|MALFODICFSIXPO|QGVLYPPODPLXMB|RKFAZBXYICVSKP|ROTMXRXTGVWUHF|SMZYCXAYGPGYRS|SSBZLMMXFQMHDP|VEPUCZUJLKAVNM|VKJLHZZPVLQJKG|WYQVAPGDARQUBT|XZPNBJLXZMBECP|YBHILYKTIRIUTE|ZJDFNIHQCHHZGU
a8bd9dfc1c0d68c2c8b79738,riken,AIGAZQPHXLWMOJ|UCDVIBNDYLUWFP|XAIUTKHLNZBMEG
a8db42fac143b921068cd7dd,pluskal_ms2,DIBDSGAMKSCUJK|IQGBWKOGMWUSSG
a8e3d54b4b14f38819473e03,riken,ORBITTMJKIGFNH|ROCUOVBWAWAQFD
a8f4a3fc28de459486d23fc4,riken,FQTLCLSUCSAZDY|WTFRADBWXYQLMA
a918f01d04afe62a61820efd,riken,HNOSJVWYGXOFRP|SZNJLZSXOGIOOZ
a92fc19dcdc8c6dff3a295f2,riken,CDDWAYFUFNQLRZ|VKJLHZZPVLQJKG
a9369956cc05db1561b5c02a,pluskal_ms2,ZVHOWOOSYYGYTN|ZYSNXDPBGBUEHH
a93973d8b2502e6c2c73a769,riken,GLYPKDKODVRYGP|NAUZBQMEOYSERD|RDWVESCBQDRAAN|TZRVSGRFVXORLD|UJZQBMQZMKFSRV|VTRDANCBYRZCRZ|WAZQKBSNIFTXNV|XRVOHZOREFBBDX
a940f0132029be10060061d8,gnps+massbank,DZGWFCGJZKJUFP|VVDZZNWYISOIDK
a944663c1b0d5c581978077f,riken,RIPYIJVYDYCPKW|VJEMOEYSQDKAQF
a9447ca38c87df18b27acd6a,riken,SLRCCWJSBJZJBV|WTFRADBWXYQLMA
a94f7c62816de5dc5ebdf0a5,massbank+riken,GLYSZGOHXHBWEX|JGWQYLZHPPFHEH|QVCMHGGNRFRMAD
a9533586e49cea7dac373629,riken,IFIQVSCCFRXSJV|XATAXBHNGRMKLI
a96ad94d6c5d23320ee06bef,msdial+riken,FFFHZYDWPBMWHY|KZSNJWFQEVHDMF
a96c02be02036836e26b7182,riken,CEUOJNPNKKLCDB|CIYJVFJBFXRWJD|WPYJMNHBYFFULY
a96fcca51874bac09c54e955,riken,AEPCMDRTWXAGAK|LBQUZEGPLOWJBH
a96ff518fba1b2c8c646696d,riken,KISYRRMFQYIIFQ|PQCLZBCFLJVBGA
a9786f67c9a662115b11c7ac,pluskal_ms2,SXBBJBBFQDMDCF|XSSBUKKXZXENOU
a986305c877f734d8cc26985,pluskal_ms2,BXGXTXCNFOCKMX|LXFSCSJMDZZGDN
a9896aef4c1f759955b4c454,riken,SGQLWFYYEYBZNX|VSJGJMKGNMDJCI
a98fc30db4b3cef2bb42f4d0,pluskal_ms2,AAHYTWRSQZFZCM|UJYUJDHVBRLJHG
a99955f13fdb44749e47fbad,riken,DJOJDHGQRNZXQQ|ZTHLHHDJRXJGRX
a9a70999a8ab05b309f455dc,riken,MROYUZKXUGPCPD|OGBMVWVBHWHRGD
a9af0ba42d8232e1c0e8dceb,riken,BTPYUWOBZFGKAI|BZKDCAIDWFPAGZ|CMKFQVZJOWHHDV|CZSBHMFVVLYIQQ|GHBNZZJYBXQAHG|HWYBGIDROCYPOE|JWINIHBXRZXFKL|OWMJDOUOHDOUFG|RCTKRNCKOYYRIO|UJZQBMQZMKFSRV|VJEMOEYSQDKAQF|XGVBNFXVLFKPCO|XUHJBXVYNBQQBD
a9b222ed53b21f82af2ff616,pluskal_ms2,XGYGEAWFUZQYSS|YNARFWWBMMQRTJ
a9d0c19ea1ef5c294b7d0d3e,pluskal_ms2,HPOCNXSXHBPCMS|XYNSYKOYOYGJOL
a9e2ab19dbfe8686857fe2cc,riken,BXKNQKQIBKBMIZ|CQJGDYZEMIGJCJ|DAIAMOGGSOXZSO|DQFZFJHZGAOITN|FIGCRSATKGRFOH|FNDTZZIWWYSDAH|FYHRJWMENCALJY|GVTRUVGBZQJVTF|IAOZJIPTCAWIRG|IIWUQMDYQWUJCW|IQPQUCSPCDSVLE|KXVRUTRUTLGTEP|LKBQICPDNCGJOH|MJHNTJSVTSWECS|NYOGAOMLDBVPKF|PWAOOJDMFUQOKB|RBFNEOONBAEQRW|RBTRUVNXLDXHBJ|REIZDYUGEPBIJP|SLEOSPFLNGKQLW|UOVGCLXUTLXAEC|VTNHVQOONVRIJY|VTNZLQTUEWINQW|WKBWYWJYOAONEI|XGMGGAPZYUWNMO|YFVGIJBUXMQFOF|ZAYYDHWLJXZASK|ZWSIWHQVFBSRPN
a9eee702c2cf12be52389abb,pluskal_ms2,CJZQIBXSWCBDHI|PHOIWKDWWOGHBI
aa0e3a411efac93cac083725,riken,BJYRNIFAMMOVGW|NBGQZFQREPIKMG
aa2dfd497389b24464ca8a1c,msdial+riken,HXEACLLIILLPRG|PWNTUQHZNAMVQO
aa370041aa29d74685a2dc8c,riken,AUCGRWHWAGXNQS|IINUIABWYMTUJM|OBVFJCCARDWRFB|ZOLBWQPEZBEHMV
aa371f7b55876805902467b3,riken,DCBSHORRWZKAKO|IUKLSMSEHKDIIP
aa3c567c4043a3058a06ec8e,massbank+riken,POVCYOFRCMBMKD|WSJBSKRPKADYRQ
aa415a924c3c404755ea8b37,pluskal_ms2,AANLHOVYRNPCCG|OIHXHHOMMLHVNS
aa4fa2782fee049fd87795ce,pluskal_ms2,HFRYZYZRMDGKCL|HZJZVVIPCWEXBW
aa543241a2be14306ecf50e3,riken,GYOGHROCTSEKDY|MSSYPWFHLFBMMP
aa58a5c884e6ced7ba0b6f9b,msdial+riken,PYBFXJMIKJNNAJ|QUCQEUCGKKTEBI|WWVATHTYIDDAQF
aa6f3a956baafa487301986e,riken,BZKDCAIDWFPAGZ|SNKFFCBZYFGCQN|XUHJBXVYNBQQBD
aa8202e8fa1fe4a17a237a69,mona,ISAKRJDGNUQOIC|OIVLITBTBDPEFK
aa96b5a66d272efb156ca413,riken,DAXSYTVXDSOSIE|PJQLSMYMOKWUJG
aa978ad5536d2017cf55bd01,riken,FDRQPMVGJOQVTL|YKGCBLWILMDSAV
aaa2bef6aea6121d9a61efa7,riken,CXVOPJQBVVUOTC|XWFDREYZNGAQBP|YJGVMLPVUAXIQN
aab0833c5228e6c0d84ef08d,riken,ATWLFQWAUVXIEG|BXKNQKQIBKBMIZ|DMAOFWOOOIHKPU|DYHOLQACRGJEHX|FKSGZFHITNNKNJ|IGUYXYURIISSQA|JLPDBLFIVFSOCC|JRAZFLUTTVOOOC|KBLILLDKTZXCRK|KILZIJKCZIGLFJ|LRDNJNNYFPAACE|NEBPBFLVSYFRQE|NVKAWKQGWWIWPM|OBATZBGFDSVCJD|OUGNWRCWQLUXHX|PHZOWSSBXJXFOR|QDDILOVMGWUNGD|RFDAIACWWDREDC|ROQZUJKOMJECOM|SLJTWDNVZKIDAU|TYUAGPZTMCIDLX|UXGMXDXDOQAYAD|VCWUZNQATFVWGL|WKBWYWJYOAONEI|YMCYJIJWKFYPMN|ZYBXFVWSQYBVRU
aace23d354790b4ddd51436b,spectraverse,GVBZHZJGEXXWHA|JOSMXUDVJJTEGC
aae4a54f39829a7b4a8be17c,pluskal_ms2,GXFIQOWIDSZYKM|VSTJLJLYMOOSPZ
aaee112f77727ebccf19f3bd,msdial+riken,HXXFSFRBOHSIMQ|JPUKWEQWGBDDQB|MLRIJUWUQTVDQE
aaef3dd6368e95ae86924469,riken,SPAFMWIHXVIIPF|XFZJEEAOWLFHDH
aafcc95e5db3c79878e27a68,riken,CXMXRPHRNRROMY|QANMHLXAZMSUEX|UGAGPNKCDRTDHP|ZWRRJEICIPUPHZ
aafeaa25f7c784a75cdaa5d0,riken,AKNILCMFRRDTEY|AONBXCCYURJCAY|WHWWQGPCTUQCMN|XGMGGAPZYUWNMO|YTZSBJLNMIQROD
ab057d661c37370618bc5fc0,mona,HNEGQIOMVPPMNR|LVHBHZANLOWSRM
ab063e105ef833cfaaed5379,riken,ITDOFWOJEDZPCF|NYFIMGDPCRCSAF
ab08db4bfcc1c2c8315d9aeb,gnps+riken,KLQXMRBGMLHBBQ|WKRFERLNJPHDOT
ab3b5fdfe51be1926bc78435,riken,CSWXLMRNEHKSSN|CTJZWFCPUDPLME|FWDOTPMBXZPVHK|HYHJBGSBEDXNHF|OLARKEMZPWGFJU|QPAKXSCQEJXHSW|RCKVHVSVSXHFLH|VKZICKDDJSFAAG|XZVXEPPPQBLGMQ|YJUGKYOFRZOMIJ|YTPBUIWNJRGZFW|ZRBFCAALKKNCJG
ab3bd3e30749f036453e178f,riken,AWFZJSUJFSUBQU|BUBVKRMIMSPLND|NIQFOSSBJJDEES
ab462e4563732289ed424c1b,riken,HOEVRHHMDJKUMZ|PEWFWDOPJISUOK
ab4cdae283accf3e280eb444,riken,HNGNQFQJPOBLJE|IHYUCPYKBNICIV
ab4dda9d737c98dc0c362a6f,gnps,NJGBTKGETPDVIK|WNTVTQIJPAFZEL
ab652ff3da9f6e8c6ed4149a,riken,HUKSJTUUSUGIDC|VNONINPVFQTJOC|VXIXUWQIVKSKSA
ab6d3e168d14cd48adb83312,riken,FEPAFOYQTIEEIS|REFJWTPEDVJJIY|VUWOVGXVRYBSGI|YRECILNLFWZVRM
ab6f9dd2c002e621a3979c05,pluskal_ms2,AKZKUWWTDMBAQT|VNARLJCDOCUUIZ
ab7f403adb506eb4def2809c,riken,BBFYUPYFXSSMNV|MDAHEEBYLFVHSJ
ab8b20d59aecf3a56853b1ee,pluskal_ms2,CMSSEWKMARZAAP|LFHYGZREUWMTMP
ab8b593762908720e5feb9b7,riken,PVLHOJXLNBFHDX|XPMQJVHMFLZDSA
ab93a62a04847dd8040a9697,pluskal_ms2,IUXQCJHIMUEULB|ONDKXBSPNWEMOX
ab940f2491ef6e05cb1260ba,riken,GCMGJWLOGKSUGX|GDGZMMDZJVKXTP|MBYNDKVOZOAOIS|PHEDXBVPIONUQT|PHMHDRYYFAYWEG
ab9de92b74da41cc49775560,pluskal_ms2,NAAMZGFVHDOIKP|PPJOASPPTJAFCG
abab09eed7bcf4f3869f24e4,riken,CNHACNVJEKRLHF|SMLTWMLPLYCADB
abc72e84fb3425ba03a9ba10,gnps,IACOAKYXFIWAQN|MIMULQQHBAZGER
abd5613838f8a61dfb4fe0c1,riken,KXHCYYSIAXMSPA|VVBWBGOEAVGFTN
abdf248fcdcdc2baa26ab347,pluskal_ms2,GTVMCVFIGSCERF|PSEBDGBXQNJMQF
abe15fa7d9d5eb689509b117,riken,NNSBPFCEWFSYFB|QSUJKUFABYSSRU
ac0c609f325078f82840b661,riken,AALLCALQGXXWNA|CCRXMHCQWYVXTE|HHQJBWYXBWOFJY|KTZNZCYTXQYEHT|RLDVZILFNVRJTL|RLVCFPDMEANTCJ|SJJRKHVKAXVFJQ|YKOPWPOFWMYZJZ|YOSRLTNUOCHBEA|ZPFRAPVRYLGYEC
ac2104cec63a616bbf4f12bc,pluskal_ms2,GXFIQOWIDSZYKM|VSTJLJLYMOOSPZ
ac2eeef74374afe6cace959c,mona,FELGMEQIXOGIFQ|YBBLVLTVTVSKRW
ac359787198b3ab7bb742b99,riken,FCEXWTOTHXCQCQ|FQEQMASDZFXSJI|HJRVLGWTJSLQIG|HNJZOHHIXSIJFG|IAEZLXLDZBZQPU|INYYVPJSBIVGPH|JBGSWIBJAGBGOP|OJYLAHXKWMRDGS|QIMGUQIHCNDUKU|RKFAZBXYICVSKP|ROTMXRXTGVWUHF|SMZYCXAYGPGYRS|SSBZLMMXFQMHDP|UCDVIBNDYLUWFP
ac50d7ea615da84d70340624,pluskal_ms2,UZEXJPKANLDXBC|ZGKPVKPCZOURSR
ac53daa1a97ce11f257382b2,msdial+riken,IIYNOSFQRKUHOL|RUAYDWCAPDNACJ
ac6227b8b0228ee04895d67c,riken,ASPCIAWQVXVATP|ASUTZQLVASHGKV|DFOCUWZXJBAUSQ|IUSBVFZKQJGVEP|KEOITPILCOILGM|OTJBXGAQAVEFCP|QWWPCQGHWWNGET|XSQFDXNJFMCRGJ
ac71e235da69500aa8224b7b,riken,IHEJMZHKJYHVFF|KXHCYYSIAXMSPA|UWKQSNNFCGGAFS|XVOHELPNOXGRBQ
ac7588cd62251c97236490ec,pluskal_ms2,CPZAMXPSKJHXDK|ZIUUKKJPDHFWDQ
ac79bace7f7d6f6ae95453f7,riken,AKNHFZVXJDNNJF|XGQQRJZRTBKBRM
ac83811b4dec7e675714acb6,riken,SNZNSNULJBXKRP|YRAQEMCYCSSHJG
ac8ef8da03a40a0683422b4a,riken,JBGSWIBJAGBGOP|PKRPFNXROFUNDE|ZRBFCAALKKNCJG
ac99cba14e522743aea957e6,spectraverse,NHWQMJMIYICNBP|OKDGRDCXVWSXDC
acb85ea8d217b06b0049ca9d,massbank+riken,DANYIYRPLHHOCZ|HCZKYJDFEPMADG|PXUULQAPEKKVAH|SOSLMHZOJATCCP|VFLDPWHFBUODDF
acba374a9894af646c90014f,msdial+riken,AKCRVYNORCOYQT|KBMSVODXFLAQNJ
accd4feff064e35161a19261,riken,AIULWNKTYPZYAN|AYMYWHCQALZEGT|BCIWKKMTBRYQJU|BDXYPHKGNUGUFG|IHYUCPYKBNICIV|JSIGICUAXLIURX|NVSLBOBPSCMMSO|QUQPHWDTPGMPEX|YQNLTBIQEYMXGA
acdd639d5d67a443a0219d3c,massbank+msdial+riken,HXEACLLIILLPRG|TYMLOMAKGOJONV
acf03437f70a020daf193f66,riken,HLXRWTJXGMHOFN|SORUXVRKWOHYEO
acf5692194c685b894ac948f,riken,OFUWGCQDMVDLIR|WNAYNBDAJBVOPW
acffcba5427be52023cacba4,riken,DYOKDAQBNHPJFD|NDUAXKHGCJIYEQ
ad0834c8a656f159ca8eb4c4,riken,DEBDFZGNZTYPMF|NJUXRKMKOFXMRX|PYXFVCFISTUSOO|VGJOYFZLAIERID|WLNDANGOFVYODW|WPPPFZJNKLMYBW|XRVOHZOREFBBDX|YBCOIJNAMJAFSO
ad2ea50693f87a56bd52cded,riken,DYYIUCVAQGRACE|FKUPPRZPSYCDRS
ad31d73c8af629a801596a05,pluskal_ms2,KHPZUSRHGAZJFB|RCCIKUMUURARBT
ad349fbc1b618d2edd930748,riken,IUKLSMSEHKDIIP|KYWSCMDFVARMPN
ad39443f08109e3bacb8cee0,riken,PIWJSAMCEMZIDO|XJQPQKLURWNAAH
ad39dfdef66613ee645e5486,riken,RXPRRQLKFXBCSJ|XRVOHZOREFBBDX|YTPBUIWNJRGZFW
ad4575bee19e1e90c539b5e9,riken,CITHEXJVPOWHKC|IBFYXTRXDNAPMM
ad462ba8db24e1c44dc1a483,pluskal_ms2,JJHPLYGNPBYYJU|WPCVTMLILSCELL
ad4c4153d7ef0eaa3207b057,riken,AGIQIKMGJVLKMA|OXVUXGFZHDKYLS
ad59b15dbaa04b958ca3d3b2,riken,AVXFIVJSCUOFNT|CFUPNMDNSQIWBB|DAXYUDFNWXHGBE|FHIJMQWMMZEFBL|GLQYFMRUYWFXGT|HJTVQHVGMGKONQ|HRSFCYYMBMDMOU|HVBACKJYWZTKCA|JLJAVUZBHSLLJL|KTZNZCYTXQYEHT|KVAQLXUMUVEKGR|LDCYZAJDBXYCGN|LMEHVEUFNRJAAV|NJUXRKMKOFXMRX|NRPKURNSADTHLJ|OBBCRPUNCUPUOS|OXVUXGFZHDKYLS|QEANLIISUSNNDX|RHNFCIPJKSUUES|RLDVZILFNVRJTL|SHCBCKBYTHZQGZ|UXVPWKDITRJELA|XYHOBCMEDLZUMP|XYYAFLHHHZVPRN|YBCOIJNAMJAFSO|YMWRMAOPKNYHMZ|YVIVANDTNNUXRH|YXHVCZZLWZYHSA
ad6330cd12a68ad6cfabcd4c,msdial+riken,FUOOLUPWFVMBKG|JJWCTKUQWXYIIU
ad6755a2cabff75c202d0e74,riken,LLEMSCWAKNQHHA|VYIKEBWUZLHWQK|WVTKBKWTSCPRNU
ad753dc0105f30c9b8e0a0b9,pluskal_ms2,MBHXABZAPUIOEK|QRSQCHAMGNNKHE
ad9fe6e765e34feaee9572d9,riken,HOEVRHHMDJKUMZ|KVUHRGCWHSLKBK
adb03bf4fc7e5ceceaa3e79e,pluskal_ms2,NHCTVQJSTWXMPT|WSZNMVQDFFEQCM
adb4fced45d1f82495a86ca0,riken,FVWJYYTZTCVBKE|WOJKRRDDERNLBU|YMCYJIJWKFYPMN
adbaf42e9d27e200afa437f5,riken,LHDWRKICQLTVDL|NSEWTSAADLNHNH|RXAXTTGJEMODPY|XFZJEEAOWLFHDH
adcb0fdfe78ed9f6b7e7a4b8,pluskal_ms2,CMSSEWKMARZAAP|LFHYGZREUWMTMP
adccd67093fc0ca20c98c623,riken,RWXIFXNRCLMQCD|ZSBXGIUJOOQZMP
add44c1c6395b0493ef9c5c5,pluskal_ms2,KUYVQSWGWXSHIU|QUHGNKPCKWIPCD
ade19d640ae5b1831bc8f917,riken,BGTCFSJRFQXBHW|YCWDWJWRRMHVMZ
ade63001cc7ec69998e5ad52,riken,KEMQGTRYUADPNZ|QIQXTHQIDYTFRH|YKNWIILGEFFOPE
adf0fd9f4c12cff1d8118487,riken,GMNAPBAUIVITMI|XJHDMGJURBVLLE|YJBXPWORXXQARM
adfa86181255ea7ffae2bdf5,massbank+msdial+riken,HWTKLHMQRXNNDR|NDJKXXJCMXVBJW|PCMORTLOPMLEFB|ROVMFAGBUFXRBD
adfca42e85f6ebeb2863d413,msdial+riken,ADFCQWZHKCXPAJ|DBCAVZSSFGIHQZ|IWMZZZKMYAZSLW|UNCMRQFSKAVFQU|WHSZCJYHLPMLHS
ae225fa8afa404a3c1beb86c,riken,DEBDFZGNZTYPMF|OXLDBLCHXXJJPD|XUSTZFGBQSSEAX
ae2eab52429db9ded553b493,riken,UKUDZBHSBMEUCJ|WVRAIABMMRFVCC|ZFNQFXDDQAEAFI
ae3a19794c5ccb66fccffe6b,riken,VEVZSMAEJFVWIL|ZROGCCBNZBKLEL
ae49fa5d9286e6173c1ba586,pluskal_ms2,BSHOUTZDBGSAHM|JJBLQEHPWKPCRE
ae4fd9b86e72886aa38aa87a,pluskal_ms2,FEKZKIZUNAXBLO|IKKHMJLRUJIZHA
ae6173158da0693ebfdb8e31,riken,MWAHYWGUPMVQHH|OGEXJTAHQKIXJL
ae65c2d8e0f690b95cad4713,riken,MOLPUWBMSBJXER|PEMIXOORXAHUSL|QOMBXPYXWGTFNR|TYFKYDTUEMTUNY|VBTMMYSERQFPPK
ae76a4ba8bce800d3fd4e073,pluskal_ms2,ODVNZGWKVMHJKU|QHGGIVGWNVNMDX
ae7826fc880426d4961a74bf,gnps,JTCIOJBYCMFIEC|XEOWIRGIROIBPD
ae79e361439f9cb37aa206f9,massbank+msdial,FBPFZTCFMRRESA|LCTONWCANYUPML
ae7c2971b74ec1c42998d215,riken,IDGXIXSKISLYAC|KFVUFODCZDRVSS|MMWLOXUUJZCARK|SBQCRXRVLAINNJ|URQAEFLEDPPPFX
ae7d82b1425b02b7eb6029c7,riken,OFMXGFHWLZPCFL|TWSZDJCOYVYRGM
ae86dc2419984ce933e6d749,riken,ROHLIYKWVMBBFX|UBCKYWKJKPMKAA
ae88455f160b38d20a5bcfba,riken,HKODIGSRFALUTA|NLVBYGTTYRFJKH|OGBMVWVBHWHRGD|PRZVXHGUJJPSME
ae887619f1a91fb53cb2b31d,riken,KHUVRRVIZOSFTI|RJDSARTZFIBDAR
ae898555a397ca8f620c687b,pluskal_ms2,PQSIXLOUDAFRSO|ZOWWBCZXWIOJOA
ae99488f9d6afb7186489b42,riken,DKBPTKFKCCNXNH|UFUVJROSOIXJGR
ae9e083483634475e197dcf9,riken,AAJIHHYEPHRIET|FELCJAPFJOPHSD|FWVHWDSCPKXMDB|IEBFEMIXXHIISM|MOLPUWBMSBJXER|QOMBXPYXWGTFNR|TYFKYDTUEMTUNY|VBTMMYSERQFPPK|VHXNKPBCCMUMSW
aea132f707dc17391c011daf,riken,UQTZMGFTRHFAAM|VCKPUUFAIGNJHC
aead4114a17401d3b64d4b54,pluskal_ms2,SBJODUOFAKPRET|TUNWQQMZTNPKRM
aeb83c374fb982ccb92a3897,riken,PZEAYKDDQCGSQU|SYJCVRHCBPLGHM
aec7e40d440e16d8c58812d4,pluskal_ms2,ICBUCAMTLOPSQP|MBGZTKCRLRLDSL
aed2a0dce67801ecc2f097df,riken,WWVZUDKBWRFNRY|XUARCIYIVXVTAE
aed36d69e416289e7ea1a5aa,riken,DAXYUDFNWXHGBE|GLQYFMRUYWFXGT|JGWQYLZHPPFHEH|SVHJCTSSYQPWEV
aedee048581dd9a31d6f2166,riken,GUBGYTABKSRVRQ|PVXPPJIGRGXGCY
aeecca1bfad9265f24d7cfc7,pluskal_ms2,BHWOKYGIZKCKPI|KWZPDRYHNZNEAL
aefd6f5f32b71c6a51544fac,pluskal_ms2,BSHOUTZDBGSAHM|JJBLQEHPWKPCRE
aefdd013573f4c569343db3a,riken,GLQYFMRUYWFXGT|IBFYXTRXDNAPMM
aefe0b54ee3177efea08e8d7,riken,MZNIJRAPCCELQX|RERVSJVGWKIGTJ|ZXAGLUIVEUDJAR
af06891cceff841dc5fd007b,pluskal_ms2,ADXGNEYLLLSOAR|LQHDJQIMETZMPH
af2a89765d1a0f4505f32a89,pluskal_ms2,GNTNFDGUUKHKPJ|PGKALWCTRFUUJO
af2ddbb673b7fc6dd9fb6f95,riken,AHLBWJHZDLMJOJ|BCJMNZRQJAVDLD
af30086e7369075470210428,riken,RKFAZBXYICVSKP|XRDJYSVGPBJZSG
af477a158b35aba3a12c5bc8,msdial+riken,BQPRWZCEKZLBHL|CYFXRGFESOFDNS|KZSNJWFQEVHDMF|TZRNJQYCOSMOJS|UYTPUPDQBNUYGX|WHFUDAOCYRYAKQ|YTVGSCZIHGRVAV
af4d26aa1c37bf8b457e5f2e,riken,DFPMSGMNTNDNHN|ORGFYMVNMFQORV|OVFPMQHQVREOIF
af579b2c99b5d5b14ee9fa31,pluskal_ms2,ROPKCVZEIICLDZ|ZLKMITJMEUQHAQ
af5d9e8a14f24bb03a468fdf,riken,CXMXRPHRNRROMY|QANMHLXAZMSUEX|YFGQJKBUXPKSAW|YTZSBJLNMIQROD|ZWRRJEICIPUPHZ
af839090f90c8a6cf8348a7b,riken,CHMTTZIWXMOGME|QIEOAEKNEKYVTH|SDHTXBWLVGWJFT
af839aee4fc3bcfc8bfbf3ff,riken,DEMKZLAVQYISIA|LKMNXYDUQXAUCZ
af868d2e59182486db78c0c2,pluskal_ms2,WLZZTYFINARLDO|YZULDDZPZWXGDW
af89e1289329e7c8bd4d65e4,riken,CKUVNOCSBYYHIS|IKMDFBPHZNJCSN|OHCQJHSOBUTRHG|RAQNTCRNSXYLAH|RMCRQBAILCLJGU
af8cfeb305ed6222838ff08f,pluskal_ms2,GVHLLPAHVPRCOO|SSLKTQQOQJLHRE
af98e0e6a53963a617fb84d4,pluskal_ms2,IAGCHMSJCASFSZ|PMMBSTFHDDYYOE
af9f434a3dbffd4f70db7b5e,riken,GBRZTUJCDFSIHM|TUUXBSASAQJECY
afb44acfe8dd5bd2bca728fe,riken,MUCRYNWJQNHDJH|PYXFVCFISTUSOO
afb592775c4ccd411dcf7c51,pluskal_ms2,ROLXKNVKUSEZFO|XNHRGYMFGWBADJ
afb6be3109bccd55f82f87ac,pluskal_ms2,GZNVOMWIPLIKDM|IAGMYQWCKILWNO
afbc46362b6ab3023c08e584,pluskal_ms2,DLMICSWBTHJZTQ|QQCFKULMRLDOEG
afc04e156fabb2d13aa138b1,riken,GVEICTMRUVWSCF|LHRODNGBSOEBAU
afc2973b7731453936aaf6b7,pluskal_ms2,BKCDJTRMYWSXMC|BLQYVHBZHAISJM
afc6262ccab8d54f691964be,riken,LCMFDJQAHNDLEI|SNKFFCBZYFGCQN
afcd12817f4b21c7ffc2f875,riken,KTZNZCYTXQYEHT|YKOPWPOFWMYZJZ
afe5a2c12accd8b398b8e0c7,gnps,CEAWTEFLCWIYNQ|GZTPCINTRJLOCU
afe7ff31170acaaa481b8704,riken,CCIUIWFXXDCCOJ|SLJWCCMDGTZEGQ|YBUWIVMOMHEALF|YYHALSQIUVXMSN
aff0ab83c8d309db97db8aeb,riken,XSMQPVSPOJTVQR|YQHAWUJDYLUTMU
b00336c2ed8212139f617232,pluskal_ms2,STNUFYASKJIPNN|VEFVJHJYAPWCLN
b00ed8abe3b533d5fc503293,pluskal_ms2,CNXFTPKHMABMBC|GXFWCFLWFXJYCX
b02d14580f3fc4c794d771b8,pluskal_ms2,DIBDSGAMKSCUJK|IQGBWKOGMWUSSG
b0471f5ce1ca90e4bf4c3c93,pluskal_ms2,AQDZYCQXYSAVHC|ZWUYKLCNJVTMLO
b05a315c62c149cafb44a819,pluskal_ms2,FYAVKZAPDMHRQY|HDBDDEFTKCWERY
b05c53c94e8d4649cd9a02a8,pluskal_ms2,NZCIONSHJHDGFO|YTHSDGLNDXPJAJ
b0678e90b22a8488d2d630a1,riken,KQSFNXMDCOFFGW|QQKAHDMMPBQDAC
b06a48b9ab9d6a28e1bdaf0d,gnps,SKIVFJLNDNKQPD|TXCGAZHTZHNUAI
b06cad21e9317eba807c1586,riken,XLPAINGDLCDYQV|ZDZSFWLPCFRASW
b06d0c1808d420cebcfdbec9,pluskal_ms2,CMUNUTVVOOHQPW|PHIQHXFUZVPYII
b06e62a233b94f43e897c5f0,pluskal_ms2,AWCDYQKWSBGEIU|FVEPDFGUWHLKEB
b072390a9f23526007955714,riken,AXDLCFOOGCNDST|OGJKMZVUJJYWKO|VFZIJLPRJAQGFO
b08f8ba627d72879395bea8d,riken,CVAVMIODJQHEEH|VGJOYFZLAIERID
b08fd53672aaa9d236149392,riken,CCRXMHCQWYVXTE|DIEUZIPSDUGWLD|FEZDDYPHEHMXLF|FRMCCTDTYSRUBE|GCJWPRRNLSHTRY|GMTSSMHLANUOGS|HHQJBWYXBWOFJY|HVBACKJYWZTKCA|JPEPPDJNTDNMQL|JYEDISZKFNNREA|KYFBXCHUXFKMGQ|LMEHVEUFNRJAAV|NGFMICBWJRZIBI|NRPKURNSADTHLJ|RLDVZILFNVRJTL|RLVCFPDMEANTCJ|SOVOCMGDFRGRKF|VCMMYRWIEZCYDK|XUCIJNAGGSZNQT|YKOPWPOFWMYZJZ|YOSRLTNUOCHBEA|ZPFRAPVRYLGYEC
b0948b1d658ca1ffdf6aa24e,riken,GVJHHUAWPYXKBD|IMQLKJBTEOYOSI
b0aeb48b10bd23626221e699,riken,RWXIFXNRCLMQCD|WXDLBYTWLXNNTA
b0b2300c79afe94668a95a4c,riken,HMJSBVCDPKODEX|WBDNTJSRHDSPSR
b0b49d7f9bf2a9f14475e454,riken,KPXIBWGPZSPABK|RNHLYDFRRIHVAM|SFLMUHDGSQZDOW|YDQJABBOEPTJBN|YQHMWTPYORBCMF
b0bf9ae7ddc0c2895c059f94,riken,HLOCLVMUASBDDP|PGOYMURMZNDHNS|XJHDMGJURBVLLE
b0c0f69cd46ff7ca15515ce6,pluskal_ms2,BCOCNVVIORAKJD|HDBZZOVINYSWFM
b0c11b593ab7ec79e37ec735,riken,AGIQIKMGJVLKMA|ANJTVLIZGCUXLD|PAFLSMZLRSPALU|XYYAFLHHHZVPRN
b0c6b6b8976f40b278064c5a,pluskal_ms2,CMUNUTVVOOHQPW|PHIQHXFUZVPYII
b0ccbff3dfc6656ec6013683,pluskal_ms2,WRUYWUZCEXHLHL|XNCWGISKEPDGKJ
b0ed77c58f9de29333b197cf,riken,ATJVZXXHKSYELS|GLQYFMRUYWFXGT|GSSPKCPIRDPBQE|GVRNTWSGBWPJGS|HZIBYJCDCHVSPK|IQDIERHFZVCNRZ|LADJWZMBZBVBSB|PMVCHAWVCIWVLP|SFEUTIOWNUGQMZ|UAPZTGRENZINFN
b0f8a26c092e3dab77d5dfb0,pluskal_ms2,IYYKIRSUZICUEO|KXLWPFYBKZYMDQ
b0fb5199f6d7e3c138e8f440,pluskal_ms2,DMCKFAOCACFYQG|XPOJRNNBAARAGP
b102201352f2fa3aa3c9be9e,riken,IEBFEMIXXHIISM|PTPHDVKWAYIFRX
b115bf90e458d7e1131313ef,gnps,AIHRWHPASCEREG|NNHPAXDGGSLXOK
b1180ab46c27d85e98146462,pluskal_ms2,COZUWGMIBZZPRW|SSLKTQQOQJLHRE
b11c9e858bd9787baaf59c15,riken,BXNJHAXVSOCGBA|CXSXBHMYYCPTHP|FMIMFCRXYXVFTA|GWHCXVQVJPWHRF|HGJXAVROWQLCTP|HVTCKKMWZDDWOY|JAYVHSBYKLLDJC|KVKRFLVYJLIZFD|NEQGOKAKPXXESR|OKPSCKUJXYCMPR|PGLIMMMHQDNVRS|PHFUCJXOLZAQNH|QIEOAEKNEKYVTH|QKQLSQLKXBHUSO|REZQBEBOWJAQKS|RYHDIBJJJRNDSX|WCGUUGGRBIKTOS
b12fb3ab7269119bd65ac6aa,msdial+riken,UBEMSBNKOSVIQI|WYEJYAHDMZZJRF
b1332c7ed39fb6e25e0c9ba7,riken,JLPDBLFIVFSOCC|VHXIVONYTVLBSQ
b13affa6718614ba9274d82c,riken,AIULWNKTYPZYAN|SSZZFAJCDFWCJW
b13dae9c602515ccb46d0482,pluskal_ms2,NBMNQTQSJQDCHA|SPIIDRMCTHYLNE
b14965a3a60d579e373bf35c,riken,AGIQIKMGJVLKMA|XUSTZFGBQSSEAX
b15289039aa0ac83fd9f4a70,pluskal_ms2,MYWLNUHOXLSXFR|UTDLBBNCPPFBRU
b169bba0173ff64c98821b96,riken,PGLIMMMHQDNVRS|XYNPYHXGMWJBLV
b16ca348ae9921e56be3c780,pluskal_ms2,JVZPGYIJXCWFMH|PBFBWKUVMUZLGD
b17b6248fba9502a8936bb51,riken,IMQLKJBTEOYOSI|YURJSTAIMNSZAE
b18868c34123d6b4ee5fc182,riken,NCAZLDCEJHFJDT|PYXFVCFISTUSOO
b18a101ec6e8943c7bc78563,massbank,ASMQGLCHMVWBQR|CGSLYBDCEGBZCG
b18ebe097f2ce7291f95cecc,pluskal_ms2,FBPWQTPKRIOQND|FMTMJKIHEXJPOW
b19e8815b7f1740b5c60cb94,riken,ITVGXXMINPYUHD|MSKVJEAKVWAQTA|RERZNCLIYCABFS
b19e961a377e092bb76c03ac,pluskal_ms2,PVXFWPQARAEBQJ|ZHTVSLUXXXPLNP
b1a7e27a03e2d1a3bc59d597,riken,AIPRNSJTKFPHMW|CXBGOBGJHGGWIE|FCCUWKPTCIBKQH|KYWSCMDFVARMPN|MROYUZKXUGPCPD|NOWZBRLFRHWZOY|OFSZOCPGPLMCBG|OHJWWOZXCKEOGK|QHBZHVUGQROELI|QUCQEUCGKKTEBI|UGRTULRMPFVUBH|VYIKEBWUZLHWQK|YTRAYUIKLRABOQ
b1a879189bec33023197b2f7,msdial+riken,KLSJWNVTNUYHDU|RIKMMFOAQPJVMX
b1ab732285d388ea954f4336,riken,SPAFMWIHXVIIPF|XPMQJVHMFLZDSA
b1b63f3775e03ae2de430834,massbank+riken,JMSVCTWVEWCHDZ|NWJBWNIUGNXJGO|VFLDPWHFBUODDF
b1b9bfa8a306e3a1fc5250f3,riken,DUAGQYUORDTXOR|IQAMTZLKUHMPPE|KGEKLUUHTZCSIP|KZMACGJDUUWFCH|LBHYRBPEXITYTN|LJLMNWPXAYKPGV|QUQPHWDTPGMPEX|TUSDEZXZIZRFGC|ZZIALNLLNHEQPJ
b1bedd1d8142585f21b8f85c,riken,MKQCLTNEQAMHGK|WURLGASLEZVNHV
b1e9cc437fa2b968e7e4c1d2,massbank,CCEKAJIANROZEO|CXZGQIAOTKWCDB
b1f68ebe38badd58b97341a3,pluskal_ms2,MPWDGKUNHRRBIV|QHYAHEARBBLIMY
b1fc8f1be0c1f03784d5972a,riken,KRKNYBCHXYNGOX|PWAOOJDMFUQOKB
b1fcd8f0139813ba8473b785,pluskal_ms2,KNQLSUOMNGGBHQ|VWXRPZNKDNXRQB
b20b34358dfce94382c041a7,pluskal_ms2,APPSMRPOZOOILN|QNOQKNYTTJIAFL
b210420a5b0ab688775bed74,riken,LKTUJUDNQJTEHZ|WZAXZHIVHPRTIU
b2117aaa1ea0625020905b6c,gnps,AATHXZYXWMKUFC|GSINGUMRKGRYJP|NFSKEXQRNDSSAN|PZUJQWHTIRWCID|WSEKTEUGRLFBSE
b2191594cf2d57b3b5b21a46,massbank+msdial+riken,NZNMSOFKMUBTKW|QTBSBXVTEAMEQO|TXXHDPDFNKHHGW|WQXNXVUDBPYKBA
b21d2b1accb7b5318b8af8ff,pluskal_ms2,DUJBGNHGEBLHHI|MVYSIIDOGIFTRC
b22358768f47058cf3c84ef6,pluskal_ms2,COZUWGMIBZZPRW|SSLKTQQOQJLHRE
b2308fd795377b1c32a3ff0e,riken,JMUOPRSXUVOHFE|XUCIJNAGGSZNQT
b2315f9aef36ffd2e96a18db,msdial+riken,NGSWKAQJJWESNS|YRCWQPVGYLYSOX
b2504533981efee6d7dbb57c,msdial+riken,GNGACRATGGDKBX|SUHOOTKUPISOBE
b254f21776027e218a2f3b32,riken,BHPGRVQWTLDDQX|MPXAWSABMVLIBU|PTPHDVKWAYIFRX
b25cb3cfc71c67d79a09e1fb,riken,BHPGRVQWTLDDQX|MOLPUWBMSBJXER|VJZKQVOURLBNBU|VXMOIPRQSYFTHI|WTCVROXOIQEIRC|YTXIGTCAQNODGD
b25f3257ce042b41da01af4e,pluskal_ms2,BAHWBLGZSGIKQC|CUYQTBFYBUKTBY
b26bcd944ceb5fce95868d32,riken,CEUOJNPNKKLCDB|IIQSJHUEZBTSAT
b28049c26c60a74861392068,riken,GSTCPEBQYSOEHV|UKUDZBHSBMEUCJ
b28d68969a8b088eca8a8b7a,pluskal_ms2,AQDZYCQXYSAVHC|ZWUYKLCNJVTMLO
b295d68f6cb055f46de6e11a,riken,NSYZCCDSJNWWJL|WXDLBYTWLXNNTA
b2991156ba3de4d6b71d49e4,riken,FLIACVVOZYBSBS|XUCIJNAGGSZNQT
b2a234953b0840d4159cbeb6,riken,COCNDHOPIHDTHK|XCUCMLUTCAKSOZ
b2a87bc22e3a8fb252b6ff15,riken,RPPYCVULPFKBOG|SMZYCXAYGPGYRS|XZPNBJLXZMBECP|ZOUJKJNUAOXJGL
b2ac6930657ca8dcea121f24,msdial+riken,RPJDAOAJFXPEJG|WOXKDUGGOYFFRN
b2b0bf00da2938c55cf59a78,pluskal_ms2,VEWGJRXPIOULQD|ZDNBSOUWFJZXPL
b2d19fa087c4adfeef06b6cf,msdial+riken,JKQXZKUSFCKOGQ|KBPHJBAIARWVSC
b2fc3ee01f646284e2b81ebd,riken,NNDOCYLWULORAM|RAYQKHLZHPFYEJ|XQDCKJKKMFWXGB
b305349550aa78fb39516fac,msdial+riken,CMEMKCUNAGDFFG|LEXLFIULVWKBPT
b30cc70887c06c8b7779b866,pluskal_ms2,LNSXBBOFWRRZGM|RNBRLCCWVAEXET
b318203959b1b595834c2782,pluskal_ms2,DDKPCMRNWZNSAC|XRPKCGAOHAAMNS
b32dffce0c25c35331b35324,pluskal_ms2,PVXFWPQARAEBQJ|ZHTVSLUXXXPLNP
b3304b14095b9fefaf85ab8e,msdial+riken,BVLGDALJKFDSIM|QIVBCDIJIAJPQS
b331b39f7306b80122fb0e11,riken,JKCJSQKIASUTKA|LSIIVRCCTPRGGJ|LTTQKYMNTNISSZ
b341b82a18615853ee86067c,pluskal_ms2,SBJODUOFAKPRET|TUNWQQMZTNPKRM
b34a4855e7d9f9807b4122b3,riken,TXXAZYZRJSNVLW|YKJXWYJDQVADMO|ZKHXDVJFFSPXFK|ZLJCBUYEMINKJV
b34cf1f50facd3d8c6124c03,pluskal_ms2,GNFHAPQGOWHXGO|UCMKQKNCNBSRHR
b3508c3b99e89616c30a6403,riken,HDLNHPZHTNFCNP|VJEMOEYSQDKAQF|XBRXLXOCHNGHBC|YRCWQPVGYLYSOX
b3593a9cba337a5ab0bd3f34,pluskal_ms2,HRFVVZAVGMSBRG|PDNSXMTYKJTDIC
b36b50f727bfb0e3652468a4,riken,CDDWAYFUFNQLRZ|DLBLMTCYISHWGP|FCEXWTOTHXCQCQ|HNJZOHHIXSIJFG|RWXIFXNRCLMQCD|ZOUJKJNUAOXJGL
b377282c3a2ac3ed162e513d,riken,PXQNZQURQNZGKZ|SQKPHECGTGXVQW
b379c08543bead9eb69bda07,riken,NVKAWKQGWWIWPM|WMEBIWWUBWHAOJ
b37f12385c86fa01d3b35297,riken,JXCIHLUSRQSSRY|KLXHCGFNNUQTEY|PXQNZQURQNZGKZ|QFPLAAZRZNKRRY|UGJAEDFOKNAMQD|VPJCTVQKHIFWKJ|VYIKEBWUZLHWQK|WTLLIAVPAMWKOT|XKXYJTIBKZGIPR|ZMXKPCHQLHYTHY|ZUGCRBMNFSAUOC
b39eca651a00111b56676f21,riken,LLMCZIBSELEBMK|QJKMIJNRNRLQSS|YBHILYKTIRIUTE|YYWGABLTRMRUIT
b3a76ca6658b6a7f46b0f178,msdial+riken,DDLIGBOFAVUZHB|QVCMHGGNRFRMAD
b3ab91a08e3778843b3e5948,riken,LHGNBKKPEPCPCT|YDQWDHRMZQUTBA
b3b45cd342662b3b77708c1b,riken,KLXHCGFNNUQTEY|VYIKEBWUZLHWQK
b3b6ca1a0f28039faf261aa4,riken,OUTJRQWSVYAHKN|WZRCQWQRFZITDX
b3b75196c53d44093bb52edf,riken,ALBXKWVKHLBNIA|CQJVKYORMGSYFU|CXCKOTGRTPLISC|DQYACEDUQHWXQZ|FDASUPFDHLZNSK|FEZDDTIDMGTSLT|FIAAVMJLAGNUKW|GYIKGLVKALOGDP|HDXIQHTUNGFJIC|JBFOLLJCGUCDQP|JGFCDHIJCNLFPY|KBMSVODXFLAQNJ|KSIVGTKSVYIZEB|KVRQGMOSZKPBNS|LAFYUFZYMDYGLR|NSEWTSAADLNHNH|NULBHTHMVOCGOE|QLKSLGRVBGVPPG|QOMMOFWDRUREMP|RAYQKHLZHPFYEJ|XRWQBDJPMXRDOQ|ZBXWGKPUSLRPHX|ZJDOESGVOWAULF
b3d0fe3a56a0f452c55071aa,riken,BJRNKVDFDLYUGJ|UVJYAKBJSGRTHA
b3d13507e0c4920b4cbad386,massbank+msdial+riken,NDSUKTASTPEKBX|ZNOVTXRBGFNYRX
b3d1e3e54379e518ea4a9ea5,riken,AIFCFBUSLAEIBR|KUYOHDBLZSPZHG|SVXJDTNFJXKATR|VOZHMAYHYHEWBW
b3d989be0657923c652c5583,riken,MJBPUQUGJNAPAZ|RUDHEKPVEXODBM
b3eeddc221ee9b262926739c,pluskal_ms2,CMUMNKHCUBSOSI|OXZZANIKBBNMME
b4082feb65b9c36484e2add5,pluskal_ms2,FSTDRNWTSCJIRN|SGWCGSNQYPEXBO
b41211f4f33a7ff1b6a352e7,riken,FOHXFLPXBUAOJM|FOINLJRVEBYARJ|IUSZMBXMNBITIK|LDIBSYFCDDKIQX|PEWFWDOPJISUOK|WRLXHKDQSQMWSH|ZDOTZEDNGNPOEW
b42ba8056e433d63f4aec556,riken,MMDUKUSNQNWVET|QFJIQUOMKJNYLI
b4315c7253a5458980ef9efd,riken,ASLHXRONSASUAK|FDRQPMVGJOQVTL|HEYZWPRKKUGDCR|LOEYOYHSBVAUQU|QOVKKEKBURQILF|RFDAIACWWDREDC|RWXIFXNRCLMQCD
b433b9574b3046ea6869a19c,riken,CXVOPJQBVVUOTC|LMBHKAWZFQGFAN|MXGAOIRJBACCEY|QBDHHZLEIBPNSS|RYVQUCPUCSYNBC
b43dc4a3866befdf3e565f6a,massbank+msdial+riken,AYFVYJQAPQTCCC|DHMQDGOQFOQNFH|MTCFGRXMJLQNBG|UTYVDVLMYQPLQB
b44674c6c51e37e37d8c9f02,msdial+riken,COVKTHPUUCQNQF|LCQLHJZYVOQKHU|XMVQWNRDPAAMJB
b447e84c4ffee75223731906,riken,JXSVIVRDWWRQRT|MQUFAARYGOUYEV
b44b6a2850bcf15e80d9a55a,riken,IVAAIDDXJLCZQF|JEJFTTRHGBKKEI
b44be55d6e9cd17b08039f41,riken,JNNGEAWILNVFFD|SRSXLGNVWSONIS
b44d729d105bfda93b847a85,pluskal_ms2,CPZAMXPSKJHXDK|ZIUUKKJPDHFWDQ
b45bb764dd452b3c2520a947,pluskal_ms2,GIEHYCZYCZPMNY|OSTLIPJEMYVALT
b46abe8e448ce5c6b151d0e1,gnps,GZJHZWDNNABIOE|LYDUPOZDPUCFIC|YDMKLNVDRGIRBS|ZXIBCJHYVWYIKI
b47fe8652fbd68b7469923a7,msdial+riken,HJZVPFAZKUHWMN|XACKZSRNTPEYBU
b48a8fd2df4bf204966fef93,pluskal_ms2,MPWDGKUNHRRBIV|QHYAHEARBBLIMY
b4c164a2c7ad176cb9f75b84,riken,AEQDJSLRWYMAQI|AJSPSRWWZBBIOR|ALPSEMFPAVSKJO|AUCGRWHWAGXNQS|AZAZKLKDEOMJBJ|BDYHXSNNBXKZDK|BPGBDEHBHGXYDZ|BQKXJCBALVIMOT|CAFTUQNGDROXEZ|DMAOFWOOOIHKPU|DUAGQYUORDTXOR|DXZNCVRUZDRWLR|FJGOEBQRHWKKJH|FXFHFOSEURHWMO|GCMGJWLOGKSUGX|GDGZMMDZJVKXTP|HCGYMFPNEDDKQY|HEYZWPRKKUGDCR|HOEVRHHMDJKUMZ|HPWWQPXTUDMRBI|HVYWMOMLDIMFJA|JDCPEKQWFDWQLI|JNARJHDJLSPXGM|JRHMMVBOTXEHGJ|KJHRDNNKNHKYDW|KWRQPASKWCJCPI|KZLDMAIXPXOZCX|LLEJIEBFSOEYIV|LSHVYAFMTMFKBA|LUTYTNLPIUCKBJ|NCAZLDCEJHFJDT|NNDOCYLWULORAM|NQGPNJDXRIYWIO|NYRXUBDGDSRBGB|OTVKQJMSEKQVPA|OUQZQSNNIGHABI|PHEDXBVPIONUQT|POMAQDQEVHXLGT|QLKSLGRVBGVPPG|QXANIAZAMPJWCV|REJLGAUYTKNVJM|SCULJPGYOQQXTK|SKXWDGDNWBYACJ|SXILFEBNQCRWAL|TUFBUBIMKZRZLD|TVYGDDMZPBKRPM|TZRNJQYCOSMOJS|UTGUKTQOTCXQJK|VLOLGVKDVDYZDC|VOZHMAYHYHEWBW|VRDCOPNSCZLBLD|VVLPFXAEVKKWTK|WCNWARYSICKKGF|XJMPAUZQVRGFRE|XRCLPWMEBOMKMG|XSYCDVWYEVUDKQ|YSIFYNVXJOGADM|YSOBQIMODQOGKQ|YTPBUIWNJRGZFW|ZHOMOKSXIMUJFE|ZRKGVMOZKMBTHF
b4c27e3b465ac2e82e00a215,riken,FERIUCNNQQJTOY|KWIUHFFTVRNATP|MRIAQLRQZPPODS|NODILNFGTFIURN|OFOBLEOULBTSOW|VFLDPWHFBUODDF
b4c75b416d35bd60c705401c,riken,WXDLBYTWLXNNTA|ZOLBWQPEZBEHMV
b4d2e57d5b21cba1550daeb8,pluskal_ms2,HLVMFYYHDCYEJN|ZIVPFRGMWMFDPI
b4ecd0a27a561511149ad99c,riken,DKEZDPGUJMMUCC|LKYNAQSYQLFTCM|VXMOIPRQSYFTHI
b4ee5ffd8c82c76f56d284d3,riken,KXVRUTRUTLGTEP|LPVOPZMNIAIRJY|VUOFIHCZMOIBFY|WURLGASLEZVNHV|YISCNLZAUIZSOA
b4f65f4ea3c23c413cbc05e7,riken,CZCIKBSVHDNIDH|LEVWYRKDKASIDU|OJPLCPBWIQWABI
b5066a7656170fde4aa0d36c,pluskal_ms2,AMXCTLDSFXUPOC|UYDSWRORAHRACW
b537dfbc86da52c9d7bd1e2d,riken,AONBXCCYURJCAY|AUCGRWHWAGXNQS|OHCQJHSOBUTRHG|VOZHMAYHYHEWBW|WMBWREPUVVBILR|YTZSBJLNMIQROD|YUSWMAULDXZHPY
b53a49c9911ee84e09aedbdf,riken,GLQYFMRUYWFXGT|SVHJCTSSYQPWEV|ZVTVWDXRNMHGNY
b53ab80004772e7dc344906b,riken,HUJXHFRXWWGYQH|NHHKFJCWLPPNCN|PQOCSSYRLUIAGG|QUPLPSQVUJKCSC
b5679f440bd4549c00f318d0,pluskal_ms2,FRSWCCBXIHFKKY|JZRMBDHPALEPDM
b572fa5a77eb06b1d552a8b5,riken,GAZDXIGXYWVWQX|WYDPEADEZMZKNM
b5747560a02f00e881d8f90b,riken,QOMBXPYXWGTFNR|VJZKQVOURLBNBU|YCDZBVXSGVWFFX
b578264daa30c030fc18fced,riken,DEMKZLAVQYISIA|GWTUHAXUUFROTF|INBSFHNHCNZEOY|KBGJRGWLUHSDLW|KPDOJFFZKAUIOE|WNAYNBDAJBVOPW
b5799d50636259831affa454,pluskal_ms2,RYFIZTWMSCXECD|UUCAMRNBHPIFAB
b582748d00602a4b4f6299a0,riken,BVUOXVSHTGNMRR|FXOWIGCIDJMTMG|GXHQODLTRMIQQU
b5861af546415db1c157deb1,pluskal_ms2,OQNLOMPHYCOESK|YAFCYESBJWJEMX
b588a57937c629dee558e616,riken,KQGDHYQRJRGMDG|QSBABJGBCMSZOL
b5917008a1945754c7322fe3,riken,CTJZWFCPUDPLME|QNVWGEJMXOQQPM|RWSXRVCMGQZWBV|XZVXEPPPQBLGMQ
b593b064bc6386b04df6d412,massbank,PPDWQLSRZNCMRA|WYLSEDHKQJBUIA
b59bd69d3bfad7f74443fe66,riken,YSIFYNVXJOGADM|ZVXWFPTVHBWJOU
b59d0afbfecd7409636ef489,pluskal_ms2,MLFSXHUGNVCALM|VOVAQGOCBYJSHC
b59ecddddfd8f3a5376f56f2,pluskal_ms2,XVZWLQXESCERMO|YAFCYESBJWJEMX
b5a5c1b6a7624ddf1f8519dd,pluskal_ms2,DYUOZQXMTYUSED|KQSVEWNCWPLKQV
b5a64a2eced76718afcda70d,pluskal_ms2,WBFRBUMHFYLOMI|WCNWTHCLAWYGIA
b5bc9ca28d672cff6458f1af,riken,GYZBHTVPNWMIBE|NBLTXOXNRITXNW|PEUUVVGQIVMSAW|SBGHXFWRTKOHQM
b5c334ab54f13a7a14ac740a,riken,LZERJKGWTQYMBB|YYFOFDHQVIODOQ
b5d23eebebaa4abe330147a5,riken,JTEJPPKMYBDEMY|NBGQZFQREPIKMG|SZMZXQWCICMUFH
b5d95a94c86834c25cf9dd04,riken,KRKNYBCHXYNGOX|PWAOOJDMFUQOKB
b5dda887265b76a44e797072,gnps+massbank,GLUUGHFHXGJENI|METKIMKYRPQLGS
b5e32220b8485f5e529b2d15,pluskal_ms2,DUJBGNHGEBLHHI|MVYSIIDOGIFTRC
b5e54258bba0ce898c9f664d,pluskal_ms2,CRVMDMUWJDBHRG|ZJCOLWRTVHBIBE
b5ea1892e5ca5719e9fab008,gnps+massbank,FEGVSPGUHMGGBO|INISTDXBRIBGOC|YGSDEFSMJLZEOE
b5fafd2e140d7d6893539158,riken,IIJUXCHFDCTCAH|RFDAIACWWDREDC
b601d194ef02107f76939e25,riken,GVEICTMRUVWSCF|IRDDGQRTXGSVFE
b6055b52df874b76d348eb77,riken,YJBXPWORXXQARM|YJGVMLPVUAXIQN
b61032697d9704eaaa3a2abc,riken,JKQXZKUSFCKOGQ|MIJYXULNPSFWEK|QMQIQBOGXYYATH
b620e4e07d0e61c5b0deda40,msdial+riken,POQICXMTUPVZMX|SOSLMHZOJATCCP
b6270abee3e13d022745c3d1,pluskal_ms2,HVEPLLKJSMENJC|IZVDXSWDESLGHP
b627cfd99d82447b5ff39890,pluskal_ms2,KFGWNIGZMCIXJX|WUNZLRSOMAHYDP
b629650d17d67993174981e5,riken,CZLWGXKWXLVFJU|WAZQKBSNIFTXNV
b62c1c1288df6c5d80b41946,pluskal_ms2,NFHQLSIRHVVGPN|SIUCWWPPXASGCD
b62f53a210d617d8cd8dd32b,pluskal_ms2,NFHQLSIRHVVGPN|SIUCWWPPXASGCD
b641454ea12973785ef09372,riken,GYFFKZTYYAFCTR|PQHNJDATPYXLIX|XJOTXMLDNWCDRH
b64de02c156d459bfad603d0,riken,ILRCGYURZSFMEG|UPUMEBJDZQEUFC
b652334762cf2d7e75d1c420,riken,HWYCRLFVQVFKPD|OFSZOCPGPLMCBG|UGRTULRMPFVUBH
b6716fbddd6f7d2d46fe6af9,riken,JLPDBLFIVFSOCC|KKMPSGJPCCJYRV|VTRDANCBYRZCRZ
b677253e9f925c58653f2e97,pluskal_ms2,KFGWNIGZMCIXJX|WUNZLRSOMAHYDP
b6935a9f9ab5ea19127b8b54,riken,ABRULANJVVJLFI|CTWQJCNXXJIJAY|FYHRJWMENCALJY|HLXRWTJXGMHOFN|WMMOMSNMMDMSRB|YQEMAEKYNNOCBY
b69b8d9a6271c14973d0e8c9,pluskal_ms2,JFYYCQXZVIOBKU|LAXGVLPLAROBNQ
b6a859325570d05d6b97b3cc,pluskal_ms2,IUXQCJHIMUEULB|ONDKXBSPNWEMOX
b6bd8b3f2408d6fafab275e2,riken,AEMJDNJKSCBKRL|AWFZJSUJFSUBQU|AWOGQCSIVCQXBT|HGXBRUKMWQGOIE|IHUNBGSDBOWDMA|JRPKYTRZLLKZAQ|KEEWIHDTSNESJZ|LKZDFKLGDGSGEO|MEHHCBRCXIDGKZ|NQWVSMVXKMHKTF|OLARKEMZPWGFJU|PEYUIKBAABKQKQ|POCJVFDFEBOVMF|QLJNETOQFQXTLI|QYGUYHZAAVMQBV|RFKQJTRWODZPHF|SIAOBOFCVOQCCL|SQMGCPHFHQGPIF|TXLUXHSVMYTTCI|UCZJPQIEFFTIEV|UXYJCYXWJGAKQY|VSNATUGVSVGFFN|YESSRGNVIMVBNT|YVCVYCSAAZQOJI|ZGRZULFRVWCUPF
b6c8444a66d6a7f6ebccc0fe,pluskal_ms2,APPSMRPOZOOILN|QNOQKNYTTJIAFL
b6dc9c540b9b79cb7773c114,msdial+riken,GQWBKIUFQRXJRP|HJWMMUBGTHVMFN
b6f670cffa3e932f9e43b3b0,riken,HRYLQFBHBWLLLL|WENNXORDXYGDTP
b709ec4aafbdf0af2aa690c5,riken,MKQCLTNEQAMHGK|OVBPIULPVIDEAO
b70fabbbc6ce6df55f47504f,massbank+msdial+riken,JXDYKVIHCLTXOP|WCVGQOGBFWDYSI
b724d3e4fad1a876ce5e5a4f,riken,FIIAPJASQSDOKY|MMDUKUSNQNWVET
b7279f60acc7d7f1afaa83cc,pluskal_ms2,AQDZYCQXYSAVHC|ZWUYKLCNJVTMLO
b72a1de7fb547c260235040c,msdial+riken,KWBPKUMWVXUSCA|ZKMNUMMKYBVTFN
b72c37e54275bead7440063f,pluskal_ms2,DMBDSVAUFNAKHL|OBUJQPRMTVEICT
b7394f687e1284221c072ab8,pluskal_ms2,KDBDWGPULDIDTM|SZFAVNQMZHISJC
b73d261cc42f5c6ca13556f1,pluskal_ms2,AIJMJWLEFKZSRF|GFRLHYDLHJNYMU
b74ac9bcdf83e64358a7505c,pluskal_ms2,GKBZZGLJFFTARM|NXEROWMPYNQHFS
b754d62f16b29f788b7c3001,riken,MJRQUHHZUFSBLY|ZULSSCAFEXMMQF
b7654bcde6d2f735cc03e2a8,riken,GWTUHAXUUFROTF|JYGAZEJXUVDYHI|ZTVSGQPHMUYCRS
b7796fafe5a912e5c28df261,riken,IOUVKUPGCMBWBT|JDIORNFCMMYMLF|LFYJSSARVMHQJB|LLEJIEBFSOEYIV|LLPWNQMSUYAGQI|NIKHGUQULKYIGE|QGVLYPPODPLXMB|RSAIVLRELNGZEY|RWXIFXNRCLMQCD|WYDPEADEZMZKNM
b77e9689366d8f7ee4c8fe01,pluskal_ms2,MBHXABZAPUIOEK|QRSQCHAMGNNKHE
b7837570a10f8e6a244b116b,riken,NXAMVENCLBALNK|PTDAHAWQAGSZDD|SXILFEBNQCRWAL|VHBKIIVLIAIHBT|VXPLPTGMDZIUQO|XEIZHEWIGQGAKL
b7885746788f8617440e74ea,riken,FCEVNJIUIMLVML|KLAGYIBJNXLDTL|LBTVHXHERHESKG|MFIXLWYJTVEVGO|SWOVVKGLGOOUKI|XFZJEEAOWLFHDH|XVOHELPNOXGRBQ
b790330e90845b3879e83294,riken,JRHMMVBOTXEHGJ|LSHVYAFMTMFKBA
b7918c43065ccec405f144e3,riken,HSTZMXCBWJGKHG|PBFGAFDJVQAMRS|RETRVWFVEFCGOK|SFLMUHDGSQZDOW|YLYLCQRQSRDSQR|ZHYQCBCBTQWPLC|ZYEMGPIYFIJGTP
b79201562060fba37443ffc8,pluskal_ms2,GXFIQOWIDSZYKM|VSTJLJLYMOOSPZ
b7ae185300812b6fa724de6e,riken,PEUUVVGQIVMSAW|SHPPXMGVUDNKLV
b7b8f714dc33b65d4e134c43,gnps,DYIHRLDJILTPIW|GAOZNCOLSXAHGT
b7c99143e413db61b4a53ba9,pluskal_ms2,IJEBDOXEOQAYMU|RWRQKEULWOCFAP
b7ce1617b288867b0f1465b4,riken,LKBQICPDNCGJOH|LPYXWGMUVRGUOY
b7ce629fb9737cf631421014,pluskal_ms2,CDHDBRPHUZTUEZ|HJOPLBQJTRQPAY
b7d3db8ced740d557014d848,riken,LLXVPTXOKTYXHU|UEDUENGHJMELGK
b7e39abc1400ea01404c7263,riken,BUBVKRMIMSPLND|IOPDFSGGBHSXSV
b7fa6ac5a5e3f3de5ec01442,pluskal_ms2,LPRKQJFIKKNYAR|RXEIDBOHFOSBOR
b7fb193eb6a97f81368ab826,pluskal_ms2,BTYBIJYFDWWGQO|HOJZUWVUVKPLJU
b7fcb61cb0dfd1c76bd26392,pluskal_ms2,QYENEJZFFZRKRV|XMZWMRWRPXRDHL
b7ffbb31701581b66945b853,msdial+riken,LADPNODMUXOPRG|VFYACENSDOLJGQ
b8050319db82832c01b3172b,pluskal_ms2,DVLRECMMOUCAFS|YVCDSSYGGFGHIE
b8057452d1fee6b8d63d1662,riken,AJJMKDCAQHLJQF|ALBXKWVKHLBNIA|ALPSEMFPAVSKJO|ATEFPOUAMCWAQS|AZKVWQKMDGGDSV|BNMGUJRJUUDLHW|BXTNNJIQILYHJB|CWHJIJJSDGEHNS|DEYFVOXDNWADAV|DMAOFWOOOIHKPU|FVWJYYTZTCVBKE|FXFHFOSEURHWMO|GBLZBLJGCQTQMB|GBXXXUUAOFPGRP|GDGZMMDZJVKXTP|HGJKGQUGPACAGO|HOEVRHHMDJKUMZ|JAYAGJDXJIDEKI|JDCPEKQWFDWQLI|JXTOWLUQSHIIDP|KDXVVZMYSLWJMA|KONAXQKGWYDUTG|KRUJMYARKZZEEH|LLMCZIBSELEBMK|LSHVYAFMTMFKBA|LUTYTNLPIUCKBJ|MVLZRHJIQUMZRO|NEBPBFLVSYFRQE|NODILNFGTFIURN|OQDGBIQQFFTLKL|OUQZQSNNIGHABI|PEWFWDOPJISUOK|PHMHDRYYFAYWEG|PQOCSSYRLUIAGG|SGTCGCCQZOUMJJ|SMTKSCGLXONVGL|TZRNJQYCOSMOJS|UJZQPNXJSBWWNU|UKUDZBHSBMEUCJ|UQCUBQIHIKJPHI|UZIOUZHBUYLDHW|VELYAQRXBJLJAK|VJRPWEGZZYYJQK|VOZHMAYHYHEWBW|VRDCOPNSCZLBLD|VVBWBGOEAVGFTN|VYQZKFDYFAVOLO|WVRAIABMMRFVCC|XHALVRQBZGZHFE|XJOTXMLDNWCDRH|XRCLPWMEBOMKMG|XSSREOLCRTWEPI|XSYCDVWYEVUDKQ|XWOLWJSHOPYCNG|YDDUMTOHNYZQPO|YIIKPFWLWYKDPH|YISCNLZAUIZSOA|YRXDKQKYWMHRSY|YTPBUIWNJRGZFW|ZKLSVVSNZGPHRI|ZRKGVMOZKMBTHF|ZYBXFVWSQYBVRU
b81bcb2f51c0b6948f3c48bb,riken,RHJULGLSOARXMO|UYXBVRMASFBLKM
b84670d1f13e776c52318f17,riken,UEDUENGHJMELGK|UJZQBMQZMKFSRV
b84bf353282bb3fb63a69312,riken,RKUNBYITZUJHSG|TYNLGDBUJLVSMA
b855a6d59db49ce165ce0201,riken,HGJKGQUGPACAGO|OTVKQJMSEKQVPA
b8675e3b381f2493267a2950,riken,OZBAVEKZGSOMOJ|RNXZPKOEJUFJON
b869a873f1b6b401bf79580a,msdial+riken,ARNBRPDSKOETGW|XDLBSNLAIQNWON
b86b8a5999404c8b1a00b584,pluskal_ms2,FTXQMXYVEKCYAO|QHJHUTXUTFOAJX
b86bb7e6bbcf87df6e0eccdc,pluskal_ms2,QSTBODVXYSWBJW|QYMAKTWHALBAAG
b86c26bab5354fec38b00bab,gnps,LTXREWYXXSTFRX|VKXWOLCNTHXCLF
b870e115452943826bb30c4a,pluskal_ms2,LSHJBSNZCVJLHC|RCXHLQWLYVOCAO
b87821ac43c78745bcb836b6,riken,LLVOJEYSNCNXJN|ZJDOESGVOWAULF
b888e781213f9f8aa5e65232,pluskal_ms2,JFYYCQXZVIOBKU|LAXGVLPLAROBNQ
b88ad7202731add6b1a2c273,pluskal_ms2,QABQLDMYSFXIAI|WCTOCHMQEXSMHW
b88b7428376984bdd2d62728,riken,GDGZMMDZJVKXTP|PHMHDRYYFAYWEG|VVLPFXAEVKKWTK
b88d33888198d61f914fb1dc,pluskal_ms2,QYENEJZFFZRKRV|XMZWMRWRPXRDHL
b893b946bd8dbc8de0962d9e,riken,VJSCHQMOTSXAKB|XFVGJHHHDVZQFB
b8a947120c2b7599aa5c6540,riken,ANJTVLIZGCUXLD|DHCSEHRBYOAURX|OVBPIULPVIDEAO
b8b13c62c94eb9c52750ab76,riken,CQLRUIIRRZYHHS|DUAGQYUORDTXOR
b8b7599dc6986d77f12cff2c,pluskal_ms2,VWUJQDWWRNTUKR|ZRLFBILQZFATFI
b8ba5d4ba251bd55228478ad,pluskal_ms2,HCHVXLFBJWXJNF|NBRUSFWGKDEKQS
b8c69d31a9a4246405f84117,riken,AAGFPTSOPGCENQ|QCQGNTXXPCJRFZ
b8c8966f302b7881e95b6520,pluskal_ms2,FJQNUNBQWRUPSI|UUBVLNODMJCOTD
b8ccf5eeb0e07c10bb1112b0,riken,AEQDJSLRWYMAQI|ALYHYIXFUOUIHJ|FJISLLRXVSQIES|FQEQMASDZFXSJI|GGGUGZHBAOMSFJ|WYDPEADEZMZKNM
b8ce5720ef2070a9f4cfef50,gnps,MWKQPIROPJSFRI|YCWZPIHKUYZTFM
b8cee7753733b70fa830472c,pluskal_ms2,HRFVVZAVGMSBRG|PDNSXMTYKJTDIC
b8df9498a42ae9ad07a46404,massbank,PCIUEQPBYFRTEM|SRMWNTGHXHOWBT|YPJUNDFVDDCYIH
b8ec46c546f5b6d36f90206a,riken,NNDOCYLWULORAM|WAZQKBSNIFTXNV
b8f269093e812e4e7aa0c99b,massbank,AFWOYEYXUDHGHF|ZDYYWMSLMLTXDM
b8f2ff820e7185e9434ab050,riken,HAYLVXFWJCKKDW|QGNVMEXLLPGQEV
b8fa5253970c305e5db9c901,pluskal_ms2,LOGQOWGAKPJRTM|UJWDOYSJRIVBJL
b8fb00dff476403a83387f9f,msdial+riken,GUBGYTABKSRVRQ|PVXPPJIGRGXGCY
b901b5a16d94e9b6116f8d74,riken,WKUHPOMCLBLCOV|WLTCHRVAPMUZPR
b901c3b3fa065847fb7483d3,pluskal_ms2,DQXDPHKOEHMQIV|LBKDYFOSBMAOCG
b92ee402458d5f941a745d05,riken,YBHILYKTIRIUTE|ZZMNWJVJUKMZJY
b92f866d437c5911c3d4c2af,riken,DDGJUTBQQURRGE|FHHSEFRSDKWJKJ|FVWJYYTZTCVBKE|IGGUPRCHHJZPBS|OADZSFPWAGMTDV|ORBITTMJKIGFNH|PWAOOJDMFUQOKB|QPAKXSCQEJXHSW|XEZVDURJDFGERA|YCOZIPAWZNQLMR
b938b43356b2e8445ca10646,pluskal_ms2,BXSWNEVPGYRLEF|MTIQGFJEGKOVQK
b9459fde7cd862475270d66e,riken,SSHDNSCEQSPWIM|ZMTYENXGROJCEA
b94c568d6fb3e6daeea70700,pluskal_ms2,ADRSZIQSSXPARX|LGYQUCCBDIUAOE
b962dea5a443a8c5351971f6,pluskal_ms2,DQUMUIPQPPCWPO|PACZTINKMITFPU
b96ac56a72e2d26a78ef3612,pluskal_ms2,GNTNFDGUUKHKPJ|PGKALWCTRFUUJO
b96be49fde6ca602b2b8a1ff,riken,RFRQHBOLMUEMMH|WPYJMNHBYFFULY|WXDLBYTWLXNNTA|ZOLBWQPEZBEHMV
b96c2d76892f31b8dee9f418,riken,ABDZGGVFJYHTBS|CKSNMFLZWZXKGH|DKYDTFCHFHKRQH|GVEICTMRUVWSCF|HWYCRLFVQVFKPD|IRDDGQRTXGSVFE|IUOVOAJPVOWNCJ|IYPYOSNUSXBFTR|JTYYHSPDVLJFOJ|LLHJXODPYGGYCJ|QBILRDAMJUPXCX|QUQPHWDTPGMPEX|RXTPBERNZNYWSC|UGRTULRMPFVUBH|WQVCDQYJDQXJLY
b9948575af0e772c91ad1507,riken,JVBLTQQBEQQLEV|PYXFVCFISTUSOO|YDQJABBOEPTJBN
b9976180ef3a6df8cd6c87ff,riken,CLWOXNLVWMXBRD|NBGQZFQREPIKMG
b99ae5e7bf390b1b3140f548,riken,WGAGIALDHUDRIR|ZKUCDSCKSARUCE
b9ca2cfd8951212a321ba030,pluskal_ms2,GKBZZGLJFFTARM|NXEROWMPYNQHFS
b9d35e083b063f53bee71fe3,pluskal_ms2,ITKRZUCVBKTSGI|XCTUOBOQUJSQJX
b9df2970c10f6fd385445356,riken,IRZVHDLBAYNPCT|MGJLSBDCWOSMHL
b9e7b8ba92473181ef98091e,riken,CKDKGHDDRAMHGK|LLVOJEYSNCNXJN
ba04efa2e1285807d93b948f,pluskal_ms2,DBOUYKVZAOOEBJ|NRCBCYLHFAVANS
ba0d5b199cad8fdc8db4a0a7,pluskal_ms2,IGRDGFVMWJUAHL|KUJKKCYLGZHIAH
ba10cf02d2833f70a26b011d,riken,DFUXHMHWOWANRY|HLBDEIQKPVIENA|HNGNQFQJPOBLJE|YQNLTBIQEYMXGA
ba1489f64b168c409f1adaf5,pluskal_ms2,DEDXOELQYHNPFM|LVKRLQCGHRMNRC
ba156a6ee04325709fe2227d,riken,FQEQMASDZFXSJI|YLHQFGOOMKJFLP
ba1dcec5e9ebd7b47afeec80,riken,FCCDDURTIIUXBY|ZHMIOPLMFZVSHY
ba2f878d9ef6b2900efb22c5,riken,DFQOXFIPAAMFAU|FJGOEBQRHWKKJH|GWDFJIBHVSYXQL
ba36a770dfaf43810ba352a1,riken,CYFXRGFESOFDNS|XATAXBHNGRMKLI
ba39c193dab77fe0afa6bc22,massbank+msdial+riken,FTVWIRXFELQLPI|SBHXYTNGIZCORC
ba3c1f63d8dbac31be7b42e0,riken,BLFLLBZGZJTVJG|DZGWFCGJZKJUFP|VKZICKDDJSFAAG
ba3d3ccf688410860f7a02ad,riken,LSHVYAFMTMFKBA|OYHQOLUKZRVURQ|QCQGNTXXPCJRFZ
ba45bd251c174abcf73dfe49,riken,FSLPMRQHCOLESF|JBGYSAVRIDZNKA
ba48176008caf314c22c53d5,pluskal_ms2,MXTLAHSTUOXGQF|VZTUIEROBZXUFA
ba56397d73363446ca67accc,gnps,FRSWCCBXIHFKKY|JZRMBDHPALEPDM
ba5a48a143f5435244fa0b4a,pluskal_ms2,BXGXTXCNFOCKMX|LXFSCSJMDZZGDN
ba5f8a5637ae539be1c202ad,riken,CPJKKWDCUOOTEW|CUFAXDWQDQQKFF|INVGWHRKADIJHF|PEUUVVGQIVMSAW
ba61efbf96702a2b04a56de9,riken,DFPMSGMNTNDNHN|KISYRRMFQYIIFQ
ba649b1b8a83a77ee048e152,pluskal_ms2,BHWOKYGIZKCKPI|KWZPDRYHNZNEAL
ba763cd0aa37176d1d5ab364,pluskal_ms2,LHIMNNALUHPRPU|XYLLJSHRRXJODP
ba79d035a049b341f6f7b9aa,riken,HPSWAEGGWLOOKT|MYBAONSAUGZRAX|RPMNUQRUHXIGHK
ba7ffacbea3795fcd4e67151,msdial+riken,DMCPFOBLJMLSNX|FHHSEFRSDKWJKJ|LNTHITQWFMADLM
ba87f3f392b7714582c36c39,riken,PBSOJKPTQWWJJD|ZRLVJNQOEORYIS
ba8c6162db5349810efd03cf,pluskal_ms2,BBMIVYSZKOFQRF|TXHLMNLRIQPPAP
baa7050c96940adb8b8f47b9,riken,AKNILCMFRRDTEY|BVKFFAQGFXJQBI|DBUNRZUFILGKHP|FDASUPFDHLZNSK|FYZYXYLPBWLLGI|GXLUGCOZQDLXAJ|IPQKDIRUZHOIOM|IUSZMBXMNBITIK|KTAQQSUPNZAWEY|KWBPKUMWVXUSCA|MMTWXUQMLQGAPC|NULBHTHMVOCGOE|OJISWUQNQQWEND|PLAPMLGJVGLZOV|PPCHTBBOSVKORE|QHLKSZBFIJJREC|QSTBHNPMHXYCII|SHCBCKBYTHZQGZ|TUGWPJJTQNLKCL|TUUXBSASAQJECY|UOVGCLXUTLXAEC|VRYWDBDPXMHHGE|XFFOMNJIDRDDLQ|XGMGGAPZYUWNMO|YSXNEFJASLJGTK|YUSWMAULDXZHPY|ZGRZULFRVWCUPF
baa70876553517454721596b,riken,KLAGYIBJNXLDTL|SWOVVKGLGOOUKI
baafbf39c292cd7b6ee1eb97,pluskal_ms2,OQRHZAAKVGLWAJ|WAMDKICNFZXPIA
baba23b70a482c96ee95e9a5,pluskal_ms2,STNUFYASKJIPNN|VEFVJHJYAPWCLN
babd933ed9293a3e88248566,msdial+riken,FIPWRIJSWJWJAI|MFYSYFVPBJMHGN
bad6a589932055d8c2e242f9,pluskal_ms2,XGYGEAWFUZQYSS|YNARFWWBMMQRTJ
badc7d1063fcefc03c988a45,riken,AUCGRWHWAGXNQS|CKUVNOCSBYYHIS|CTJZWFCPUDPLME|IQPNAANSBPBGFQ
bae2bf9352dd57ff456371e1,msdial+riken,POULHZVOKOAJMA|YLJREFDVOIBQDA
bae60f5a8264e2c395d09457,massbank,OXWDLAHVJDUQJM|WPMYUUITDBHVQZ
baf15da75d750f0ddca23011,riken,XAIUTKHLNZBMEG|YDDGKXBLOXEEMN|ZUADKIVUCPFXDX
bb022814d475577c4e1c1016,massbank+spectraverse,ARYCMKPCDNHQCL|ZPVNWCMRCGXRJD
bb28de14b618a1bdd1fdeedb,riken,ATJVZXXHKSYELS|KLAGYIBJNXLDTL|OHDPFRGZBUACTR|SQOJOAFXDQDRGF
bb36ed3cddea825efb1c8dc8,pluskal_ms2,GTVMCVFIGSCERF|PSEBDGBXQNJMQF
bb3e78bbb862274eb5bd85df,riken,HRYLQFBHBWLLLL|KEOITPILCOILGM|OIVDEBIGYOTPKV|XSQFDXNJFMCRGJ|ZFXYFBGIUFBOJW
bb43e9fe996b936060f08d0b,riken,KFEFLPDKISUVNR|NAHTXVIXCMUDLF
bb557696670942835921e853,riken,HLBDEIQKPVIENA|IHYUCPYKBNICIV|QKQZUNJZOQODTH|TUFBUBIMKZRZLD
bb65664e7fd15db397654bca,riken,ASUTZQLVASHGKV|GMTJIWUFFXGFHH|GRTOGORTSDXSFK|KEOITPILCOILGM|NKTORRNHKYVXSU|OIVDEBIGYOTPKV|ORJVQPIHKOARKV|OTJBXGAQAVEFCP|XSQFDXNJFMCRGJ|YKPUWZUDDOIDPM
bb680292cfc3bee18cc89293,pluskal_ms2,HHWABXGAQNCVFW|OZVZMPDVUMTGKV
bb707f114f63d194257eb519,riken,BVLGDALJKFDSIM|DKYDTFCHFHKRQH|IYPYOSNUSXBFTR|LLHJXODPYGGYCJ|QUQPHWDTPGMPEX|VODLLOCLAAHTRJ
bb8bbbf6a09924110fd90a7f,pluskal_ms2,ATGOUMQDRBWCTG|IVNCONQKTFXXOW
bb94c5d9fb007a5edb67c8c1,pluskal_ms2,UWYLPROZOZNUOG|ZGGAPNDQHPUKNO
bb9f19c6578f596e41345fdd,riken,HKODIGSRFALUTA|MEHHCBRCXIDGKZ|NLJJSPKWNBUDNS|YJGVMLPVUAXIQN
bbb2ce3b36fe63be6bd9360b,msdial+riken,CWVRJTMFETXNAD|YDDUMTOHNYZQPO
bbcb31ffba780a46bf903d47,riken,KOOCQNIPRJEMDH|PBFGAFDJVQAMRS
bbcc691d2df951d37a4f29d4,pluskal_ms2,NCCUROCZYCSKOD|PEELMVUBOGZJLX
bbdf6de67fba036cc3b8fa5e,pluskal_ms2,ITRDWSJZKFTSEW|QMIOWKHMJRSGKV
bbe2f8ccd068bfea7ac7184a,pluskal_ms2,AANLHOVYRNPCCG|OIHXHHOMMLHVNS
bbf860d4b9787eebb5bce426,msdial+riken,RGHNJXZEOKUKBD|UYTPUPDQBNUYGX
bc08434a992f44d8ffb7e7d7,riken,GZSOSUNBTXMUFQ|SNKFFCBZYFGCQN
bc0ffd5d8acadee25c74956b,riken,IMQLKJBTEOYOSI|MZNIJRAPCCELQX
bc10423f1de9ef68b752571b,riken,IUSBVFZKQJGVEP|ORJVQPIHKOARKV|RSWGJHLUYNHPMX|VQQGPFFHGWNIGX
bc1d576f15d5a134681ad60a,pluskal_ms2,RYFIZTWMSCXECD|UUCAMRNBHPIFAB
bc210aef18f10911c62300d2,riken,AIPRNSJTKFPHMW|GWHCXVQVJPWHRF
bc22d2771a2ca8ef94fb46da,riken,JXSVIVRDWWRQRT|VGEREEWJJVICBM|YKNWIILGEFFOPE
bc2a42ab33fed1e03a569f5c,pluskal_ms2,DUJBGNHGEBLHHI|MVYSIIDOGIFTRC
bc2bf699338b8e7f51fc6a89,pluskal_ms2,KOJNQFFODPLEAZ|ZTNKAWJJXPYVLP
bc2ffe252cfecdcba47043d6,riken,AFNDTSIACJAGSO|KUYOHDBLZSPZHG|SMLTWMLPLYCADB
bc30a456e1566d26e220251c,massbank,FELGMEQIXOGIFQ|YBBLVLTVTVSKRW
bc30da36a3bd9a17c53904dd,riken,DFQOXFIPAAMFAU|STECJAGHUSJQJN|XLPAINGDLCDYQV
bc382049cbba614d86096f46,pluskal_ms2,CWIHCHBWHUKXFQ|VFASMTWOJZTBQT
bc4132be7ea14b4efb4bf815,gnps,ACCFLVVUVBJNGT|UQTPDWDAYHAZNT
bc495b74689482e994b12b1d,riken,BXKNQKQIBKBMIZ|MVLZRHJIQUMZRO|QBDHHZLEIBPNSS
bc677b1e970428bb9f7e1c9e,pluskal_ms2,KADNASLNEZLISD|ORSCGZFGPRIFNA
bc696594761480adfc6ea585,msdial+riken,LTEPZFZSPZASKJ|MRWXACSTFXYYMV|WPYMKLBDIGXBTP
bc70cfaae827ed0469675e3c,pluskal_ms2,AVKUERGKIZMTKX|OFBIFZUFASYYRE
bc710034127f2136cf048864,riken,CGIBCVBDFUTMPT|FCEXWTOTHXCQCQ|FQEQMASDZFXSJI|HLOCLVMUASBDDP|HNJZOHHIXSIJFG|JBGSWIBJAGBGOP|JDIORNFCMMYMLF|KYWSCMDFVARMPN|LFYJSSARVMHQJB|LLMCZIBSELEBMK|MROYUZKXUGPCPD|NIKHGUQULKYIGE|OJXQLGQIDIPMTE|QGVLYPPODPLXMB|RKFAZBXYICVSKP|RPPYCVULPFKBOG|VEPUCZUJLKAVNM|VKJLHZZPVLQJKG|XZPNBJLXZMBECP|ZJDFNIHQCHHZGU|ZSBXGIUJOOQZMP
bc78c5d8953445afebd6e7b6,riken,AONBXCCYURJCAY|AUCGRWHWAGXNQS|DGDWCRWJRNMRKX|QXIPXNZUEQYPLZ|WHWWQGPCTUQCMN|WRLXHKDQSQMWSH|YTZSBJLNMIQROD
bc9545fe489586d3c407620d,riken,MJRQUHHZUFSBLY|OZJXTWMDBPQRGI|TWAZWVPPDIUVOD
bc9ff40fcc4905bcda9492d8,riken,BAVIFLQGTGNVOP|KRVIIMWSCXORIQ|NTSAVLDATFYUQZ
bca8ded722d9b8aad17a8076,gnps+massbank+msdial,PMOWTIHVNWZYFI|SMEROWZSTRWXGI|WVMBPWMAQDVZCM|YTFVRYKNXDADBI
bcac894eb1b82050cdd6e6a9,riken,GSTCPEBQYSOEHV|STMOVYDUKPFEST
bcad43cad7af3540859ec5d5,riken,GHKISGDRQRSCII|PEUUVVGQIVMSAW
bcc09e33569cb4d008c41b1b,riken,IOUVKUPGCMBWBT|LLMCZIBSELEBMK|YBHILYKTIRIUTE
bcc8f7009b7849ca0c67abd8,massbank+msdial+riken,AUTZLTCWRDPAPV|CKRXVVGETMYFIO|CXGONMQFMIYUJR|LVDGGZAZAYHXEY
bcca9fc05dd9be9ff4adff1e,pluskal_ms2,BVHCIBPROINFPQ|CRAONLIHLOSKGE
bcdbfcb212a5d42f9ea295dd,pluskal_ms2,GNTNFDGUUKHKPJ|PGKALWCTRFUUJO
bcdc29eee832db292c75bdb9,riken,WRPAFPPCKSYACJ|XQVKQEFQGYTUAR
bce428386fcea1cfeab64524,massbank,NUVBSKCKDOMJSU|QFOHBWFCKVYLES
bcee6dee0bc36a9fdf3a50f2,riken,WRXVPTMENPZUIZ|WYJAPUKIYAZSEM|ZKLSVVSNZGPHRI
bcf691faa44bb7453cf38ff2,pluskal_ms2,FJQNUNBQWRUPSI|UUBVLNODMJCOTD
bcf6c0d3cf7468680b453966,pluskal_ms2,KRCOMOOXOZSNAJ|XNAWUDONOGZGEH
bcf8da5fd80000989ad976f8,riken,KSEBMYQBYZTDHS|OJYLAHXKWMRDGS|TYPSVDGIQAOBAD|ZVHUQIMPAVOVTR
bd0439ca64670bc636ac859a,pluskal_ms2,FLHUJBKBZZRVCG|VNHOPSNATDRMNE
bd0e2832319dcffd1d4d82e4,riken,CYBWUNOAQPMRBA|KVKRFLVYJLIZFD
bd1bf85ff2c5a137493a160d,riken,FPUGCISOLXNPPC|OFEZSBMBBKLLBJ|OIRDTQYFTABQOQ
bd3f80bae4eb14e1781e8a50,pluskal_ms2,GXOIDTTXZUMBPM|HTFUIYOLZFXOMK
bd4f24cb1d477ca91c77c98a,riken,IDZZECHGWAZTIB|WBYJYPOPDKQBQJ
bd5211e1d1d9c8a60d5cfe67,pluskal_ms2,GRTAEXYBNGARKQ|KIAZDLSDTVXHQF
bd54af451d2bc9a66b087a6a,riken,ATWLFQWAUVXIEG|BPXIBBNVQKIXGG|CDDHAXIBBPNNSQ|CKEXCBVNKRHAMX|DMDBJWPXOHROAS|DQFZFJHZGAOITN|GFMYIOGFYYHKLA|GJOCOWQRASAGSS|GOOFZOQDLIMARN|GVTRUVGBZQJVTF|HJBUYKZTEBZNSH|HLXRWTJXGMHOFN|IHUNBGSDBOWDMA|INIACRGCTLLWRM|JRPKYTRZLLKZAQ|KKSYAZCUYVRKML|KWBPKUMWVXUSCA|MQYXUWHLBZFQQO|NDOPUHIEVZKCTM|NRNOIJZZYJOCDE|NTNSKOKPJWYQGX|OZPNYAHEDUKMPF|PIYIRGGWVHVHDV|PQCLUXROBSBPIN|PXGWEUQZDRUMRE|QTVAYNGFFDZGDR|RHJULGLSOARXMO|RKWHWFONKJEUEF|RVLHHZKCFQNHII|TXLUXHSVMYTTCI|WZAXZHIVHPRTIU|YJGVMLPVUAXIQN
bd59e83efd2548f4a281f104,riken,IRZVHDLBAYNPCT|LSHVYAFMTMFKBA
bd5b16c5efe760cea1c02f66,riken,PHDZNMWTZQPAEW|ZVTVWDXRNMHGNY
bd5e1f9f43c9a50fd8f33713,riken,CKUVNOCSBYYHIS|HCZKYJDFEPMADG|IYOACTFZIFFILK|IZQSVPBOUDKVDZ|LOUPRKONTZGTKE|OHCQJHSOBUTRHG|OMQADRGFMLGFJF|RAQNTCRNSXYLAH|RNKMOGIPOMVCHO|VNONINPVFQTJOC|WCGUUGGRBIKTOS|XYNPYHXGMWJBLV
bd697a70f5022682eb60acb9,msdial+riken,ANVAOWXLWRTKGA|OENHQHLEOONYIE
bd7a755edcc3d238d766222a,riken,QGNVMEXLLPGQEV|ZCBNZTSUROPRKE
bd853e6f95b9bbc6c0c78ce3,riken,ABDZGGVFJYHTBS|CIKNPMUSQDPKAK|CKSNMFLZWZXKGH|GVEICTMRUVWSCF|IUOVOAJPVOWNCJ|KONAXQKGWYDUTG|QBILRDAMJUPXCX|RXTPBERNZNYWSC|SKHJNNFXCKTDBG|UGRTULRMPFVUBH
bd939339112c59cbbd893ab1,riken,JAYAGJDXJIDEKI|NKMVPHNGKMCDLC|QQANTDQGINANND
bda1115fd0fe8ae520d1a097,msdial,FQWZGEBZILOCET|SGQJDTLFQCDZGS
bda629d34862a296cab64af2,riken,GVEICTMRUVWSCF|OLZAGZCCJJBKNZ|QUQPHWDTPGMPEX
bdae241872dd62e8d3d335be,riken,JKQXZKUSFCKOGQ|MIJYXULNPSFWEK|QMQIQBOGXYYATH
bdb5fc35e9022225a69ffb9f,pluskal_ms2,ALUQXSJARGBEOQ|JNZDOQZSXDGGCY
bdc2aad8be4b8bf9e8c46f51,pluskal_ms2,LTXREWYXXSTFRX|VKXWOLCNTHXCLF
bdc75d486aa52254ef2cc72e,riken,CKUVNOCSBYYHIS|FBSFWRHWHYMIOG|GWTUHAXUUFROTF|KGEKLUUHTZCSIP|PJTYPIGQKDTERS|WZRCQWQRFZITDX|ZTVSGQPHMUYCRS
bdc7c02775be28f05141ea0c,riken,BKVDVQYVPMCYQR|JASYOPOIUHUBJK
bdcd5545bce45171a16a2959,pluskal_ms2,FSTDRNWTSCJIRN|SGWCGSNQYPEXBO
bdd4a2a1e62ff4ee9ddd96f2,pluskal_ms2,IKSHXEFFYBSFGO|SQFVGVQJQQHFIE
bdd61fbbdaac6367d69af40b,riken,KBMSVODXFLAQNJ|KSEBMYQBYZTDHS|LQGUBLBATBMXHT
bde65f4c19db43265f0faa50,riken,ARPGURKWJGBPTN|UNLDMOJTKKEMOG
bdec68a1b1ad9e0b442c2e62,pluskal_ms2,GTVMCVFIGSCERF|PSEBDGBXQNJMQF
be0946fa66b92953be757af6,msdial+riken,CARMWCSYOJNGRD|JKHRCGUTYDNCLE|REFJWTPEDVJJIY
be1352317202e2f9fbd59db6,pluskal_ms2,VWUJQDWWRNTUKR|ZRLFBILQZFATFI
be17aef86461178ad6e26f59,riken,AWOGQCSIVCQXBT|YVCVYCSAAZQOJI
be1caa53c5f357367e3cff1d,riken,LBHYRBPEXITYTN|ZUADKIVUCPFXDX
be1f802a6f726bb26af74dc4,riken,GRMZCIPHHBSLFF|QBILRDAMJUPXCX
be35aafcae487adfddf1a815,pluskal_ms2,NBMNQTQSJQDCHA|SPIIDRMCTHYLNE
be3d62fc7c246d3ce3458740,riken,RHJULGLSOARXMO|VAXDAORNOMZREO
be41989d989f4c4c774b532d,riken,JKQXZKUSFCKOGQ|MIJYXULNPSFWEK|QMQIQBOGXYYATH
be5afde8c7885a8eaf3bf318,riken,ATJVZXXHKSYELS|BLUAFEHZUWYNDE|FCEVNJIUIMLVML|KXHCYYSIAXMSPA|RKUNBYITZUJHSG
be6704f62ca3c9d34585b0bf,riken,KLHSKTMVSOWVLD|KZLDMAIXPXOZCX|MFIXLWYJTVEVGO
be6bf59047022339efab847a,riken,DAXMBTMYJCYTRG|FDASUPFDHLZNSK|FHKHGNFKBPFJCB|FIIAPJASQSDOKY|HUOOMAOYXQFIDQ|IPMYMEWFZKHGAX|IPQKDIRUZHOIOM|IUSZMBXMNBITIK|JBFOLLJCGUCDQP|OTUCXMIQUNROBJ|PEFASEPMJYRQBW|PLAPMLGJVGLZOV|PXGWEUQZDRUMRE|RBTRUVNXLDXHBJ|RJANATGWWPNKAL|SOVOCMGDFRGRKF|VANSZAOQCMTTPB|VRYWDBDPXMHHGE|WHWWQGPCTUQCMN|XFZJEEAOWLFHDH|XMJAJFVLHDIEHF|YRAQEMCYCSSHJG|ZCEMXUNJITYHIZ|ZEASWHWETFMWCV|ZGRZULFRVWCUPF
be74e5d423f4c2bf05c8b68c,massbank+msdial,GUBGYTABKSRVRQ|IKMPWMZBZSAONZ
be7828881299a2e7274a0e75,riken,FEQSYBHDHIPRKS|IFIQVSCCFRXSJV|MZNIJRAPCCELQX|WRXVPTMENPZUIZ|YOQAQNKGFOLRGT
be7aa2b87fc6d6fc3d804c62,riken,BHPGRVQWTLDDQX|DFDVWAJDFYYBAC|DKEZDPGUJMMUCC|FELCJAPFJOPHSD|IEBFEMIXXHIISM|KJNCJEFOGQPOHS|TYFKYDTUEMTUNY|YTXIGTCAQNODGD
be81f012c235942499645f8d,riken,BOJKULTULYSRAS|FSBUXLDOLNLABB|FZAGOOYMTPGPGF|INBSFHNHCNZEOY|KBGJRGWLUHSDLW|KFVUFODCZDRVSS|KVKRFLVYJLIZFD|NVVDQMVGALBDGE|OUHBKBTZUPLIIA|PXOYOCNNSUAQNS|TWSZDJCOYVYRGM|UVJYAKBJSGRTHA|WYDPEADEZMZKNM
be953b771294013625f777b5,riken,WHWWQGPCTUQCMN|XGMGGAPZYUWNMO
beac8a341001437cb88f042a,pluskal_ms2,CTDUTUBPYHGECY|OPWRQUSOICEUQL
bec0ccaf40d27f1941e2b628,massbank,FUPAJKKAHDLPAZ|GWEHVDNNLFDJLR|PKYKNPLSFOKASK
bec8c2bf34ef449bd4b92674,riken,CKUVNOCSBYYHIS|LOUPRKONTZGTKE|OHCQJHSOBUTRHG|OMQADRGFMLGFJF|RAQNTCRNSXYLAH|RFWGABANNQMHMZ|RNKMOGIPOMVCHO|VNONINPVFQTJOC
bedbee0c76a7a6c2e014e6f4,riken,KWRQPASKWCJCPI|PHMHDRYYFAYWEG|VVLPFXAEVKKWTK
bee56a960598fdba07c38fa9,pluskal_ms2,QJPCLIAAPIUMQU|VELXWQVKLUYRBG
bee95aa60541cf08a79f2c24,riken,ATDWCWKOJNGCHW|JTEJPPKMYBDEMY|PEWFWDOPJISUOK|PHZOWSSBXJXFOR
bee97715c432786ec787d9b6,pluskal_ms2,DAAGOCSHXCDWDY|OQALFHMKVSJFRR
beeacd5ae89c7572f6f2bf53,pluskal_ms2,IBWGYBLOTXJRTJ|WTABTGPEIIWEOZ
beed81cf11795646b297dc70,gnps,ATGOUMQDRBWCTG|IVNCONQKTFXXOW
bef315b6f72e16cf3e1d2c89,pluskal_ms2,KFGWNIGZMCIXJX|WUNZLRSOMAHYDP
bef60efd3cd6f4515b5821cd,riken,INBSFHNHCNZEOY|JQBOIGWHYPDAGZ
bef8f4406823167dcaa9ed43,pluskal_ms2,WDEKOHTUSQRRSZ|WJNIPNJMNBVBKI
beff41849036c7c9651112c9,msdial+riken,RAXXELZNTBOGNW|WTKZEGDFNFYCGP
beff51251375e648804d27dc,pluskal_ms2,GIEHYCZYCZPMNY|OSTLIPJEMYVALT
bf0595ade9fe41bbd9a36abb,pluskal_ms2,PUYJJOSVJHUEAP|YAZVBHHBVAAZBE
bf0c1f8d3b0a747e44a39064,riken,IMQLKJBTEOYOSI|YURJSTAIMNSZAE
bf230f0ddaa73fee3f72966d,riken,ABRULANJVVJLFI|IUSZMBXMNBITIK|LNOHXHDWGCMVCO|LXOPDILLGIDKLW|LYUZYPKZQDYMEE|OIFVLHZEBAXHPM|PEFASEPMJYRQBW|UBCKYWKJKPMKAA|WRLXHKDQSQMWSH|XFFOMNJIDRDDLQ|YMWRMAOPKNYHMZ|YPWHZCPMOQGCDQ|ZCEMXUNJITYHIZ|ZEASWHWETFMWCV
bf251c5dbc351553630e5df7,pluskal_ms2,DIBDSGAMKSCUJK|IQGBWKOGMWUSSG
bf256a276bdf9a0fa2df0b60,riken,APZYKUZPJCQGPP|DLBLMTCYISHWGP|HYXITZLLTYIPOF|KYWSCMDFVARMPN|MROYUZKXUGPCPD|NIKHGUQULKYIGE|QGVLYPPODPLXMB
bf2a1a81d43364d44ab428a5,msdial+riken,AHLPHDHHMVZTML|ONIBWKKTOPOVIA
bf4581dbc75f9f138a5a91e3,gnps,AEGMTRFJZYFDRR|XGJHIUYQKVQASN
bf4ad457bd54588965c2d2cb,riken,KEGZEHANNYRNOK|WSXZMNZWXLNIPA|XINFXFISYDXMAU|ZQHJXKYYELWEOK
bf507c76161f5a244c775208,riken,NYCXYKOXLNBYID|OBEHELRBTWMPHI|XZVXEPPPQBLGMQ|YXOLAZRVSSWPPT
bf539ecb333371f06a4fca5f,riken,KRQDMAXNTWLTDZ|QWQSMEDUZQDVLA|VGJOYFZLAIERID|VZTUIEROBZXUFA|XWMMEBCFHUKHEX|YBCOIJNAMJAFSO
bf54f2194eb4cc503357988c,riken,BURJAQFYNVMZDV|FSBUXLDOLNLABB|KPDOJFFZKAUIOE|WYBOVISLCPAJFV|YLRXAIKMLINXQY
bf595c487871909be0debb2d,gnps+massbank,FDRBRRBUPLHXEM|NTDLXWMIWOECHG
bf61971fab32e2b1de85789d,riken,FNIRVWPHRMMRQI|NACOJBQGIGOFFX
bf65c039ce584b05d7a9af50,pluskal_ms2,NBMNQTQSJQDCHA|SPIIDRMCTHYLNE
bf700a993312db5c3a9f3f0c,riken,UMTVUIVCCWBBHM|WMEBIWWUBWHAOJ
bfa8cc9271b637696f201541,riken,CLWOXNLVWMXBRD|GOHMRMDXUXWCDQ|KOOCQNIPRJEMDH|WRPAFPPCKSYACJ|XMVBNLMKPMPWAX|XQVKQEFQGYTUAR
bfb2cea0e0fa3ceb92cff6cc,riken,CCRXMHCQWYVXTE|SLRUNSWMCGKKPV
bfbb4f3dfa87f54c4ee2d25a,riken,CWVRJTMFETXNAD|CYFXRGFESOFDNS|DCYOADKBABEMIQ|ILEDWLMCKZNDJK|KQNPFQTWMSNSAP|SREZIYPRWBLGDH|UMYAEKVHXDURJS|WPYMKLBDIGXBTP|XBDQKXXYIPTUBI
bfbbf1bc3d7de11adc43551a,pluskal_ms2,MYWLNUHOXLSXFR|UTDLBBNCPPFBRU
bfc07488b5ac47376e3aad0a,pluskal_ms2,QVBVKZWOWLNBHL|VMQUIQPLKGWHIS
bfc114633335dcebc6986f37,gnps+massbank+msdial,XKMLYUALXHKNFT|XRKBRPFTFKKHEF
bfea642e3674265328d3bf83,riken,FEQSYBHDHIPRKS|KWBPKUMWVXUSCA
bff1cdbcc34280127345f2d9,msdial+riken,GLACGTLACKLUJX|LLXVPTXOKTYXHU
bffe21e308833916425446ee,riken,BMCZTYDZHNTKPR|OLZAGZCCJJBKNZ
c01bff3001e7c43b1971698e,pluskal_ms2,GTOZLSBCFMDWIZ|IHGVAVLSTPCCJP
c0237836a5636db892ef7981,pluskal_ms2,GXOIDTTXZUMBPM|HTFUIYOLZFXOMK
c03086cffeac9e3352073146,riken,LPNBCGIVZXHHHO|PCWTUTJLXXOQPR
c05c66cf613cd5ca0e05fad3,pluskal_ms2,APPSMRPOZOOILN|QNOQKNYTTJIAFL
c061289a8ef19366f4c88236,riken,CFKSVMVGALEHAP|OQANKTWSGPYURN
c061accee86f3dcc34bc62cc,spectraverse,JGHZJRVDZXSNKQ|ZUOUZKKEUPVFJK
c070a75fac7d3ce281682f0c,riken,IRZIRGSTEJPVHR|OZPNYAHEDUKMPF|QAMQEWPHZSRJTN|WRJSPKBWGMBBSI
c0772ebcda018267952be914,riken,MJBPUQUGJNAPAZ|WTQYWNWRJNXDEG
c07d22dd5c426143f7c19635,riken,BQTYHFZQSAKNQU|ROTMXRXTGVWUHF
c09865c15771400777e6e910,riken,BLUAFEHZUWYNDE|GSSPKCPIRDPBQE|IHEJMZHKJYHVFF|MXXWOMGUGJBKIW|SQOJOAFXDQDRGF|SVHJCTSSYQPWEV
c09b5209ef9a2ee1c4c183d1,riken,VPRBWEMXTXPBEY|ZCTJIMXXSXQXRI
c09c01b04accee52e2f8a640,riken,LNQCUTNLHUQZLR|NSEWTSAADLNHNH
c09cd9184deb0780456836e0,riken,JNNGEAWILNVFFD|QPAKXSCQEJXHSW
c0a5aa8aa98496bea8d643e1,riken,AFEVCSJFNQWWDF|AKNHFZVXJDNNJF|ALWVJGZIYSIJGR|ATEFPOUAMCWAQS|BTIKJPRUQUGBSU|CQLRUIIRRZYHHS|CXCKOTGRTPLISC|DFNZYFAJQPLJFI|GBLZBLJGCQTQMB|GCMGJWLOGKSUGX|GEZBXBRXWZJSAV|GFPLPBCJRRNZHM|GHUUTEXYFBCKSM|GPARBZTZAHGRDH|IOKLSJZBRCYLTH|ITVGXXMINPYUHD|JFIHYHJHQKUDKD|JNARJHDJLSPXGM|JUKFJOYCFLIWIA|JXTOWLUQSHIIDP|LATQZYGIAROYHX|LIUCSAOGRXHLPO|LZERJKGWTQYMBB|MKSBKRFDJWUSEY|NKMVPHNGKMCDLC|NNDOCYLWULORAM|OENDLJKSQNVEAL|PXZBXUACWJKEFM|RAJWOBJTTGJROA|RAYQKHLZHPFYEJ|SGNBVLSWZMBQTH|SLAWMGMTBGDBFT|UCICMEZSJCENSS|VXNJCLUDBLYAOL|WHTZSUJONCYCML|XLTFNNCXVBYBSX|XMLYZAYHZIXJGE|YGCYRQKJYWQXHG|YISCNLZAUIZSOA|YTZSBJLNMIQROD|ZPQSCMDVMOBZID|ZTQSADJAYQOCDD
c0bc11bbf32dcd94ff152b33,pluskal_ms2,ITOJSSZNFNNLGQ|UVAHMTDZARCXIG
c0cf4ada83ee712e1656aded,riken,GLDVIKFETPAZNV|WXCCRMLNFFAMJC
c0db63840a74922b0d7277e8,riken,KDXVVZMYSLWJMA|NNDOCYLWULORAM
c0dbf7af3e4acfc05265ae4b,riken,BLUAFEHZUWYNDE|KMCZIPGKKBSLEX|PMVCHAWVCIWVLP|SLAWMGMTBGDBFT|UWKQSNNFCGGAFS
c0f078a188ba25de371f3c0f,pluskal_ms2,KDBDWGPULDIDTM|SZFAVNQMZHISJC
c101cd0d5a362dfd4095e975,riken,DFPMSGMNTNDNHN|IINUIABWYMTUJM
c112496828e663ce0d9ce197,riken,JUKFJOYCFLIWIA|JXLYSJRDGCGARV
c11e03609899283d96b6d8a5,riken,AHLBWJHZDLMJOJ|BYEKJUATVGKCCZ
c1201bf2a3ad55c0ee1c187c,riken,HJJPJSXJAXAIPN|NNDOCYLWULORAM|ZJDOESGVOWAULF
c12aecd677abab6a612c11b9,pluskal_ms2,CEAWTEFLCWIYNQ|GZTPCINTRJLOCU
c15092e9f8cb11a0afe14428,riken,CHZCSOQKQNCACE|ZFGICBIPGQQHGH
c15564a31bbfbb3bc5fde4ee,pluskal_ms2,DYUOZQXMTYUSED|KQSVEWNCWPLKQV
c1631cbd5b374c2d1ee11ff8,riken,DCULYKVTBAXAER|KTEXNACQROZXEV|PXQNZQURQNZGKZ|SQKPHECGTGXVQW|VPJCTVQKHIFWKJ
c1682de94b3d1df84556c42f,msdial+riken,CIUHLXZTZWTVFL|DBJLNNAUDGIUAE|DDDXYRAMQRKPDO|DYOKDAQBNHPJFD|GZSOSUNBTXMUFQ|HIKQPXPTFKUOGM|HJTVQHVGMGKONQ|HMMGKOVEOFBCAU|JMUOPRSXUVOHFE|LKYNAQSYQLFTCM|PANKHBYNKQNAHN|PJIXCASIWJDBOT|PYJMYPPFWASOJX|PYXFVCFISTUSOO|QATISCJMIITVAB|QSTBHNPMHXYCII|RCTKRNCKOYYRIO|RLVCFPDMEANTCJ|UIDGLYUNOUKLBM|VCMMYRWIEZCYDK
c1763176bab18c88de667ec3,pluskal_ms2,AQDZYCQXYSAVHC|ZWUYKLCNJVTMLO
c179e9cd1a5a358c099546f4,riken,RLWWKLWEBQOOAB|RTNFBJXLYMERBB|UZBOWOQARWWIER
c17dd725c7f32c368c5bfd75,riken,ATLJNLYIJOCWJE|BPGBDEHBHGXYDZ|LLEJIEBFSOEYIV|URMVEUAWRUQHON
c186f8c1c0cee565b47e428e,pluskal_ms2,CQNDWRCAXXGMFD|ULUVSAUIWNKOPX
c189912227b183ba29a5a2da,riken,ASPCIAWQVXVATP|KEOITPILCOILGM
c18bddfd48d415275dd584ac,pluskal_ms2,MDSTUZJSRWNHAR|SQFVGVQJQQHFIE
c197932309481caa98301b1a,pluskal_ms2,DGFZTTARNCHODV|VVCYEQNRWKGTDT
c1a23367707d76ad100cbfd5,riken,ILKZIWOLBIGWMR|KBMOUMVVDXEABW|NSYZCCDSJNWWJL
c1aa525a9f5bfa92fbe6581b,riken,MVLZRHJIQUMZRO|YJUGKYOFRZOMIJ
c1afaf8ec01edccfaa118181,riken,FYQXODZRNSCOTR|JYGAZEJXUVDYHI|TWSZDJCOYVYRGM|YJBVHJIKNLBFDX|ZTVSGQPHMUYCRS
c1c5be4d8c8bebad39f6a17a,riken,ATJVZXXHKSYELS|BLUAFEHZUWYNDE|IOLDDENZPBFBHV|JGWQYLZHPPFHEH|KWVISVAMQJWJSZ|TYALNCRUIKOKGP|XVOHELPNOXGRBQ
c1c60ebacce9ea1ce5ecde40,riken,ALKTVPFKDYZFGA|LLVIVPAPYJXADK
c1d70b79e0e2973d5c01847a,pluskal_ms2,GFCSUTJOAMZKFA|LJSXVUNPOBKHPW
c1dc4761961c77489a4756f1,massbank,UZUGTDHNHPYPHX|XCRWRDUWOJKXIE
c1ea2bcdc51ad8704f18c3d5,riken,ALYHYIXFUOUIHJ|APOGLVUGPAVNAP|QFJUYMMIBFBOJY|QIMGUQIHCNDUKU|QJKMIJNRNRLQSS|RSAIVLRELNGZEY|YGCYRQKJYWQXHG
c1f7bdd2e5c6910439e761e5,riken,AOWRAYJMTOYETH|QWQSMEDUZQDVLA
c221dbcce2dc5582051f28e9,pluskal_ms2,JJHPLYGNPBYYJU|WPCVTMLILSCELL
c2285e854d790b709f543890,pluskal_ms2,GNFHAPQGOWHXGO|UCMKQKNCNBSRHR
c23f498d94192172ed61153b,riken,CIAXXTSXVCLEJK|WZUVPPKBWHMQCE
c26349c24e4a063143d2ff97,pluskal_ms2,XISVQJAIDIRBFK|XQQIQWJGWZKEHS
c26ecbf12600f77b5b20339b,riken,UBCKYWKJKPMKAA|YKGCBLWILMDSAV
c26f65a67869aee23d25afb6,riken,RYHDIBJJJRNDSX|WWVZUDKBWRFNRY
c272d8f4cb7df97492b5c1c5,riken,DFPMSGMNTNDNHN|DJOJDHGQRNZXQQ|FVWJYYTZTCVBKE|IDGXIXSKISLYAC|IGGUPRCHHJZPBS|OVSQVDMCBVZWGM|PJJGZPJJTHBVMX|ROCUOVBWAWAQFD|VKOBVWXKNCXXDE|XEZVDURJDFGERA
c27cac9d9b57975ad4fc5952,gnps+spectraverse,PBOSTUDLECTMNL|UIIVBIAACZGMEI
c289462bf9072e6df167f93e,msdial+riken,RRRSSAVLTCVNIQ|TXCYPEWFETYPBN|WZUVPPKBWHMQCE
c293842bcd6b9d8eace8597b,pluskal_ms2,CMUMNKHCUBSOSI|OXZZANIKBBNMME
c297496d8e5aefd1a36e2d3e,pluskal_ms2,WDEKOHTUSQRRSZ|WJNIPNJMNBVBKI
c2a0033eb2608e246230b460,massbank,DCOPUUMXTXDBNB|IDQHRQQSSQDLTR
c2a420bb194989facbbeeaee,riken,KJNAEXDMQJHQJL|QDDILOVMGWUNGD
c2a4e79ce3e3a486baed4cab,riken,RYYVLZVUVIJVGH|VFLDPWHFBUODDF
c2a51ea1e664ea17fdd6fcc7,riken,BKGUPIVDQHHVMV|PLKFSXFJGNZAER|RDUAJIJVNHKTQC
c2a9ef0c4156a38f2681fdb6,pluskal_ms2,MPWDGKUNHRRBIV|QHYAHEARBBLIMY
c2ab7354d34062f974e936ec,pluskal_ms2,QDRCEIFSUYFTIV|YCXCRFGBFZTUSU
c2aed0e4065a5ae1d048cdc5,riken,DTNSOISBYQKHCS|WHWWQGPCTUQCMN
c2b853351f24edc1bbcf685e,riken,AZAZKLKDEOMJBJ|DHYLGBJCEGEBGQ|JYGAZEJXUVDYHI|OKBOILMPCQJRQY|PBFGAFDJVQAMRS|SFLMUHDGSQZDOW|UPROOJBJZLZCGS|UVDQDNQWGQFIAO
c2bd5e6b50c89feed3e71e55,msdial+riken,TXNLZKDXBKIUOQ|VJCNEDVMYQCMBK
c2be2e375e8a7b46041204de,riken,FFWOKTFYGVYKIR|JWVYQQGERKEAHW|KAZSKMJFUPEHHW|NNDOCYLWULORAM|OSELKOCHBMDKEJ|PEWFWDOPJISUOK
c2c142684ea09eee6aab4258,riken,ATEFPOUAMCWAQS|DJOJDHGQRNZXQQ|DYDCUQKUCUHJBH|IIWKLAHNKXXKAJ|KVWWIYGFBYDJQC|MLVVTNIFHMERMU|NYKHQRHPWDLZTL|PLQMEXSCSAIXGB|RKUNBYITZUJHSG|SHCNCWNJFICBJU|STECJAGHUSJQJN|XZVXEPPPQBLGMQ|ZWSIWHQVFBSRPN
c2c1c7b3985523828f57de39,pluskal_ms2,CVORYWHMUAVJIT|NKSUASKQZIZBIJ
c2c1f093724fcdfa90a9ec59,pluskal_ms2,CPZAMXPSKJHXDK|ZIUUKKJPDHFWDQ
c2c67ba03633236a96b7fce4,pluskal_ms2,GJJUCNKPFCXAOS|XMKBWMNDONVUSR
c2c8bff8d2fa2cd1a2f571a3,pluskal_ms2,ADRSZIQSSXPARX|LGYQUCCBDIUAOE
c2cfe368318f84d8d08ea2d4,riken,DFPMSGMNTNDNHN|KQKIBPHENIYGEF|KRVIIMWSCXORIQ|VFUPDGRCPOEQAB
c2d520512053deccd51b2287,riken,CRSFLLTWRCYNNX|CTJZWFCPUDPLME|DCYOADKBABEMIQ|JWVYQQGERKEAHW|KQNPFQTWMSNSAP|MGJLSBDCWOSMHL|NLAWPKPYBMEWIR|NYRXUBDGDSRBGB|ODBRNZZJSYPIDI|RWSXRVCMGQZWBV|SYTYLPHCLSSCOJ|UEDUENGHJMELGK|UFUVJROSOIXJGR|XQDCKJKKMFWXGB|ZDOTZEDNGNPOEW
c2d7db64a14124c834974adc,riken,GVEICTMRUVWSCF|LLHJXODPYGGYCJ|QUQPHWDTPGMPEX|RXTPBERNZNYWSC
c2d957b35af6c87ede62815e,pluskal_ms2,OQRHZAAKVGLWAJ|WAMDKICNFZXPIA
c2e545d62cdf283077524767,riken,LMNZTLDVJIUSHT|QRIAWCUEIMQLGG
c2e8a5ed84b305d752d907fe,riken,YDQWDHRMZQUTBA|ZCEMXUNJITYHIZ
c2f1f2f9fe413fcb07c5282a,riken,IUKLSMSEHKDIIP|KRQDMAXNTWLTDZ|LADJWZMBZBVBSB|LMEHVEUFNRJAAV|NDUAXKHGCJIYEQ|OWMJDOUOHDOUFG|PANKHBYNKQNAHN|QOMBXPYXWGTFNR|QWNQZWRFKIHTPL|RBXVTEUAOTYIME|UJCACMLMPLLRGW|VJEMOEYSQDKAQF|WPPPFZJNKLMYBW|YJWBWQWUHVXPNC|YMWRMAOPKNYHMZ
c2fc0c0819edf9c5cf3f8e8b,riken,DLIKSSGEMUFQOK|YFVGIJBUXMQFOF
c30299347979b95231ea6e6d,msdial+riken,TXNLZKDXBKIUOQ|VJCNEDVMYQCMBK
c3050bc50f2622c67f4233f7,massbank,FELGMEQIXOGIFQ|YBBLVLTVTVSKRW
c30a7c1b87d1a820afe0845d,riken,ACVGWSKVRYFWRP|BXNJHAXVSOCGBA|HGJXAVROWQLCTP|HMMGKOVEOFBCAU|KVKRFLVYJLIZFD|NEQGOKAKPXXESR|PGLIMMMHQDNVRS|QKQLSQLKXBHUSO|RYHDIBJJJRNDSX|WCGUUGGRBIKTOS|WFRQIKSNAYYUJZ|XYHOBCMEDLZUMP|YMGFTDKNIWPMGF|ZZUFNBURDFJFSK
c32a16d2efcadefd62724bc4,pluskal_ms2,OOODLVHUPIMLDF|RLYRFMQTCQDVAL
c32c70293d3a7fe8be566c83,pluskal_ms2,DBOUYKVZAOOEBJ|NRCBCYLHFAVANS
c33b1c7ea6c6d8f11ce39420,riken,BMCZTYDZHNTKPR|BWCNWXLKMWWVBT|LNJTUUHDKCPQAA|RKFAZBXYICVSKP|SLRCCWJSBJZJBV
c33dd9362a81e1300361b45c,riken,ATQBPBZOVWXRTA|FBMORZZOJSDNRQ|FQTLCLSUCSAZDY|OHVJCFZJKPEJRL
c33e2796f6b45b8b196ae8bf,riken,CTJZWFCPUDPLME|VANSZAOQCMTTPB
c34e951044575f5464aaa183,riken,AFNDTSIACJAGSO|KUYOHDBLZSPZHG|SMLTWMLPLYCADB|WMEBIWWUBWHAOJ
c36b382e2a1459928e7fc605,riken,KJNCJEFOGQPOHS|KZLDMAIXPXOZCX|RERZNCLIYCABFS|UOJAEODBOCLNBU|VAMJZLUOKJRHOW|VFPFQHQNJCMNBZ|ZRBFCAALKKNCJG
c36e6560a1f5d27616eb88da,pluskal_ms2,AFZNMIWQLZFBKP|GJDZZCAMKXIUQV
c38c7322df6de8cab822eb37,riken,JRAZFLUTTVOOOC|WMEBIWWUBWHAOJ
c38d5d2d51a7e8249aa17070,riken,JWINIHBXRZXFKL|LLXVPTXOKTYXHU
c392c87dc16d2bc21bce0ec0,riken,GVTRUVGBZQJVTF|LSHVYAFMTMFKBA|QCQGNTXXPCJRFZ
c3a181139cfa9a175a348adc,riken,LLXVPTXOKTYXHU|YZNCIXVBVQRGQN
c3a26c95b3aa33953915b476,pluskal_ms2,MXZHGEUHVJJDMO|ZBXCRJAIKRDJTP
c3b8e053a5d62f6208749f93,gnps+massbank,WKOLLVMJNQIZCI|XQMRZWSYBUCVAX
c3b9e6638ef2fa3e4531b10f,gnps+massbank,SBZXBUIDTXKZTM|SSXKMHRQMSCUCP
c3c79987d2203082198da4c2,pluskal_ms2,NBFMCUOOMUNSMA|UAVWENCESKIYIK
c3d013915467f87be092f2c1,riken,ISQRJFLLIDGZEP|MJRQUHHZUFSBLY
c3d0509132ceb74233990e0c,riken,ASPCIAWQVXVATP|ASUTZQLVASHGKV|DATAGRPVKZEWHA|FVFSMBDVZVUETN|FVHFOJVXQABRQG|GMTJIWUFFXGFHH|GRTOGORTSDXSFK|HCUSLQJBGQJQCB|HRYLQFBHBWLLLL|IUSBVFZKQJGVEP|KEOITPILCOILGM|NKTORRNHKYVXSU|OFEZSBMBBKLLBJ|OTJBXGAQAVEFCP|RSWGJHLUYNHPMX|SWZMSZQQJRKFBP|TUSDEZXZIZRFGC|VATOSFCFMOPAHX|VQQGPFFHGWNIGX|VUEGHZSQVJADCO|WENNXORDXYGDTP|WRYJYFCCMSVEPQ|XSQFDXNJFMCRGJ
c3d4612f7350f337e88c0283,riken,MZNIJRAPCCELQX|SBVBJPHMDABKJV
c3dbd2b91e3efa011bd5d8cd,pluskal_ms2,HFRYZYZRMDGKCL|HZJZVVIPCWEXBW
c3e7ecb423bc23d8074c0fa8,riken,AGBCLJAHARWNLA|CZSBHMFVVLYIQQ|DEBDFZGNZTYPMF|DHJXZSFKLJCHLH|HPSWAEGGWLOOKT|OXLDBLCHXXJJPD
c3fcdce56e26ce15567c1746,riken,MSKVJEAKVWAQTA|MXXWOMGUGJBKIW|UEHILKCNLIKLEV
c40b0451928405645e6edf80,riken,VOOYTQRREPYRIW|ZYGHJZDHTFUPRJ
c40d8fd1a6097563d4b0340d,riken,KPKYWYZPIVAHKU|OIVDEBIGYOTPKV|PGOYMURMZNDHNS|VATOSFCFMOPAHX|WENNXORDXYGDTP
c413bb0d5b1b3aa9cc9ae931,riken,CGDPLLODVFIMRR|HAKLHHOBRHFKAB
c4288c85164a77a37671e04b,riken,MIKUYHXYGGJMLM|RSAIVLRELNGZEY|VKJLHZZPVLQJKG
c434adc7a322ab05d9c3a898,pluskal_ms2,MVKYOLZBOLVKTI|YRTWPPFYURYSSC
c44543cc5d345a4d962936cf,pluskal_ms2,VPPIIDNRSOUYGK|WJZLFPKLYHSDCA
c446cd92c865ce494763ef66,pluskal_ms2,MVKYOLZBOLVKTI|YRTWPPFYURYSSC
c453ca5addd88ce10d05a105,riken,DJOJDHGQRNZXQQ|XJOTXMLDNWCDRH
c45b6a0cfc05f981c2e1b0c5,massbank+riken,GVJHHUAWPYXKBD|KHLFMZDGADSQGR|KWTSXDURSIMDCE|YURJSTAIMNSZAE
c45fcb100d124ca3baa09673,riken,GEWDNTWNSAZUDX|LOUPRKONTZGTKE
c46eb024507440234396eb99,riken,DCBSHORRWZKAKO|MXOKGWUJNGEKBH
c48295a7d3c9cedecdfacdb5,massbank,VGEREEWJJVICBM|YWWHKOHZGJFMIE
c488c632e022de3c6f68e07a,pluskal_ms2,APPSMRPOZOOILN|QNOQKNYTTJIAFL
c4916049692e034a066d0295,riken,JHUNHTOHTUZTKV|NRNOIJZZYJOCDE|PTJFJXLGRSTECQ|SLJTWDNVZKIDAU|WVULKSPCQVQLCU
c4a0e0257d6e0f2e5da1ca4e,riken,IYOACTFZIFFILK|XWVDGILSBKLKQW
c4a274ac7780a159fa995fef,riken,AZIGQTILUNTIQH|BGTCFSJRFQXBHW|CVUANYCQTOGILD|DCULYKVTBAXAER|IVYWRYGMQNKDQB|JXCIHLUSRQSSRY|LVCXAKWFQYYXLU|QFPLAAZRZNKRRY|VPJCTVQKHIFWKJ|VYIKEBWUZLHWQK|XRARAKHBJHWUHW|YCWDWJWRRMHVMZ
c4a6b2ed025e4f93d896cfd4,riken,JMFRWRFFLBVWSI|JYGAZEJXUVDYHI|VLEUZFDZJKSGMX
c4b054ff20a8b51acc4fd9a0,pluskal_ms2,GDVMMPACXKUSLT|NKJUHJLRKSNMAM
c4bd4c5778729326c77620e1,pluskal_ms2,HCHVXLFBJWXJNF|NBRUSFWGKDEKQS
c4bd9af484d8e2de67478d54,massbank+msdial,FFDGPVCHZBVARC|SXZYCXMUPBBULW|XHCADAYNFIFUHF
c4bf21b87c05d203c8bfa9d6,riken,DCBSHORRWZKAKO|IUKLSMSEHKDIIP
c4c5cf3f47dd878f58f07c7a,riken,CGIGDMFJXJATDK|OVMFOVNOXASTPA
c4c942da26b3c867e96500ad,riken,RDFLLVCQYHQOBU|RKWHWFONKJEUEF|ROQLTZUOXIQBDO|USNPULRDBDVJAO
c4cafb2d237cd08b5f0418fe,pluskal_ms2,IRIYNWXFUVGMTN|YNVVVGLRZPUXCY
c4d0d6d7884c82674cba7d96,pluskal_ms2,MOHGSMMTQPPBRA|UAQPQLSIUBYIKF
c4d8bcebc22026b2b50885a4,riken,IMKJGXCIJJXALX|KTASKRCJBXZGMH|MDFCJNFOINXVSU|PUQSUZTXKPLAPR|RXPRRQLKFXBCSJ
c4e2c7d85234e71dce6e2460,riken,KLAOKWJLUQKWIF|PCWTUTJLXXOQPR
c4f014c1251530a54e2ada69,riken,BMCZTYDZHNTKPR|CWVRJTMFETXNAD|DWCCVUBESGIKQL|HXPXUNQUXCHJLL|IQDIERHFZVCNRZ|PJIXCASIWJDBOT|PWAOOJDMFUQOKB|VDGOFNMYZYBUDT
c4f04b5cf3f1a3645c80108e,pluskal_ms2,UWYLPROZOZNUOG|ZGGAPNDQHPUKNO
c52082b9f29a430dcfdccd0d,msdial+riken,LSNUUAUXWJZSFD|NLJJSPKWNBUDNS
c52170f7bec50465a7a96279,pluskal_ms2,GJJUCNKPFCXAOS|XMKBWMNDONVUSR
c52990566e82a3914f367ca5,riken,NQGPNJDXRIYWIO|SLEOSPFLNGKQLW
c52efaf7147f97f0c0b4d9d4,riken,MAYJEFRPIKEYBL|WMGBQZAELMGYNO|WZUVPPKBWHMQCE
c53649422954fcd318e05ef6,riken,RDUAKQUSLVHHOC|YCDZBVXSGVWFFX
c53e3f7066e3485d03aa1aaf,riken,BQTYHFZQSAKNQU|IOUVKUPGCMBWBT
c5403d117f6fdb0cbe57abfe,riken,QJCKSTTYTCSITQ|XJIILRFVONGQOG
c54e65f6b6bfe76673091bac,riken,MIBATSHDJRIUJK|TTWJBBZEZQICBI|XJOTXMLDNWCDRH
c54ed6c284efbbce7d630af9,riken,GRTOGORTSDXSFK|PDHAOJSHSJQANO|VQEONGKQWIFHMN
c552b3826f71886c2fc5dc20,pluskal_ms2,MYWLNUHOXLSXFR|UTDLBBNCPPFBRU
c55b47f38648736c37b6716e,riken,MXXWOMGUGJBKIW|ONJRISGOJDDBNB
c55ce9db1ffbb946a6dedea7,riken,RDWVESCBQDRAAN|VSJGJMKGNMDJCI|XPNPKQSCYZUYBU
c56102c1deba74b8a62bbaf5,riken,POZRVZJJTULAOH|ZULSSCAFEXMMQF
c5697ce4a206ebcac22acd39,riken,BDYHXSNNBXKZDK|RETRVWFVEFCGOK
c56f9defa5a313b6cc3a9355,pluskal_ms2,JJHPLYGNPBYYJU|WPCVTMLILSCELL
c5712a44af4d0f06ee9cd505,massbank+riken,LBRPLJCNRZUXLS|XDKCGKQHVBOOHC
c57150f7995e5fa66b008341,riken,CKEXCBVNKRHAMX|VEVZSMAEJFVWIL
c573ed01b87e852193587c71,riken,PAFLSMZLRSPALU|PHLXREOMFNVWOH
c5820ad4ba0eee20fc5d3345,riken,PCMORTLOPMLEFB|WPYMKLBDIGXBTP
c59cf9b1d27f47a11420e4f6,pluskal_ms2,GNHNRASZHPLFHL|PAFIXKQJMGFWKU
c5a4d7ea7f19ca645090cb7e,riken,OCZZCFAOOWZSRX|WKKBRRFSRMDTJB
c5ab76b3aedf71e03a143921,pluskal_ms2,CDLVEAFEZZYVQC|FAGMBGNXGXFVRM
c5c057c7c163002a1123c538,pluskal_ms2,IFQGGAHTPJSUOS|NBEYHLRJNTUBRR
c5c7810913a46a697758465d,pluskal_ms2,JZHCHLNPODFCTL|UTDZENVBQMAAHN
c5dfc70ff50d81dc323cb1bd,gnps+riken,MNRHZPCIEGLWGK|UVZUFUGNHDDLRQ
c5ed186917ef230a3e44a0cf,riken,IMQLKJBTEOYOSI|JKQXZKUSFCKOGQ|LSHVYAFMTMFKBA|MIJYXULNPSFWEK|MRIAQLRQZPPODS|OLOOJGVNMBJLLR|OYHQOLUKZRVURQ|QMQIQBOGXYYATH|VEVZSMAEJFVWIL|YURJSTAIMNSZAE
c5fb08d705435baae76073e3,pluskal_ms2,OOODLVHUPIMLDF|RLYRFMQTCQDVAL
c6077ff7aac32a469b703826,riken,AGBCLJAHARWNLA|CDYBOKJASDEORM|FHIJMQWMMZEFBL|GQRPJUIKGLHLLN|MQDZZCJYWRZONM|NJUXRKMKOFXMRX|PHLXREOMFNVWOH|VGJOYFZLAIERID|XKHCEDYSKNATME|XTSVKUJYTUPYRJ|YBCOIJNAMJAFSO
c615ae2450e1663cb4db7dde,riken,LADJWZMBZBVBSB|OXVUXGFZHDKYLS|QTVAYNGFFDZGDR|WEKCEGQSIIQPAQ
c61c8b6db6bf827285d18bf1,gnps,SLXKOJJOQWFEFD|WPYMKLBDIGXBTP
c61cc39c7dc83d244435413d,pluskal_ms2,WBFAVGUESWCDPL|WPTPUPGXMPKMND
c6213f460ac287b8a95c9b6a,riken,HDLNHPZHTNFCNP|QFJIQUOMKJNYLI
c623d0b70d7e0d33d571c3d1,riken,FXNFHKRTJBSTCS|VXMOIPRQSYFTHI
c62554662555396d71ed14b1,riken,JKQXZKUSFCKOGQ|KZMACGJDUUWFCH|VEVZSMAEJFVWIL|YGSDEFSMJLZEOE
c626c820a59338e5b56e73ed,riken,WNGSUWLDMZFYNZ|YMNCVRSYJBNGLD
c62815d64476e4e337411ee8,riken,PEYUIKBAABKQKQ|YIIRVUDGRKEWBV
c634dd785c820709b7802a1e,riken,AEQDJSLRWYMAQI|SSHDNSCEQSPWIM
c645d305d37014a4daef6f44,riken,BXTNNJIQILYHJB|CAFTUQNGDROXEZ|GYFFKZTYYAFCTR|VELYAQRXBJLJAK
c64e02457019dfa0d621bbca,riken,DEMKZLAVQYISIA|GCLAFEGUXXHIFT|KKJYIHSXTUGJLP
c655e6a800de4eb4663f400d,riken,IINUIABWYMTUJM|LPVOPZMNIAIRJY
c65971358ab8d72521cc05aa,riken,WMBWREPUVVBILR|ZTHLHHDJRXJGRX
c660f01660722c74cb71b8a4,riken,MJRQUHHZUFSBLY|UBVJDBFJGYOVQT|UTCJVDFLMODHQX
c661083eb312f70812b26f02,riken,FERIUCNNQQJTOY|MRIAQLRQZPPODS|VFLDPWHFBUODDF
c679d8f7dca3f4b9f9223493,massbank+msdial+riken,HXEACLLIILLPRG|ROSDSFDQCJNGOL
c67d2f01191372e2d49f160f,riken,FJQKXKNZQQBTDD|RPMNUQRUHXIGHK
c680f3a82190bb1235abf68f,gnps+massbank,AGJAOVOTGWEYKY|AKPLHCDWDRPJGD|ONWYZMFQCMSBTG|YLCXGBZIZBEVPZ
c6831ab488c13faffacded38,msdial+riken,GUBGYTABKSRVRQ|PVXPPJIGRGXGCY
c68c62e57f01e2d88cf15f20,pluskal_ms2,CHUUDRIKNFAJGZ|JKUXPBOILPNJHP
c68d07c82a0b713054e1893f,pluskal_ms2,DMBDSVAUFNAKHL|OBUJQPRMTVEICT
c691f4f97aa2a5d7c894aebd,riken,AJJMKDCAQHLJQF|RUOKEYJFAJITAG|VJRPWEGZZYYJQK
c6aec46e618420a1cb31522e,riken,IRZVHDLBAYNPCT|MGJLSBDCWOSMHL
c6b614e37857696a3d85464e,pluskal_ms2,KLVFERIITBXTIL|WVVUGOCPOVLEAI
c6ba2fbfb757450ddf717086,msdial+riken,OVSQVDMCBVZWGM|REFJWTPEDVJJIY
c6d15d5f0e4fcb3af381fc08,pluskal_ms2,MOBHZGQOOXHJFE|RZWORNXENDEBFF
c6df46fac9f896bf1bde7b20,pluskal_ms2,BBMIVYSZKOFQRF|TXHLMNLRIQPPAP
c6eca36f196fed8496319274,riken,GLYPKDKODVRYGP|YZNCIXVBVQRGQN
c6f24aa726d658789ede6157,massbank+riken,FNDTZZIWWYSDAH|SRDNLMOBFKJOSD
c6fa9a8994479b25a7f3b2c2,riken,APZYKUZPJCQGPP|FCEXWTOTHXCQCQ|GDXJMOGWONJRHL|GGQVPULXXVQLRT|HSTZMXCBWJGKHG|JDIORNFCMMYMLF|LFYJSSARVMHQJB|LLEJIEBFSOEYIV|LLPWNQMSUYAGQI|MXTLAHSTUOXGQF|NIKHGUQULKYIGE|RKFAZBXYICVSKP|RWXIFXNRCLMQCD|SMZYCXAYGPGYRS|WYQVAPGDARQUBT|YBHILYKTIRIUTE|ZJDFNIHQCHHZGU
c6fab5741638d7059350f3e2,gnps,WQCBMEONWKFYCS|XYIUVKBMNWWWAR
c71b5a1f775e2fc551c6d329,riken,AIGAZQPHXLWMOJ|GPFNSVXDXCMNOL|HRLFUIXSXUASEX|QQKAHDMMPBQDAC|ZUADKIVUCPFXDX
c7206bc96a02151eb8c82973,pluskal_ms2,CEAWTEFLCWIYNQ|GZTPCINTRJLOCU
c721962da9894493d83510ca,riken,JLPDBLFIVFSOCC|KQKIBPHENIYGEF
c72374e4bf9421021ed436a7,riken,DMDBJWPXOHROAS|JDBGXEHEIRGOBU
c72e0dc7793b3b63ffb2ad15,msdial+riken,KMPWYEUPVWOPIM|SJHVRBSHKTUXLG
c734c25f77778d28ced50652,riken,ALWVJGZIYSIJGR|MWAHYWGUPMVQHH|WDTAJXMIXADUTH
c73b7f07a3c73202efb35183,gnps,ADXGNEYLLLSOAR|LQHDJQIMETZMPH
c73b7ff3cdd7e4ebf045e4f1,riken,LFKQVVDFNHDYNK|WXTBYSIPOKXCPM
c74a10c2add4d3ea55e495d2,riken,GHCZYXUOYFOXIP|LDIBSYFCDDKIQX
c74fcd43af6df3ae8dbc00eb,pluskal_ms2,ACCFLVVUVBJNGT|UQTPDWDAYHAZNT
c751bce96d46fd10db2e95fc,riken,CRSFLLTWRCYNNX|HUKSJTUUSUGIDC|TYNLGDBUJLVSMA|UWHUTZOCTZJUKC
c75b4b92f7c6f5ccf20a95d5,riken,FHHSEFRSDKWJKJ|RTATXGUCZHCSNG
c791b86c3d1eb9c98daa2e38,msdial+riken,QURCVMIEKCOAJU|ZUNJWEGRDSXKIO
c7bf00da0d2682b49b0d95f9,riken,ASUTZQLVASHGKV|FVFSMBDVZVUETN|GMTJIWUFFXGFHH|GRTOGORTSDXSFK|HCUSLQJBGQJQCB|HPVWWHYNAAZHQR|HRYLQFBHBWLLLL|IUSBVFZKQJGVEP|JNRJLCSYIQFLDS|KEOITPILCOILGM|OIVDEBIGYOTPKV|TURHTASYUMWZCC|VQQGPFFHGWNIGX|VUEGHZSQVJADCO|WRYJYFCCMSVEPQ|XSQFDXNJFMCRGJ
c7c1e41dd06f5a4fbc5b2f59,riken,ABDZGGVFJYHTBS|CIKNPMUSQDPKAK|CKSNMFLZWZXKGH|DKYDTFCHFHKRQH|IUOVOAJPVOWNCJ|LLHJXODPYGGYCJ|OFSZOCPGPLMCBG|QBILRDAMJUPXCX|QTEXZXUEISELDK|QUQPHWDTPGMPEX|WQVCDQYJDQXJLY
c7cbda78867356c5867b4af5,gnps,JFYYCQXZVIOBKU|LAXGVLPLAROBNQ
c7d18929eee9d4b737df63c0,riken,KTZNZCYTXQYEHT|SJJRKHVKAXVFJQ|SOVOCMGDFRGRKF
c7d8804bf8372491c07cbd82,riken,ORBITTMJKIGFNH|PZZRDJXEMZMZFD
c7d9130f89000f4dec7e7a3b,pluskal_ms2,BPBCHSOBQVPDKG|DPYYBUMNBGGGJQ
c7dbe99816d509fcc310395f,riken,BLZGPHNVMRXDCB|NYSZJNUIVUBQMM
c7e16a943c6db12a990de099,pluskal_ms2,NJBYUTOWPHROOF|WLCDWHOAVKKKDI
c7e98fe28562a160cc9c892b,riken,BHPGRVQWTLDDQX|HXWLKAXCQLXHML|KLQXMRBGMLHBBQ|XUSTZFGBQSSEAX
c800623f8780c1d0218612a2,gnps+spectraverse,FBQUXLIJKPWCAO|GLVVKKSPKXTQRB
c8030b21498305e71c7f0823,riken,JTUCCIJVUMWRPQ|RISXUTCDCPHJFQ
c8033957e6401e6b7cc68be8,riken,GLQYFMRUYWFXGT|KMCZIPGKKBSLEX
c80c749ae76966de2ca8c344,riken,JKQXZKUSFCKOGQ|MKQCLTNEQAMHGK|MXGAOIRJBACCEY|SGQLWFYYEYBZNX|UYXBVRMASFBLKM
c8292a2d270c3c8e7d67c6e9,mona,JVTUHEKZETXYLU|ODCSNAYMQWOMAA
c844a562e7f050be2a07ea48,riken,AOHCBEAZXHZMOR|AYMYWHCQALZEGT|BCIWKKMTBRYQJU|CGIBCVBDFUTMPT|GPTFURBXHJWNHR|ISNDTNDJSXYNKT|JSIGICUAXLIURX|KHPCPRHQVVSZAH|KYWSCMDFVARMPN|LIHLSLRANKCHLV|NVSLBOBPSCMMSO|OGWKCGZFUXNPDA|OHJWWOZXCKEOGK|QELDJEKNFOQJOY|QHBZHVUGQROELI|QWCNQXNAFCBLLV|XLHIYUYCSMZCCC|XUHLIQGRKRUKPH|ZJRDCQWLAILQHR
c84578477b396bf307b06d2a,riken,IMKJGXCIJJXALX|UCDVIBNDYLUWFP
c850d38246e053289bf79ead,gnps,BUMXTOQERPAXTC|SSDJNESHQBSBBC
c858b0d852dc8daddac2aefb,pluskal_ms2,HPOCNXSXHBPCMS|XYNSYKOYOYGJOL
c88e073ceadfa48d6587cd30,pluskal_ms2,CEAWTEFLCWIYNQ|GZTPCINTRJLOCU
c8a2149532a84e289467359f,riken,DXLXVXKGRBYXPK|QEEBRPGZBVVINN|SBFHGLOFVRNGAB|SLJTWDNVZKIDAU|SMTKSCGLXONVGL
c8b691ac3930f3ffc05f4265,riken,BCWKMSLBLIKZQX|JNPXCTROEJQHKD
c8bc3ddf4f3a05bb1c1849c7,riken,FHIREUBIEIPPMC|KWBPKUMWVXUSCA
c8c8297ba6f5061c29774b56,riken,FSLPMRQHCOLESF|NXFQWRWXEYTOTK
c8cc7ebb5279a436bd666cd1,riken,GSSPKCPIRDPBQE|NODILNFGTFIURN
c8cee4f459242b155f0c23c7,riken,BAVIFLQGTGNVOP|SZNJLZSXOGIOOZ
c8d98dff69f4e06c17f45382,riken,DPJCXCZTLWNFOH|YGSDEFSMJLZEOE
c8dcf9e18fd1c0353600b8ae,riken,MVCCWTMPDBIKCJ|PLAPMLGJVGLZOV
c8e99403a395333bc2e8fc7c,riken,NVWVTCBSXIVCLD|RMIQIULKBBCLIL
c8fe38b8c4a1b281d66a7ad6,riken,DJOJDHGQRNZXQQ|KKSYAZCUYVRKML
c909084b1ef1d1c475ac4c75,riken,KDXVVZMYSLWJMA|OBEHELRBTWMPHI
c9110532b09831f21a79739b,riken,CGGWHBLPUUKEJC|KBGJRGWLUHSDLW
c91b744f60b64713541c5992,pluskal_ms2,BSHOUTZDBGSAHM|JJBLQEHPWKPCRE
c92a49fa6e60a6ac41f01aad,riken,ITDOFWOJEDZPCF|VADSVXSGIFBZLI
c92eaf4050af058166e7025e,riken,CKUVNOCSBYYHIS|IZQSVPBOUDKVDZ|OHCQJHSOBUTRHG|OMQADRGFMLGFJF|RAQNTCRNSXYLAH|VNONINPVFQTJOC|WCGUUGGRBIKTOS|XYNPYHXGMWJBLV
c9389792d97a6ce7264fe37a,riken,CULUKMPMGVXCEI|JUZGXATTXYZBGK|NETSQGRTUNRXEO
c93958ab77bfcad8568736d9,riken,FMIMFCRXYXVFTA|HMMGKOVEOFBCAU|WCGUUGGRBIKTOS|WMSZDXQCLFUBAQ
c93e4557cc06099649c17f7c,riken,CUFAXDWQDQQKFF|GLDVIKFETPAZNV|HJGURBGBPIKRER|TXDUTHBFYKGSAH|YJGVMLPVUAXIQN|YVWSYJNONPRMNI
c94b9779063d5ef5a5c3f593,pluskal_ms2,MRBLOPXEGFQOSP|QJHOCPAGUHZUDH
c95327ea29b763049a050632,riken,FIDOCHXHMJHKRW|JXCIHLUSRQSSRY|KLXHCGFNNUQTEY|KTEXNACQROZXEV|LVCXAKWFQYYXLU|PDAYUJSOJIMKIS|QFPLAAZRZNKRRY|SQKPHECGTGXVQW|UGJAEDFOKNAMQD|WTLLIAVPAMWKOT|ZMXKPCHQLHYTHY
c960d6a40ae4706f72fb61d5,pluskal_ms2,DDKPCMRNWZNSAC|XRPKCGAOHAAMNS
c966a6fd373e17c5caf86777,riken,CNZRRQHIZFDOSX|LVIWUACEPGXDSG|NTPLXRHDUXRPNE|YBUWIVMOMHEALF
c9685b6dfa54e81cd0a140da,pluskal_ms2,QXDIEFSQNFLMCU|UVAZHPYHBONVJQ
c97169a78d4b33d320dac3f9,msdial+riken,AXVZFRBSCNEKPQ|DZGWFCGJZKJUFP|KUBCEEMXQZUPDQ
c97368450b192bf8324cc341,riken,LHZZULHOQSQSJN|XMJAJFVLHDIEHF
c97dd50bab11a43b42ed0c06,riken,BDXYPHKGNUGUFG|OADZSFPWAGMTDV
c97e8b5ba596e1f304b8b57a,pluskal_ms2,ODVNZGWKVMHJKU|QHGGIVGWNVNMDX
c98158faae7c06d9cdd93302,riken,ANKZXIMZBGQTDU|NGOFDYKRKVTNMQ
c9893264c3c115566c27429f,riken,MPXAWSABMVLIBU|PEMIXOORXAHUSL
c99a7e4c1e35a93a36f6b7e8,riken,FQTLCLSUCSAZDY|SPAFMWIHXVIIPF
c99df166636f4d0c39121709,msdial+riken,AJJMKDCAQHLJQF|IDRSJGHHZXBATQ|KYQZWONCHDNPDP|NFZYDZXHKFHPGA|TZRNJQYCOSMOJS|YDDUMTOHNYZQPO
c9a1d43757340b4b44f7a46f,pluskal_ms2,PIUJUNVLYQQMDL|UYKSDDCKLQPYOZ
c9b90a279586a772ee7bc40f,riken,LCTONWCANYUPML|MJMMUATWVTYSFD|SYDKOLLYPJCLPT
c9c6ace10a5d50e4fdea8d0a,riken,OSELKOCHBMDKEJ|RISXUTCDCPHJFQ|WHTZSUJONCYCML
c9d55a305b012c589d3bf72d,riken,CMLFXLQIXVGGKS|RBXJTMLAGALNAC
c9f6fbcaedf21bc0bf1418dd,riken,JKQXZKUSFCKOGQ|MIJYXULNPSFWEK|QMQIQBOGXYYATH
c9f9cda8e078ef1e1eda4c08,riken,HWYBGIDROCYPOE|OWMJDOUOHDOUFG
c9faab1a6ec79031dbe980a8,riken,LLVOJEYSNCNXJN|RJANATGWWPNKAL
c9ff751253f693146509fbef,riken,DJOJDHGQRNZXQQ|JRIBPWOXWIRQOQ|XDROKJSWHURZGO
ca02114f9a4654de38bef317,riken,VAXDAORNOMZREO|XIROXSOOOAZHLL|ZJCUUXGLZWBCIL
ca095362f4cd4d59c1befda9,riken,FQTLCLSUCSAZDY|GSSPKCPIRDPBQE|OHVJCFZJKPEJRL|OXVUXGFZHDKYLS
ca152f88803a401358d05af0,pluskal_ms2,IEUCTTBEYBXANC|UXZANABCLSOYHS
ca1bc9e8fa2baa28ab62e3ff,riken,OEHBHOIFLXXHAM|PPDAUNOQRVBQMF|ZQSIJRDFPHDXIC
ca1eabfd010d3057d781dda1,riken,AKNILCMFRRDTEY|ALTRINCJVPIQNK|DBUNRZUFILGKHP|DTNSOISBYQKHCS|FFGGWIVHOGEVSP|HDXIQHTUNGFJIC|IUSZMBXMNBITIK|OAUREGNZECGNQS|OHDJGUWKOIBIKY|OTUCXMIQUNROBJ|QVUPQEXKTXSMKX|RHJULGLSOARXMO|VRYWDBDPXMHHGE|WHWWQGPCTUQCMN
ca21c1659f974a177e410592,pluskal_ms2,MFQSVEIGELLNCR|WBGCLWQQDKRSMJ
ca2343d2bb66f5f1c27eb615,riken,IYPYOSNUSXBFTR|JTYYHSPDVLJFOJ
ca2887c031e758a2fec59dde,riken,GLQYFMRUYWFXGT|LSHVYAFMTMFKBA|YBCOIJNAMJAFSO
ca29e1788162e28b0da8d08f,riken,FFULTBKXWHYHFQ|KXVRUTRUTLGTEP|LMRLDJDATYPZAG|LPVOPZMNIAIRJY|WQLVFSAGQJTQCK|WURLGASLEZVNHV|XDLBSNLAIQNWON|YMCYJIJWKFYPMN
ca31744fa0326fed2ed3eb91,riken,IHEJMZHKJYHVFF|PMVCHAWVCIWVLP|SLAWMGMTBGDBFT|SWOVVKGLGOOUKI
ca510f9cbc5f96f2518b7737,pluskal_ms2,CNXFTPKHMABMBC|GXFWCFLWFXJYCX
ca5403ae32f2c06f4c83b1a0,massbank+riken,BOMGASAONSXQLE|KZNIFHPLKGYRTM
ca54e561bcea786ce33325e1,riken,JTRLVVUONAUOHI|UPADPCUOTDTWHH
ca57d9e73ec77dbdb26ca574,riken,AVXFIVJSCUOFNT|OXVUXGFZHDKYLS
ca58954d490504e57d0a724e,pluskal_ms2,AMXCTLDSFXUPOC|UYDSWRORAHRACW
ca5b5fc3927f84ecf595568d,riken,GMNAPBAUIVITMI|KMPDNLYICWJCPY
ca5c5911c20cc2930b8b3dee,riken,RTNFBJXLYMERBB|URRIQHWWGFUPHG
ca627506feb4cb72840fbf69,riken,CITHEXJVPOWHKC|IHEJMZHKJYHVFF|ONJRISGOJDDBNB|SWOVVKGLGOOUKI|XVOHELPNOXGRBQ
ca7ab8bec55ccf250b57f9fe,riken,NNWMHSNRRWMMBI|OUHBKBTZUPLIIA
ca843fa8af8df9643cb29238,riken,ZPFRAPVRYLGYEC|ZRJBHWIHUMBLCN
ca88553b330f20cf452a5285,riken,LSHVYAFMTMFKBA|QCQGNTXXPCJRFZ
ca911356dc31e51248b421a1,riken,MQDDJIPAADLFAB|ZOLBWQPEZBEHMV
ca91a748b000427cfff2c694,pluskal_ms2,GKBZZGLJFFTARM|NXEROWMPYNQHFS
ca933dd27e09eab5d59fd1a9,riken,ASPCIAWQVXVATP|FIWGZIBLJWZUEA
ca9ba35eac40cbd799f0dc24,riken,KONAXQKGWYDUTG|QBILRDAMJUPXCX
caa2cd19a9ce2b119983dab7,riken,CNNRPFQICPFDPO|HAVJATCHLFRDHY
caa39315f52607e8d99bac7d,massbank+riken,OLARKEMZPWGFJU|SGOIRFVFHAKUTI
caa5d4903093a40811bc4c00,riken,DWCCVUBESGIKQL|OXVUXGFZHDKYLS
cacbbc3f9f03ecd6cf737384,riken,LSHVYAFMTMFKBA|QCQGNTXXPCJRFZ
cace6ec18594df6ec890bc1f,riken,DVGGLGXQSFURLP|NTDLXWMIWOECHG
cade09f9650b31449051ed59,massbank+riken,CIUHLXZTZWTVFL|FLYPZWDELZKIOY
cae37011a384ac18bcc034d5,pluskal_ms2,HMABYWSNWIZPAG|ZZJLMZYUGLJBSO
caeb617f48e60870f12ede89,msdial+riken,AUNGANRZJHBGPY|LCSDQFNUYFTXMT
caf57e7581878b12fecb73de,riken,HELXLJCILKEWJH|SMZYCXAYGPGYRS
caf62ab7a5f3f0d46c6ac870,riken,NVRUMGAPYRSOQF|VKVBSQRURLRCHO|WZAXZHIVHPRTIU
cb00e3574c7fd1dfa13741a4,msdial+riken,BAVIFLQGTGNVOP|BTNMPGBKDVTSJY|OEVCPKKGZOPKST|PWWCDTYUYPOAIU|RPWYCEBUPDNVLU|WACBUPFEGWUGPB|XSSREOLCRTWEPI
cb0b7a8253e422adc440e248,riken,HRLFUIXSXUASEX|YSXNEFJASLJGTK
cb221b13a9ec240546c43840,riken,KXHCYYSIAXMSPA|RKUNBYITZUJHSG
cb2ad3a3131661b20dbee3ff,riken,FHKHGNFKBPFJCB|ZEASWHWETFMWCV
cb2e7e4ce85954de33a06f22,massbank,NENPYTRHICXVCS|NXHFPNVCAZMTSG
cb43c6a76c9a45148b90f6d6,pluskal_ms2,RUYJGQYYWHXUAC|VVXFICIRCAZKBJ
cb4418754698cdb90c7fe923,gnps,JTCIOJBYCMFIEC|XEOWIRGIROIBPD
cb46aafd37038f1818b9ce42,riken,BDIHZBORJCSTHA|SHCBCKBYTHZQGZ
cb51f65037a8a5464dffe07f,riken,URFCJEUYXNAHFI|WMBWREPUVVBILR
cb5cd38a9bb000f1e1fe58bf,riken,DBOVHQOUSDWAPQ|XRDJYSVGPBJZSG
cb602b2c2836b9f310a7a838,riken,WZAXZHIVHPRTIU|YRECILNLFWZVRM
cb74ce973359eaf0644b765f,riken,JXSVIVRDWWRQRT|QKQZUNJZOQODTH
cb8068a64190e6ec637dd041,riken,IFHIOGDNVIBBEG|ZZXJOMSIUOUAHV
cb80f69cb675a125043e64c0,pluskal_ms2,OIRDTQYFTABQOQ|QWGDMFLQWFTERH
cb955ac87ce0cde64632cff8,gnps,OJXQLGQIDIPMTE|SYIJAIGFXDMIRQ
cb9c05b508eee64919dc5a67,riken,KHSCYOFDKADJDJ|ORXQGKIUCDPEAJ
cba9ca452f8779a8e830b4eb,riken,PJQLSMYMOKWUJG|TYNLGDBUJLVSMA
cbb676f0c46347bbb0ecaa09,pluskal_ms2,JBPUTKVOSWJTTD|UEXJCBSEXADJCE
cbbff01c1d8268b31d0186c1,riken,OXLDBLCHXXJJPD|WMSZDXQCLFUBAQ|YMCYJIJWKFYPMN
cbd5231b2b8b6a3e887e2ef9,msdial+riken,JXCDWBSOTYSNDX|KVRQGMOSZKPBNS|LUTYTNLPIUCKBJ|OUGNWRCWQLUXHX|RSDDHGSKLOSQFK
cbdb4c8d579a781212d97fd5,pluskal_ms2,IFQGGAHTPJSUOS|NBEYHLRJNTUBRR
cbde0bdc4210e49cb7ef01e8,pluskal_ms2,FTXQMXYVEKCYAO|QHJHUTXUTFOAJX
cbfbbfe96e71e4d184c1ac9a,gnps,VEYYWZRYIYDQJM|XSQUKJJJFZCRTK
cbff722752fa6587842a5863,pluskal_ms2,BPPZFJOSNPTQQL|MFIXSSKQHVPACQ|OLUWYTLKTXVLNF
cc06ec2486a81162713867d5,riken,AEPCMDRTWXAGAK|AFEVCSJFNQWWDF|AJPXZTKPPINUKN|ASLHXRONSASUAK|BITPRCODIALMOV|BKIACVAZUKISOR|BVMVRPVYRJQROP|BVUOXVSHTGNMRR|DGDWCRWJRNMRKX|DXZNCVRUZDRWLR|FCCUWKPTCIBKQH|FXFHFOSEURHWMO|GBXXXUUAOFPGRP|GCMGJWLOGKSUGX|GFPLPBCJRRNZHM|GHUUTEXYFBCKSM|GLWPLQBQHWYKRK|GQNZXZQBLQFJRA|GRBHNQFQFHLCHO|HGJKGQUGPACAGO|HKODIGSRFALUTA|HRBGONPRSGPFMT|HSPBTZRUYDLHGR|IBFYXTRXDNAPMM|IOKLSJZBRCYLTH|JDCPEKQWFDWQLI|JRAZFLUTTVOOOC|JTLPUINSVFNPLS|KFYOFJUUTSALEH|KJHRDNNKNHKYDW|LZERJKGWTQYMBB|MOIJAHWAZFJXSM|MQYXUWHLBZFQQO|NAIXCRGIEGDRIQ|NSYZCCDSJNWWJL|NYRXUBDGDSRBGB|OFSZOCPGPLMCBG|PHMHDRYYFAYWEG|PNTWXEIQXBRCPS|PWAOOJDMFUQOKB|PXZBXUACWJKEFM|PZEAYKDDQCGSQU|QIJQOXKBKYUQGM|RNXZPKOEJUFJON|SEBIKDIMAPSUBY|UCDVIBNDYLUWFP|UQCUBQIHIKJPHI|USSZROTZVDHBKM|UTMFIKFVXBHDRL|UZIOUZHBUYLDHW|VELYAQRXBJLJAK|VODLLOCLAAHTRJ|WMEBIWWUBWHAOJ|XELXKZJCZXSVKJ|XHALVRQBZGZHFE|XJOTXMLDNWCDRH|XPNPKQSCYZUYBU|XRCLPWMEBOMKMG|XSYCDVWYEVUDKQ|YRXDKQKYWMHRSY|ZRKGVMOZKMBTHF
cc0df881db24211a782c89bc,riken,DANYIYRPLHHOCZ|XMOCLSLCDHWDHP
cc3916c5c2e6d7173dfe3ae8,pluskal_ms2,LDEMKQVEUQTLTJ|XCUTWOJRCRSBLM
cc3962de789f03873398e503,riken,XSMQPVSPOJTVQR|XWVDGILSBKLKQW
cc59ed5f72300378ad5290a0,riken,JRHMMVBOTXEHGJ|VELYAQRXBJLJAK
cc59fcdc35a1aee4d79f86ad,riken,HPVWWHYNAAZHQR|OTJBXGAQAVEFCP
cc5af08dafb8f02fa848bd6e,riken,CQGUDVRRZKLXFR|NAUZBQMEOYSERD|UOVGCLXUTLXAEC
cc5ecd6f59e78fee82016d5c,riken,IECPWNUMDGFDKC|OFSZOCPGPLMCBG
cc862e071e3b7d09b887b9b0,pluskal_ms2,FJINFEYFWRSHHD|IBHWHGVQKKGSCA
cc8df6f7ced25a2e352d480b,riken,FPJQGFLUORYYPE|YJWBWQWUHVXPNC
cc8eeb94a3c4b64952e08bfa,pluskal_ms2,UBYKKSNRJIVBEI|VROHGNXCTIWHOM
cc9e86e04883f942637c3198,riken,ORHBXUUXSCNDEV|UNLDMOJTKKEMOG|XGVBNFXVLFKPCO
cca0bd80b29178f5205123d6,pluskal_ms2,ISIBDMAKFALNIA|XZDXDZZLTQXFNU
cca13894b40bf7a74364c902,riken,AZIGQTILUNTIQH|BGTCFSJRFQXBHW|DCULYKVTBAXAER|FIDOCHXHMJHKRW|KTEXNACQROZXEV|OJPLCPBWIQWABI|PCZOHLXUXFIOCF|PDAYUJSOJIMKIS|QFPLAAZRZNKRRY|QVXHDRIBXYOKQA|UGJAEDFOKNAMQD|VPJCTVQKHIFWKJ|VYIKEBWUZLHWQK|WTLLIAVPAMWKOT|WVTKBKWTSCPRNU|XKXYJTIBKZGIPR|XRARAKHBJHWUHW|ZMXKPCHQLHYTHY|ZUGCRBMNFSAUOC
ccb2a6cfe15d0a5ecb50ad2e,pluskal_ms2,PVHUKALHRBPQNM|SYVFGLXUEAXFAP
ccbad118c86fe574d8285f79,riken,KAYMPWXMHIUNGC|NGROIZSHBGXMTB|WHTCHQKZPTUFPV|WRXVPTMENPZUIZ|ZSAUXCVJDYCLRS
ccbbd58a8442ad4343e92640,riken,ODSSDTBFHAYYMD|OGBMVWVBHWHRGD|VAXDAORNOMZREO
ccc439e338fc2915a6d0d2cb,riken,HGKBUFQLERZSEX|VRSRXLJTYQVOHC
ccc74a24d558625d576097ff,pluskal_ms2,ALUQXSJARGBEOQ|JNZDOQZSXDGGCY
ccd3470fa803a95a4cac419c,pluskal_ms2,PVHUKALHRBPQNM|SYVFGLXUEAXFAP
ccdccec0b716a6ab5cc2dbfa,pluskal_ms2,BCOCNVVIORAKJD|HDBZZOVINYSWFM
ccf2c1511a2fd53ef0f0f999,riken,QQANTDQGINANND|WXHUQVMHWUQNTG|YBUWIVMOMHEALF|ZHOMOKSXIMUJFE
cd0cfe45ec5e5ea6eac3d53e,pluskal_ms2,GZNVOMWIPLIKDM|IAGMYQWCKILWNO
cd28d262891dc63573c03ad9,riken,DUAGQYUORDTXOR|JRHMMVBOTXEHGJ
cd406ee4a71cbbe30dbfe921,riken,JJVSDUQOSRRODQ|RTNZWGMBYCVCPK
cd60f15bc54d4ba70c28df49,riken,CQLRUIIRRZYHHS|NEJKEXUJCSYMCC
cd67cad0fe5edf39d82fdd5d,riken,CRSFLLTWRCYNNX|YDQWDHRMZQUTBA
cd71b4771ebf4b00f249a8f7,riken,JWINIHBXRZXFKL|LLXVPTXOKTYXHU|SNKFFCBZYFGCQN
cd79bf742b20fff792e916fe,riken,LLVOJEYSNCNXJN|YKGCBLWILMDSAV
cd88c4d78d7359b4629ce23c,msdial+riken,QWQGMMRHTWIOGH|YKNWIILGEFFOPE|ZYURHZPYMFLWSH
cd94095d04c0653829136404,riken,FQWZGEBZILOCET|KBPHJBAIARWVSC|OAIJSZIZWZSQBC
cd962adde6445d5b624b9d9e,riken,AZIGQTILUNTIQH|DCULYKVTBAXAER|PXQNZQURQNZGKZ|XKXYJTIBKZGIPR
cda0094ad42f2542f98e1d58,riken,NVXMWPFVIMTPPT|WQLVFSAGQJTQCK
cda1006f637c5d19ca3f0c5f,pluskal_ms2,JKVBOQZNPRNINF|OVFDQURMTNAKDH
cda67a02b1790df7a36ba6a5,riken,ASLHXRONSASUAK|RFDAIACWWDREDC|WRYJRJIDYVFXLV
cdb3e4ef1c671fe5703734db,gnps+msdial+riken,FVMDYYGIDFPZAX|HCZKYJDFEPMADG|KEMQGTRYUADPNZ|NAHTXVIXCMUDLF|NLDDIKRKFXEWBK|NRPRPSMFVBRREK|OHCQJHSOBUTRHG|PFTAWBLQPZVEMU|PJTYPIGQKDTERS|RYYVLZVUVIJVGH|UFCGDBKFOKKVAC|UNLDMOJTKKEMOG|VGEREEWJJVICBM|VJILFEGOWCJNIK|XMIIGOLPHOKFCH|XVPBINOPNYFXID|YBCNXCRZPWQOBR|YCWDWJWRRMHVMZ|YLRXAIKMLINXQY
cdc78ef3465567cbe626178c,riken,IHYUCPYKBNICIV|TUFBUBIMKZRZLD
cdd085bc180678f553fc2b0a,gnps,IGRDGFVMWJUAHL|KUJKKCYLGZHIAH
cdd300a9bb486f80f8d95c2d,riken,QGNJRVVDBSJHIZ|QWDCJWDUPSTHHK
cdefefb0ff30bdf4a5f4d639,riken,OAVAUZCEOWCYCC|OIVDEBIGYOTPKV|XDLBSNLAIQNWON|XQVKQEFQGYTUAR
cdfc26cf40025518222c3b8d,riken,OKPSCKUJXYCMPR|WFRQIKSNAYYUJZ
ce0299b6622d19e74d8eae4c,pluskal_ms2,JHFTZDIBPBWDSZ|ZWOBLPRWICPDNF
ce06f54c16b3da2f198d38ab,riken,DSXKDTZEIWTHRO|IFQVDHKHKVDYQC|VXNJCLUDBLYAOL
ce0cbcf5bb2e48b8852efac6,riken,QJPCKAJTLHDNCS|RKWHWFONKJEUEF|YLTPWCZXKJSORQ
ce187fce713e9cbb01280504,pluskal_ms2,JWQLVCBZBLRGHT|YFKNMTKRALCAPE
ce23de16e8125e7bae216a50,pluskal_ms2,QLESPZIBLXJTBI|SMALDVZQFBVHQY
ce43a9063af78ab2492d7d26,massbank+mona,LQMSDHNRPMNYLK|MIKUYHXYGGJMLM
ce4df2d7043257c7d0c6023e,massbank+msdial,BLHCMGRVFXRYRN|WWNNZCOKKKDOPX
ce56087bcd5d2e5ed4a0ef83,pluskal_ms2,ACCFLVVUVBJNGT|UQTPDWDAYHAZNT
ce6c1e71e4e728a7897e7d57,pluskal_ms2,GVHLLPAHVPRCOO|SSLKTQQOQJLHRE
ce6ce675f97fd4b74cc7e16d,pluskal_ms2,NTLPDOCUKAPZHD|QCOVZSWIZFLYDN
ce737b570a9db92357eb3034,riken,BMCZTYDZHNTKPR|XWFDREYZNGAQBP
ce7d318aaa942300d09218af,riken,FIEYHAAMDAPVCH|JTRLVVUONAUOHI
ce7eb87709fbf320b5b66f89,pluskal_ms2,KGVFDGQLEUSHLJ|YLHQKKNDZBJXHR
ce910ecd8549891465c33f2d,riken,HZNCCVUDDGMZDN|MKQCLTNEQAMHGK
ce98d3ffd2215c830bcd2086,riken,GXWUEMSASMVWKO|RISXUTCDCPHJFQ
ce9c3f16de88dc5414aa833b,riken,BJBUTJQYZDYRMJ|TZRNJQYCOSMOJS
ceba211ff8b41a2e4509f397,pluskal_ms2,BKCDJTRMYWSXMC|BLQYVHBZHAISJM
cebe9a625997a934dfe1521e,riken,FHHSEFRSDKWJKJ|JLJAVUZBHSLLJL|JXSVIVRDWWRQRT
cec185dceb8ab2d4a441eba3,riken,OIRDTQYFTABQOQ|PQCLUXROBSBPIN
ced04420202b64463e670c1a,pluskal_ms2,QSTBODVXYSWBJW|QYMAKTWHALBAAG
ced5428429f59f9741a3c8d2,riken,FEIHRQSTXZRGQD|OXVUXGFZHDKYLS|PJIXCASIWJDBOT|RGOVYLWUIBMPGK|XPMQJVHMFLZDSA
cee0e3d410eccac38c510b47,riken,AEQDJSLRWYMAQI|LLVOJEYSNCNXJN
cef31a649bad9e81ff41461a,riken,JBGYSAVRIDZNKA|RAYQKHLZHPFYEJ
cef346a51791654e3448fa84,pluskal_ms2,KUXXLZILBGVVLH|SQGYGJYLBBNULC
ceff2dc9746c13a372c663d9,pluskal_ms2,GNHNRASZHPLFHL|PAFIXKQJMGFWKU
cf0262fe7ad3b2dec61849ed,riken,AZIGQTILUNTIQH|SSZZFAJCDFWCJW
cf0dbdb91e7c214c2620983d,riken,AEDDIBAIWPIIBD|GPFNSVXDXCMNOL|NYSZJNUIVUBQMM|VENRSYBHHVDBDC|VZRKWGPIZJDNHC|XAIUTKHLNZBMEG|XSLKAKROJKMHIT
cf106a7102b32185e34ec6a4,riken,OUHBKBTZUPLIIA|PCWTUTJLXXOQPR|SDXKZPQOVUDXIY
cf11d58e36caffb531d8b9de,riken,FRMCCTDTYSRUBE|RJANATGWWPNKAL
cf1454af66683e7d16c129d5,riken,KHCREUNEQGORAM|PHFUCJXOLZAQNH|WFRQIKSNAYYUJZ|WMSZDXQCLFUBAQ|ZZUFNBURDFJFSK
cf24f92874c7bfc5b3e039e2,riken,PEUUVVGQIVMSAW|SSBZLMMXFQMHDP
cf343a8d13f91397ba78bb05,riken,KRYFHYSXWHRZKT|VAMJZLUOKJRHOW
cf3e8bfe5ca19c405167193c,pluskal_ms2,IDDMDWMPBMJQJD|YISGEWIPSYUCLX
cf48bf6bc1f3edc244427a43,riken,OXVUXGFZHDKYLS|QHBZHVUGQROELI|SKHJNNFXCKTDBG
cf55e6d19a4349d544d22a9b,riken,SKOCCRDVSSOREC|VCWUZNQATFVWGL
cf6835bdca2cf89dbb8ea397,riken,APPXYONGBIXGRO|FEQSYBHDHIPRKS|HBYKIOIUVMDUIK|SBVBJPHMDABKJV
cf711cee52b23f2995a2b825,riken,CKUVNOCSBYYHIS|IZQSVPBOUDKVDZ|LOUPRKONTZGTKE|OMQADRGFMLGFJF|RAQNTCRNSXYLAH|RMCRQBAILCLJGU|VNONINPVFQTJOC
cf764c3d811fbfe3be315a78,riken,HAYLVXFWJCKKDW|NTDLXWMIWOECHG|VHUNCYDAXJGCLO|ZROGCCBNZBKLEL
cf7be05b2f6da2beea3d47e0,riken,XMVBNLMKPMPWAX|XQVKQEFQGYTUAR
cf7cd320fcc756d63394aebc,riken,AVXFIVJSCUOFNT|DCYOADKBABEMIQ|GZYPWOGIYAIIPV|HEYZWPRKKUGDCR|IWRAOCFRRTWUDF|KQNPFQTWMSNSAP|LLJUCXMVRPAONX|NFZYDZXHKFHPGA|NLAWPKPYBMEWIR|NODILNFGTFIURN|OMQADRGFMLGFJF|PFTAWBLQPZVEMU|QOVKKEKBURQILF|QUQPHWDTPGMPEX|REFJWTPEDVJJIY|SJJRKHVKAXVFJQ|UEDUENGHJMELGK|WMBWREPUVVBILR|WYQVAPGDARQUBT
cf7e00111fb35412069edc4c,pluskal_ms2,AIHRWHPASCEREG|NNHPAXDGGSLXOK
cf863cbb51c410a17da60e63,riken,BHUIUXNAPJIDOG|BXRNXXXXHLBUKK|HRBGONPRSGPFMT
cf8c038f3695ae6230ec0413,riken,BYVWXQRJRYELNP|CWHJIJJSDGEHNS|DUXXSSRWDJUVQP|FGJGLFPNIZXRLV|GWTUHAXUUFROTF|JDBGXEHEIRGOBU|KVWWIYGFBYDJQC|LUXRPLCOGZWQEC|MALFODICFSIXPO|RZVHIXYEVGDQDX|URQAEFLEDPPPFX|UTGUKTQOTCXQJK|VNVIRJDHGPNWHS|WIONIXOBNMDJFJ
cf8e27866e14ab4300c71153,riken,CCRXMHCQWYVXTE|CIUHLXZTZWTVFL|DIEUZIPSDUGWLD|FRMCCTDTYSRUBE|GCJWPRRNLSHTRY|HHQJBWYXBWOFJY|HVBACKJYWZTKCA|IXODJGLAVBPVSW|JYEDISZKFNNREA|KTZNZCYTXQYEHT|KVAQLXUMUVEKGR|KYELXPJVGNZIGC|NRPKURNSADTHLJ|QWWPCQGHWWNGET|RLDVZILFNVRJTL|RLVCFPDMEANTCJ|RZVUCQZHOKQLFV|YOSRLTNUOCHBEA|ZOCKGJZEUVPPPI|ZPFRAPVRYLGYEC
cf93006828ad48bd61f0891c,riken,KFVUFODCZDRVSS|YLRXAIKMLINXQY
cfa83d54ff44081c4b154541,pluskal_ms2,LHXHWXOZMWMRIT|RQHFFTJESXCIFW
cfab37d5b60ba201e61362ec,pluskal_ms2,ATGOUMQDRBWCTG|IVNCONQKTFXXOW
cfaecd270433bd65133a13ee,pluskal_ms2,HVEPLLKJSMENJC|IZVDXSWDESLGHP
cfb03ac6d0b96e8394e6f465,pluskal_ms2,IEUCTTBEYBXANC|UXZANABCLSOYHS
cfb9cda646aadc31442c8eec,pluskal_ms2,AAHYTWRSQZFZCM|UJYUJDHVBRLJHG
cfbe3e8603a325bd57f9478c,riken,DKEZDPGUJMMUCC|XJIPREFALCDWRQ
cfbeaf41b0149c3493d0106e,riken,WXBBQBYCUTXTJQ|YIIRVUDGRKEWBV
cfbfe14f880b4fa22edffad5,pluskal_ms2,WBFRBUMHFYLOMI|WCNWTHCLAWYGIA
cfc85b0bcb5cccc41d6630ef,riken,FMZPNXDUADVAFG|JUZGXATTXYZBGK
cfde6eb277410207a137582e,riken,AEDDIBAIWPIIBD|KGEKLUUHTZCSIP|XAIUTKHLNZBMEG|XRVFNNUXNVWYTI
cfe0f984788d7e49e65b35f8,riken,DOUMFZQKYFQNTF|QUQPHWDTPGMPEX|ZZIALNLLNHEQPJ
cfe7312d7d9f25ba02ec8369,gnps,HBVZOSCPVZEWOU|JURYTIUJMYPBNN
cffe97be7729e5bb01316ab7,riken,JLYBBRAAICDTIS|MQDZZCJYWRZONM|YBCOIJNAMJAFSO|YMWRMAOPKNYHMZ
d01ad3e4405dbe5d3d7be39b,riken,CDDWAYFUFNQLRZ|DLBLMTCYISHWGP|FJISLLRXVSQIES|FPUXKXIZEIDQKW|GGGUGZHBAOMSFJ|IOUVKUPGCMBWBT|JBGSWIBJAGBGOP|LFYJSSARVMHQJB|LLPWNQMSUYAGQI|RKFAZBXYICVSKP|RWXIFXNRCLMQCD|UCDVIBNDYLUWFP|VKJLHZZPVLQJKG|XGVJWXAYKUHDOO|ZJDFNIHQCHHZGU
d029fabe27f1ff7a3d079001,pluskal_ms2,IGDXOSAWLJFKMB|QXYOEWHYIMGVRY
d0326aeefa678c7d86f749a3,riken,IZQSVPBOUDKVDZ|OMQADRGFMLGFJF|VNONINPVFQTJOC|WCGUUGGRBIKTOS
d04cc9bf65723c1fa5052f8b,riken,CEBXXEKPIIDJHL|KGGUASRIGLRPAX|PEYUIKBAABKQKQ
d055b4b7a9b368fbbb81ced6,riken,WZOBJNOPFAHZTE|YSERMVLNNCPEPQ
d05c6f8fd6c402d9bc18312b,pluskal_ms2,NFHQLSIRHVVGPN|SIUCWWPPXASGCD
d05f8bc74fda3adabc85db8b,riken,AUVVAXYIELKVAI|AWMNMVKFFWMAAM|BKGUPIVDQHHVMV|BLGXFZZNTVWLAY|LADJWZMBZBVBSB|LPHOGVFYEBRXSC|OXVUXGFZHDKYLS|SHCBCKBYTHZQGZ|UTCJVDFLMODHQX|YEFOAORQXAOVJQ
d0713a810d75422a07c438b1,massbank+msdial,MFFMDFFZMYYVKS|WPMWEFXCIYCJSA
d07285b71ad4f202d682f4e5,riken,NXIXJPLNNMLKRR|OVMFOVNOXASTPA
d07dd60a725dab31262bfc38,pluskal_ms2,WRLZUQKRFZQYDV|YLMGWNNPZYWBMT
d07e55d8b6bb77b0886f084c,pluskal_ms2,ITOJSSZNFNNLGQ|UVAHMTDZARCXIG
d08e7c0d5f103cb487d7a0da,pluskal_ms2,VPPIIDNRSOUYGK|WJZLFPKLYHSDCA
d08f252e2d8d5ba10d951cd3,riken,LDJDMENPMPQEFY|OICIAYRGTXPUNW|WJLHDYQXCJXZGV
d09b1cded2b4954e32f34184,pluskal_ms2,JUJGKVROMWUCBV|PXTZDSPTHUBOIB
d0a187ac74fa98e017cd4eff,riken,KEEWIHDTSNESJZ|QGNVMEXLLPGQEV|YLRXAIKMLINXQY
d0a8b476a0609851692fd251,pluskal_ms2,ADPBWRONXXWBJX|PZZYVYJTEQDIRL
d0c6aa1669808454b41a6510,pluskal_ms2,OOODLVHUPIMLDF|RLYRFMQTCQDVAL
d0cb760cd2c32c7c2f8c2b97,riken,BGKLFKHHSFCDKC|OYVNCEXQIRUPQS|XYYAFLHHHZVPRN|YVIVANDTNNUXRH
d0d48e62e0cc113acdf4b359,riken,FRMCCTDTYSRUBE|IRLNKOAURQPXIQ|JYEDISZKFNNREA|KTZNZCYTXQYEHT|NGFMICBWJRZIBI|NRPKURNSADTHLJ|ZPFRAPVRYLGYEC
d0e16389cbb8e1dbde73d84e,gnps,BZUMXZRZGXIMHD|HULCBRRKIWCSOF
d0e300da71a70801a8a3cc03,riken,NODILNFGTFIURN|VFLDPWHFBUODDF
d0eed5dcfea54c93d17c7aaf,riken,IMPWMPCRAJNBMS|MHGKDTTXFHUGAY
d0f2cb7a7130050bb4f0964a,riken,WDTAJXMIXADUTH|XZTUSOXSLKTKJQ
d0ff9e607823850095dfc032,gnps,ADXGNEYLLLSOAR|LQHDJQIMETZMPH
d11e4076498fb5539f131359,riken,FELGMEQIXOGIFQ|YBBLVLTVTVSKRW
d12b527e82d511e349b97ae7,riken,IMQLKJBTEOYOSI|YURJSTAIMNSZAE
d12e6608b0e804a148516e94,riken,KGEKLUUHTZCSIP|ZKTMLINFIQCERN
d14557edeb4c92cb2cd2eb65,riken,IRZVHDLBAYNPCT|PWAACAMQKVIVPZ|RFMIUACIHIWVCM|TZRNJQYCOSMOJS|WHFUDAOCYRYAKQ
d15155a73bfdd4a5a7f5fe78,riken,MCPFEAJYKIXPQF|ROQZUJKOMJECOM|WVTKBKWTSCPRNU
d152697322988aea42d9697e,pluskal_ms2,RUYJGQYYWHXUAC|VVXFICIRCAZKBJ
d15cc568bf576c33d43f0f4f,riken,RSWGJHLUYNHPMX|WXHUQVMHWUQNTG|YAPQBXQYLJRXSA|YMNCVRSYJBNGLD
d17fe06abe6cac778e4b6d09,pluskal_ms2,OMVBWGOVOFYKNC|YZVUFQFNZWNCPZ
d180215729ef4ca676079254,msdial+riken,BRZLPCQEKPAETF|CKQJTGWITOTSIE
d182a9d8866bc9ed450d2935,riken,JAYAGJDXJIDEKI|JVXWNCRJCLOVRQ
d18735c61b321365d9e41fba,pluskal_ms2,CHNINISJXPDINL|XYRKBYYZNHPWAF
d19eaf2218a1944a357f4fa0,pluskal_ms2,ROLXKNVKUSEZFO|XNHRGYMFGWBADJ
d1bbb41003b94c221cd65694,riken,ATJVZXXHKSYELS|KLAGYIBJNXLDTL|OHDPFRGZBUACTR|UWKQSNNFCGGAFS
d1c4a838fa63b3b7807378dc,msdial+riken,RPJDAOAJFXPEJG|WOXKDUGGOYFFRN
d1d751b0b348e8f236f261fa,riken,AONBXCCYURJCAY|HPWWQPXTUDMRBI|LNIVUWPCHRNJLG|WKUHPOMCLBLCOV|XUWSHXDEJOOIND|YTZSBJLNMIQROD
d1d8bb8ab755388e6d4f1a2a,riken,AOHCBEAZXHZMOR|AYMYWHCQALZEGT|BDXYPHKGNUGUFG|CGIBCVBDFUTMPT|GPZYTVLJQBNTMX|IHYUCPYKBNICIV|IYPYOSNUSXBFTR|NOWZBRLFRHWZOY|NVSLBOBPSCMMSO|QHBZHVUGQROELI|QUCQEUCGKKTEBI|QWCNQXNAFCBLLV|ROQZUJKOMJECOM|VTDZPALYKJNMNV|VYIKEBWUZLHWQK|WQVCDQYJDQXJLY|ZJRDCQWLAILQHR
d1fefa874d386c49f1cf4458,pluskal_ms2,LHXHWXOZMWMRIT|RQHFFTJESXCIFW
d20542203471b895eb9661e1,msdial+riken,DRDRYGIIYOPBBZ|OZIPFYKAIOOVEJ|WGAGIALDHUDRIR
d20a972b82bda68a59d546c3,riken,KQGDHYQRJRGMDG|MOLPUWBMSBJXER|MPXAWSABMVLIBU
d22ef7956dd5b2bfe09ff892,msdial+riken,AIFVFVGRWAMEBM|FTVKHUHJWDMWIR
d238be0eb85c5a11c2b70852,riken,QGJZLNKBHJESQX|VWPNQCLIQCRCCG
d2415bac3c428df1e541c344,pluskal_ms2,NNWHUJCUHAELCL|UQVKZNNCIHJZLS
d244debec5f7a96f831d6c47,riken,AZAZKLKDEOMJBJ|UXDFUVFNIAJEGM|WRPAFPPCKSYACJ
d24643f9232b4e6546523f36,msdial+riken,CGZNTHDUAFIKOH|DORPKYRPJIIARM
d2475acc1be03c7287a20cf4,riken,UVJYAKBJSGRTHA|WXBBQBYCUTXTJQ
d25a4fa45e9cac2dfa4bd6d3,riken,FNDTZZIWWYSDAH|GOOFZOQDLIMARN
d262c71550fe8a43a69836d8,massbank+mona,HSSBORCLYSCBJR|ICUTUKXCWQYESQ
d26bda138c408f60b560b8b2,riken,MEZLKOACVSPNER|NZCJCBZLNHDNCR
d27309a8f6624d0a2ac02b14,pluskal_ms2,HLVMFYYHDCYEJN|ZIVPFRGMWMFDPI
d2761c70a11c7ec141f3a437,riken,CIUHLXZTZWTVFL|MNRHZPCIEGLWGK|RSWGJHLUYNHPMX|XELXKZJCZXSVKJ
d27904524d4ceb0b4ed82cb7,riken,PJIXCASIWJDBOT|XOJVHLIYNSOZOO|YOSRLTNUOCHBEA
d27b9322042cb8c4e37acc1c,msdial+riken,WOJBAMBWWYIQHQ|ZYURHZPYMFLWSH
d27d776b062038c94f1fe890,pluskal_ms2,QABQLDMYSFXIAI|WCTOCHMQEXSMHW
d27dbb852c87448605b8b15b,massbank+msdial+riken,SQVRNKJHWKZAKO|ZYGHJZDHTFUPRJ
d2a9ba5f6a91352688bd9693,riken,KGBSGBJFEOXATN|KRVIIMWSCXORIQ
d2b34a999b1711a0e76d6386,riken,BJJCTXDEJUWVIC|WMEBIWWUBWHAOJ|WYQVAPGDARQUBT
d2b4b0172284d747db39b767,pluskal_ms2,CTDUTUBPYHGECY|OPWRQUSOICEUQL
d2bdda421e13b0e74094dbb2,msdial+riken,IIQVLUKTYMSHDW|MQGPSCMMNJKMHQ
d2c361ee7a03194565858ac1,pluskal_ms2,CJQKZZRIKGCEPB|WSZAXICPAZNABD
d2ce368b3d9b462cfa1fdba0,msdial+riken,AWJUIBRHMBBTKR|LRQKBLKVPFOOQJ|SMWDFEZZVXVKRB
d2d03ae0833cb827110c69f2,riken,MPXAWSABMVLIBU|SSHDNSCEQSPWIM|VJSCHQMOTSXAKB|VJZKQVOURLBNBU|ZMTYENXGROJCEA
d301d497066b93b5f3abccd2,riken,MDCUMTGKKLOMCW|PKRPFNXROFUNDE|XEMVQWDHRXAQNR
d314b4967e8822838b2dfa80,pluskal_ms2,CNXFTPKHMABMBC|GXFWCFLWFXJYCX
d3181a7ba08addeddc36faa7,pluskal_ms2,QOULDAAJNHMZIQ|YVUFWUIPUHCKKA
d31daeace8c528a72bc4dfbf,riken,BKIACVAZUKISOR|DHNGCHLFKUPGPX|FSLPMRQHCOLESF|PWARHDUWOJUADN|RNXZPKOEJUFJON
d32fb877a843dbf85396c172,riken,CCRXMHCQWYVXTE|DGFVATVOFRGGFO
d33892e8f9b1f63ab10e1c7b,pluskal_ms2,GFCSUTJOAMZKFA|LJSXVUNPOBKHPW
d353b1d10fe42600225ec7a2,riken,MXOKGWUJNGEKBH|RHNFCIPJKSUUES
d36296feda538b997b899b7e,riken,AFNDTSIACJAGSO|HVYWMOMLDIMFJA|OBVFJCCARDWRFB|WIDIORLKUZCAMX
d36dd4c0f16e6c215216635c,riken,CIKNPMUSQDPKAK|UGRTULRMPFVUBH|WQVCDQYJDQXJLY
d373f6ed0697b4de19e6c10f,riken,OBVFJCCARDWRFB|RWXIFXNRCLMQCD
d37d00eb76e7a5103b08b9fb,msdial+riken,NWZYTZHMCGWGOF|XZXBGGYJQALVAW
d39fffa5de7225b9b322ebfa,pluskal_ms2,AANLHOVYRNPCCG|OIHXHHOMMLHVNS
d3aa23d027f87eecbfbec74c,gnps,OXGUCUVFOIWWQJ|UJTDYOXTXGBHEG
d3c0bde171a493ac7fcf4169,pluskal_ms2,HCHVXLFBJWXJNF|NBRUSFWGKDEKQS
d3d1c45063ec2e4fca69a21a,riken,GFPLPBCJRRNZHM|RSSYYEQEOXSTLN
d3d3b7339eaeb4991275d7e7,riken,DCULYKVTBAXAER|KDFKJOFJHSVROC|KMPWYEUPVWOPIM|ZMXKPCHQLHYTHY
d3d499dbe0de71e7596aaca1,pluskal_ms2,BFYFOWQTYQCJAF|KBDPQBSWAKMASY
d3e554822f4e2d14886f622e,riken,GVJHHUAWPYXKBD|HCXVJBMSMIARIN
d3e5570dd488f061a9a813cb,pluskal_ms2,OXGUCUVFOIWWQJ|UJTDYOXTXGBHEG
d3f86dfe5a1e6ccb6be96d53,riken,FNIRVWPHRMMRQI|HWYBGIDROCYPOE|SNKFFCBZYFGCQN|VJEMOEYSQDKAQF
d407091a4d1d57ecfa143a3d,riken,FSTKYJOKUUVVMY|UXGMXDXDOQAYAD
d4085394edbc67a29d99f32a,riken,MRIAQLRQZPPODS|NODILNFGTFIURN
d418aaeb9fc1d626de9c6df5,riken,HZIBYJCDCHVSPK|KMCZIPGKKBSLEX
d41a28bb9813d139d701c8a7,riken,DLIKSSGEMUFQOK|KKMPSGJPCCJYRV
d41c22857f311135c48efa1a,riken,IHEJMZHKJYHVFF|OHDPFRGZBUACTR|SQOJOAFXDQDRGF|WTBZNVRBNJWSPF|XVOHELPNOXGRBQ
d42c128809dd90b9cadcfa5d,riken,AJJMKDCAQHLJQF|MXTLAHSTUOXGQF
d4338d90a85ec47cf438caf6,pluskal_ms2,CKHRRUPQQLGEHE|QUYQIBRSKHHZSX
d452094ab07a16869dba7ae8,pluskal_ms2,NAAMZGFVHDOIKP|PPJOASPPTJAFCG
d452c64edfa87469d84cdb67,riken,BTPYUWOBZFGKAI|BZKDCAIDWFPAGZ|DDDXYRAMQRKPDO|DUXYWXYOBMKGIN|GHBNZZJYBXQAHG|NRYNTARIOIRWAB|PRAUVHZJPXOEIF|RCTKRNCKOYYRIO|UJZQBMQZMKFSRV|XGVBNFXVLFKPCO|XUHJBXVYNBQQBD
d45d97052ddc391550537db1,pluskal_ms2,QGHIAPFKUZTJRX|WGOKQVBJUZMKAQ
d46829fe63922aecd911aa3a,pluskal_ms2,IGDXOSAWLJFKMB|QXYOEWHYIMGVRY
d46b503203400fa2d0703eaa,pluskal_ms2,RYFIZTWMSCXECD|UUCAMRNBHPIFAB
d46b6d64daef8b4cc11e38de,spectraverse,DPVOVCRNFWGEFP|JFAGPSOZZSTLRF
d4743159127dd23e445a1086,riken,IMQLKJBTEOYOSI|YURJSTAIMNSZAE
d47cc5120d3264438e14052a,massbank,OSUCQKNXQBPLDG|ZXVONLUNISGICL
d481707fd3a47820e1dd3ca7,riken,FLLNNFLVVBJTDW|GAZDXIGXYWVWQX|WYDPEADEZMZKNM
d4822c1144f0e8255ecf0ad2,riken,LHDWRKICQLTVDL|MFMQRDLLSRLUJY|UJZQBMQZMKFSRV
d48900a18d13b2ccef184496,riken,NJUXRKMKOFXMRX|XCDQFROEGGNAER
d48ab534908bba3ee54929ad,riken,DUBCCGAQYVUYEU|UAHWPYUMFXYFJY
d48ce6449298f3a67187951d,riken,GLWPLQBQHWYKRK|LEVWYRKDKASIDU
d4926262375a3767cf702c58,riken,GWTUHAXUUFROTF|INBSFHNHCNZEOY|IOUVKUPGCMBWBT|KPDOJFFZKAUIOE|PJTYPIGQKDTERS|WNAYNBDAJBVOPW|YJBXPWORXXQARM
d4a6cbab6788de5484b5009f,riken,AJSPSRWWZBBIOR|DBMJZOMNXBSRED|GLWPLQBQHWYKRK|PBSOJKPTQWWJJD|PEWFWDOPJISUOK
d4b866c7257d17e5acd1ebe4,riken,PDAYUJSOJIMKIS|VJILFEGOWCJNIK
d4ccfbac553b0c241c8d8beb,riken,BERNCPGDRADLCG|IECPWNUMDGFDKC|MOIJAHWAZFJXSM|SGQLWFYYEYBZNX
d4e9737de8250e21e468199e,riken,OLGXIHMDNRLIMD|URRIQHWWGFUPHG
d4eb9804e26b69d085a0d9cf,pluskal_ms2,PUYJJOSVJHUEAP|YAZVBHHBVAAZBE
d4f4b3bc1e74274a081d4012,msdial+riken,MWPLVEDNUUSJAV|YNPNZTXNASCQKK
d4f4c9b5a77d4fcbf3f3ff7a,spectraverse,MCWBXCHHISALLA|YQGJLBTWTVPOQO
d4fa25c5a19e11f8141d75d5,riken,GPFNSVXDXCMNOL|VJSCHQMOTSXAKB
d50787e5403918699fc57b3e,riken,LNJTUUHDKCPQAA|WYDPEADEZMZKNM
d514c35f5602bc5407d7284e,massbank+riken,DGEZNRSVGBDHLK|PSFDQSOCUJVVGF|RUFIGEPXTYTFFK
d52debbf84c611a3589676b9,riken,SDXKZPQOVUDXIY|VFLDPWHFBUODDF
d530e7530e769051a981617a,riken,KBDSLGBFQAGHBE|OUGNWRCWQLUXHX
d5340e56b731c01c372bb12b,riken,UBCKYWKJKPMKAA|XZVXEPPPQBLGMQ
d54cc3bc2d38ca23500ee109,riken,BJYRNIFAMMOVGW|MHGKDTTXFHUGAY
d55706553de06edc6897f946,riken,XSQFDXNJFMCRGJ|YCXUCEXEMJPDRZ
d566acf2e19fbfdfe34ad831,riken,DYHOLQACRGJEHX|IUSZMBXMNBITIK|IZODPOCIKVLNIL|JBFOLLJCGUCDQP|KVRQGMOSZKPBNS|LYUZYPKZQDYMEE|MMTWXUQMLQGAPC|NSEWTSAADLNHNH|OIFVLHZEBAXHPM|OJISWUQNQQWEND|PUPKKEQDLNREIM|QHLKSZBFIJJREC|QJPCKAJTLHDNCS|QQBFHNKJGBCSLG|WHWWQGPCTUQCMN|YUSWMAULDXZHPY|ZEASWHWETFMWCV
d56e5443bda958b89cf1fa7c,riken,DEBDFZGNZTYPMF|FHIJMQWMMZEFBL|MXOKGWUJNGEKBH|VGJOYFZLAIERID|VZTUIEROBZXUFA|XRVOHZOREFBBDX
d57d45d1bd8a2f95f209668c,pluskal_ms2,CKHRRUPQQLGEHE|QUYQIBRSKHHZSX
d588643223866ddc074b7ff3,riken,PAXNVPZJVMRVBU|ZZXJOMSIUOUAHV
d591489a877cb301c28890da,riken,GCJWPRRNLSHTRY|REZRQXGLFNRJRN
d595b766b1be1f93e5c196ca,riken,KMCZIPGKKBSLEX|NJUXRKMKOFXMRX
d5ab9ef758dd149e7c5ba379,pluskal_ms2,VEWGJRXPIOULQD|ZDNBSOUWFJZXPL
d5afc1149d7ca03575a6abb0,riken,BJJCTXDEJUWVIC|CNOURESJATUGPN|LKTUJUDNQJTEHZ
d5b64c568ec54855288124db,riken,HWYCRLFVQVFKPD|LTMHDMANZUZIPE|QBILRDAMJUPXCX
d5bd35728a9ed2e2acf52f1c,pluskal_ms2,LPRKQJFIKKNYAR|RXEIDBOHFOSBOR
d5bedb5fb56672d18661e945,riken,MXYUKLILVYORSK|NLZCOTZRUWYPTP
d5bf6d493222db5d40d86d94,pluskal_ms2,ZAFCVSPWRSRKMO|ZOUUDYRXEPFXDI
d5c44f62087de2c4eb378750,pluskal_ms2,PVHUKALHRBPQNM|SYVFGLXUEAXFAP
d5dfbd12bd15733c677810f1,pluskal_ms2,PBAPPPCECJKMCM|SVOQIEJWJCQGDQ
d5dfdb733f1425eca4fba13b,pluskal_ms2,LPRKQJFIKKNYAR|RXEIDBOHFOSBOR
d5e06b6bbac868aa05ad7e87,riken,LHGNBKKPEPCPCT|SJWWTRQNNRNTPU
d5ebe132c22b07c2f8b4f719,pluskal_ms2,NBMNQTQSJQDCHA|SPIIDRMCTHYLNE
d5f1d35e46d244af5520185e,riken,NLAWPKPYBMEWIR|NODILNFGTFIURN|PJQLSMYMOKWUJG
d5f2a9fb1ecf3bf605150865,pluskal_ms2,BCTBGFHJDISZRS|IPNMFOJKUXTWCG
d60465251f8bbeff8b98df98,pluskal_ms2,VPPIIDNRSOUYGK|WJZLFPKLYHSDCA
d6059f103895913f0a755d60,pluskal_ms2,XISVQJAIDIRBFK|XQQIQWJGWZKEHS
d61b120b85954cba2cb37afb,pluskal_ms2,LHIMNNALUHPRPU|XYLLJSHRRXJODP
d639f3781332016cef6600e4,riken,AGBCLJAHARWNLA|RHNFCIPJKSUUES
d63c9c452c74e31b222b1b91,riken,AGBCLJAHARWNLA|CFUPNMDNSQIWBB|VGJOYFZLAIERID
d64dc620894d81ef79550b1a,pluskal_ms2,PUYJJOSVJHUEAP|YAZVBHHBVAAZBE
d6545fc30342475a8e19af17,msdial+riken,LTFMZDNNPPEQNG|UDMBCSSLTHHNCD
d6581c5108921e6355e7dc9c,riken,CKUVNOCSBYYHIS|OMQADRGFMLGFJF|RAQNTCRNSXYLAH
d65bebb7e332117bb76c3e55,pluskal_ms2,QGHIAPFKUZTJRX|WGOKQVBJUZMKAQ
d65c1a4493fca4ea9bc481da,pluskal_ms2,ADXGNEYLLLSOAR|LQHDJQIMETZMPH
d666f5fa8f9d5058361b2c91,riken,LATQZYGIAROYHX|MORVABAHRWEVGD|WYOTUUJXYVODGL
d6694c08a68060722ed0dbea,riken,LSHVYAFMTMFKBA|VOZHMAYHYHEWBW
d67813958ba9d71b73295131,riken,PCIXSTFFMHVOMF|TUFDSEMWRYIOBO
d68fc1844595a9d1646b964f,massbank+riken,IKGXIBQEEMLURG|KYQZWONCHDNPDP|SJBUJXPYPGGORF|WQLVFSAGQJTQCK|YISCNLZAUIZSOA|ZQSIJRDFPHDXIC
d6963b9b676e54becce7e8ce,pluskal_ms2,XVZWLQXESCERMO|YAFCYESBJWJEMX
d696c09ef461b829fc60ee45,pluskal_ms2,MVKYOLZBOLVKTI|YRTWPPFYURYSSC
d696cde42a0832c5c5ac71b9,riken,BYYDEEAJCDGLER|KRKNYBCHXYNGOX|KVOJTUXGYQVLAJ
d6973cde5be9fb75fbc4896e,riken,SQMGCPHFHQGPIF|TXLUXHSVMYTTCI
d6a61c5b07b8030869486adc,riken,JXCIHLUSRQSSRY|KLXHCGFNNUQTEY|SQKPHECGTGXVQW|WTLLIAVPAMWKOT
d6a68739a61f8cf3b8be2415,riken,BPXIBBNVQKIXGG|CLITZDLAUPSELL
d6a9e02b888ba999fb6b7323,riken,LLMCZIBSELEBMK|LTMHDMANZUZIPE|OGWKCGZFUXNPDA|QTEXZXUEISELDK|VYIKEBWUZLHWQK
d6bbbf921e6ac66cd78d2f18,riken,MLEBJDOVTWPMQD|PWAOOJDMFUQOKB
d6bef935ac9074f4925f3a7b,pluskal_ms2,CJAUFOVBHHUUKK|WGZJUIFMNFDPBT
d6e25d8a9c1905daee2bb962,riken,JKCJSQKIASUTKA|NSYZCCDSJNWWJL|QDBWYYHWAVXSRF
d6f389d9515467e86cccbf3d,riken,MQDDJIPAADLFAB|SMLTWMLPLYCADB
d6f97e25ceec769ed7abb8a3,riken,HULPONUAINYLQQ|OTVKQJMSEKQVPA|UKUDZBHSBMEUCJ|YDDUMTOHNYZQPO
d6fedd7d80718cdc068259da,riken,OOIMOWCIYNEWCF|ZYGHJZDHTFUPRJ
d7120c3413dc2f8262992d3c,riken,AGBCLJAHARWNLA|CDYBOKJASDEORM|GQRPJUIKGLHLLN|HPSWAEGGWLOOKT|PYXFVCFISTUSOO|VZKYMUDKBYLYJH|YBCOIJNAMJAFSO
d71c1192725068f87a8d38d0,riken,COCNDHOPIHDTHK|MDWIGGAVQHTZTG
d722de441a6893b82e5f4eda,pluskal_ms2,DFSNUDFNCOQUSJ|LXVCQCRSHWSFRS
d73fc8177bc7d6717fd6f877,pluskal_ms2,APIIIPKQPKSIHU|YPMYAACWUFNTEB
d760e0722e1e920109245ba2,riken,YSIFYNVXJOGADM|ZVXWFPTVHBWJOU
d7643e8134ffd86acbf3b109,riken,QJCKSTTYTCSITQ|SPUDVSNUPBWEKG
d772851d57c4e5f1989c2a35,riken,JWINIHBXRZXFKL|RCTKRNCKOYYRIO|XGVBNFXVLFKPCO
d779d6fca4fa3e1409b7c20e,pluskal_ms2,NORQADGNSINJPG|YCJUEZLNSCUITH
d77cc8641ee26603fc99d590,pluskal_ms2,MXTLAHSTUOXGQF|VZTUIEROBZXUFA
d77cd8a0242baaef39af5e40,riken,CEBXXEKPIIDJHL|NHZLNPMOSADWGC
d77f44123deb7b9467b40365,riken,CQLRUIIRRZYHHS|DUAGQYUORDTXOR|HPWWQPXTUDMRBI|IFHIOGDNVIBBEG|IOIBVYOJSLAKRI|KBMOUMVVDXEABW|KSGGQJQFYBWKMO|LATQZYGIAROYHX|PBSOJKPTQWWJJD|PEWFWDOPJISUOK|PGOYMURMZNDHNS|RCKVHVSVSXHFLH|UEXLXEOCAYUYCI|WBHHMMIMDMUBKC|WBMOUMRUWNKLGQ|WVULKSPCQVQLCU|XFYYZBJXMSDKCV|XRCLPWMEBOMKMG|ZZXJOMSIUOUAHV
d77f8e6aaaf9302a184a3662,riken,AJSPSRWWZBBIOR|XDROKJSWHURZGO
d785503b294bd3440b1f9132,pluskal_ms2,ITRDWSJZKFTSEW|QMIOWKHMJRSGKV
d78cd4587bfde48e1ce51c48,riken,QBILRDAMJUPXCX|QUQPHWDTPGMPEX
d7961bf48d7c063dc12d5b61,riken,HJRVLGWTJSLQIG|PXJBXRNJLOOPSH|RFRQHBOLMUEMMH|UQCUBQIHIKJPHI|XSQFDXNJFMCRGJ
d7995646609515c91c76fb08,riken,AXTZJFBZXCJFJP|FIQGQTITXPTKIY|QTEXZXUEISELDK|QYGUYHZAAVMQBV
d7a82b9a7cd87e6b8bd6498a,riken,AXTZJFBZXCJFJP|WBHHMMIMDMUBKC
d7b666f37f131fb52dd953ec,riken,BUBVKRMIMSPLND|FKSGZFHITNNKNJ
d7b9ba8388a0225d32d5dd09,riken,FJQKXKNZQQBTDD|HAYLVXFWJCKKDW|JNNGEAWILNVFFD|RPYHJEFMMXMMHG
d7bd844e6d8de1715d731ca4,riken,QOMBXPYXWGTFNR|TYFKYDTUEMTUNY
d7bdac9537f6e0eded5d0ef2,riken,AMOGMTLMADGEOQ|FVIZARNDLVOMSU|KGEKLUUHTZCSIP|QZFPLCRYJQKPRY|RPYRMTHVSUWHSV|SFLMUHDGSQZDOW|WRPAFPPCKSYACJ|ZYEMGPIYFIJGTP
d7c2bc13ea2f5e93c4949ecb,pluskal_ms2,DYUOZQXMTYUSED|KQSVEWNCWPLKQV
d7cf1468c0f05308e510efa9,pluskal_ms2,KNQLSUOMNGGBHQ|VWXRPZNKDNXRQB
d7cf5370aef67a8dcfb911a2,riken,JKQXZKUSFCKOGQ|MIJYXULNPSFWEK
d7d05c0e94741f87e0a6c397,riken,AGIQIKMGJVLKMA|HZIBYJCDCHVSPK|SFEUTIOWNUGQMZ|UAPZTGRENZINFN|XYYAFLHHHZVPRN
d7d7c1caefa177763958bb94,pluskal_ms2,LHKZIVMTXZLOTP|ZPEFYJBGAZLAKK
d7dbde2b1d281d512c99d3ba,pluskal_ms2,ADRSZIQSSXPARX|LGYQUCCBDIUAOE
d7e37fea7d6bf98d8985224c,gnps+pluskal_ms2,BKCDJTRMYWSXMC|BLQYVHBZHAISJM
d7fb94bb6c8d969dff2885d9,riken,CXSXBHMYYCPTHP|FMIMFCRXYXVFTA|HMMGKOVEOFBCAU|OKPSCKUJXYCMPR|SDHTXBWLVGWJFT
d803c91ca3e9f210007fa899,riken,HJBUYKZTEBZNSH|NVWVTCBSXIVCLD
d811df84a37e64901194e10a,riken,AHKQEBQUOMPIFK|LOEYOYHSBVAUQU
d81cd53acbb88e1f2a77294c,riken,BZKDCAIDWFPAGZ|HWYBGIDROCYPOE
d820f42aa59a0d1f8f1fc21e,pluskal_ms2,GKBZZGLJFFTARM|NXEROWMPYNQHFS
d836b9f942a722f9911c5c7a,pluskal_ms2,MBHXABZAPUIOEK|QRSQCHAMGNNKHE
d8411f7c5be111173b970b1e,riken,CDDWAYFUFNQLRZ|DKKJNZYHGRUXBS|FPUXKXIZEIDQKW|GDXJMOGWONJRHL|GHKISGDRQRSCII|HJRVLGWTJSLQIG|HNJZOHHIXSIJFG|INIPQDKLXQHEAJ|JDIORNFCMMYMLF|KYWSCMDFVARMPN|LLMCZIBSELEBMK|MALFODICFSIXPO|NIKHGUQULKYIGE|NMLUOJBSAYAYEM|QJKMIJNRNRLQSS|RKFAZBXYICVSKP|ROTMXRXTGVWUHF|SSBZLMMXFQMHDP|UCDVIBNDYLUWFP|WYDPEADEZMZKNM|ZJDFNIHQCHHZGU|ZSBXGIUJOOQZMP
d8572cabb5c24b3479553591,riken,HCGYMFPNEDDKQY|XRDJYSVGPBJZSG
d86a976317113bf13de259f6,riken,JYEDISZKFNNREA|NRPKURNSADTHLJ|QWNQZWRFKIHTPL
d870ba51d0cee99f56b3f8ad,riken,IQDIERHFZVCNRZ|ZDZSFWLPCFRASW
d8790a302e15d3e3798f72a2,riken,JRIBPWOXWIRQOQ|OVMFOVNOXASTPA
d879552cc384534ce7782ea8,riken,URRIQHWWGFUPHG|ZMGASYMGJSMVHC
d88036b59b82820502a74ca1,pluskal_ms2,NCCUROCZYCSKOD|PEELMVUBOGZJLX
d88c60b73cdf4fe1d989093b,massbank+msdial+riken,CLEXYFLHGFJONT|DQRUOTCFENUXKV|IMKJGXCIJJXALX|JKQXZKUSFCKOGQ|JPJDIOVDAAVUNF|KVOJTUXGYQVLAJ|MODKMHXGCGKTLE|NNRLQJLRICHBII|OENDLJKSQNVEAL|TZRNJQYCOSMOJS|WIQRCHMSJFFONW|YDELUYNKSQLCJK
d88ebda5d52937e2eb957219,pluskal_ms2,ZVHOWOOSYYGYTN|ZYSNXDPBGBUEHH
d8912113e313cfea25124b56,pluskal_ms2,NBEYHLRJNTUBRR|VLMKFWSYRUZNGC
d89494b207583fb8f49950da,riken,ARPGURKWJGBPTN|BJJCTXDEJUWVIC|NIQCNGHVCWTJSM|RWSXRVCMGQZWBV|UMYAEKVHXDURJS|XHALVRQBZGZHFE
d89ee74f285490701cbb21c7,riken,JZUOCQXDQFRPAF|NGPDZEACIWDCKX
d8a27e184a01263d2ca183ef,mona,DYSDOYRQWBDGQQ|VQAYFKKCNSOZKM
d8a63c7d7b47c79279bd4881,pluskal_ms2,QABQLDMYSFXIAI|WCTOCHMQEXSMHW
d8b052e9a226648c0c3e7d0d,pluskal_ms2,BPBCHSOBQVPDKG|DPYYBUMNBGGGJQ
d8b1db998a9d4c02ec02da96,riken,DEMKZLAVQYISIA|INBSFHNHCNZEOY
d8b55d4b665c112e3133f4c9,pluskal_ms2,MBELGAQBYWCSAX|QULYBEMQHFMVJL
d8bba2cfcd37d936a9d8660a,pluskal_ms2,NBEYHLRJNTUBRR|VLMKFWSYRUZNGC
d8be503459a7008407a56cfa,riken,KZMACGJDUUWFCH|PAXNVPZJVMRVBU|QUQPHWDTPGMPEX
d8beab3c1e663ca7f8f33f38,riken,GMBQZIIUCVWOCD|LHDWRKICQLTVDL|WRLXHKDQSQMWSH
d8c25c0ba5f530b14e108093,pluskal_ms2,BPPZFJOSNPTQQL|MFIXSSKQHVPACQ|OLUWYTLKTXVLNF
d8c58c1269dc34c4035644e0,riken,CMDLPOPJXJYAMB|IHLDCUQUFBWSJU
d8dbc46559dee5fb003f8e32,riken,TUUXBSASAQJECY|ZEASWHWETFMWCV
d8eea74c75de8763e544eebf,riken,GMBQZIIUCVWOCD|ZEASWHWETFMWCV
d8ffa09483751a096d396ff5,riken,JKQXZKUSFCKOGQ|MIJYXULNPSFWEK
d903ba2dc36d14c901ea225b,riken,ASLHXRONSASUAK|BNSKYFUGMLMCLM|HVYWMOMLDIMFJA|JOGLPTTWXBWTKD|NRNOIJZZYJOCDE|OQZGLOBKVNEEPK|RFDAIACWWDREDC|SLJTWDNVZKIDAU|WVULKSPCQVQLCU
d9219b73ae1c66e725253425,riken,DEYFVOXDNWADAV|NJPDRQDELKMUTI|NRPRPSMFVBRREK|PJTYPIGQKDTERS|YDQJABBOEPTJBN|ZHYQCBCBTQWPLC|ZTVSGQPHMUYCRS
d924964c5a7038a14084c773,msdial+riken,ORXQGKIUCDPEAJ|WDGFFVCWBZVLCE
d925b54e77819d5b34e60dcd,riken,ALPSEMFPAVSKJO|AONBXCCYURJCAY|BXKNQKQIBKBMIZ|CMQOKNQYLSMKJC|CQGUDVRRZKLXFR|CXCKOTGRTPLISC|DMAOFWOOOIHKPU|DUAGQYUORDTXOR|FHHSEFRSDKWJKJ|FNDTZZIWWYSDAH|FTVKHUHJWDMWIR|FXFHFOSEURHWMO|GDHMEZCJJXUPRD|GFPLPBCJRRNZHM|HCKUIVZXCXTBEH|HRHHAUYCXBULEA|IHEJMZHKJYHVFF|IRZIRGSTEJPVHR|IYOACTFZIFFILK|JDCPEKQWFDWQLI|JLPDBLFIVFSOCC|JRAZFLUTTVOOOC|JTYYHSPDVLJFOJ|KILZIJKCZIGLFJ|KJNAEXDMQJHQJL|KKMPSGJPCCJYRV|KVOJTUXGYQVLAJ|KWDWBAISZWOAHD|LFEUICHQZGNOHD|LHRODNGBSOEBAU|LKBQICPDNCGJOH|LSHVYAFMTMFKBA|MLEBJDOVTWPMQD|MVLZRHJIQUMZRO|NKMVPHNGKMCDLC|NYOGAOMLDBVPKF|PHEDXBVPIONUQT|PWAOOJDMFUQOKB|RBFNEOONBAEQRW|RGNXWPVNPFAADO|SIBYGGBNBRCVQI|SLEOSPFLNGKQLW|TVYGDDMZPBKRPM|UEYGJVBTDVJSNP|UOJAEODBOCLNBU|UQCUBQIHIKJPHI|VAMJZLUOKJRHOW|VEUCARGUUJVDOF|VVPXASQNOLYBCR|VVWFFNXZRDYJPX|VYQZKFDYFAVOLO|WKBWYWJYOAONEI|WKWFEHCINVBVSW|WMEBIWWUBWHAOJ|WNGVOVVMNRIJOX|XDLBSNLAIQNWON|XRCLPWMEBOMKMG|XWVDGILSBKLKQW|YFPMXVUCUHZMPA|YTWLZXBVJMNCIR|ZDOTZEDNGNPOEW|ZHOMOKSXIMUJFE|ZRBFCAALKKNCJG|ZWSIWHQVFBSRPN
d9273db8883b8a31b87c4f69,riken,KGNGTSCIQCLKEH|MUVGVMUWMAGNSY|ORBKWGMJLDNPAA
d92b0865e9823b0c18d94438,pluskal_ms2,BMCAADNYJSYKBY|FQECYODDXMQVMR
d92b7e05f16338d80df544d8,riken,DXPPUWBUOSSSAV|FVWJYYTZTCVBKE|MKQCLTNEQAMHGK|MOIJAHWAZFJXSM|PAXNVPZJVMRVBU|UYXBVRMASFBLKM|ZZXJOMSIUOUAHV
d92d95e0ef97212051ebc0e9,riken,FPNIDMZXMYSHOX|UDUSXFYYMKDBSJ
d93f0121bcdf23e8dbd01280,riken,UGHXSOJROIYABR|URMVEUAWRUQHON
d9469b6d72e62e8ccd2913bb,riken,OGBMVWVBHWHRGD|PEYUIKBAABKQKQ|YJGVMLPVUAXIQN
d9491d80736e43ab7aae85d0,pluskal_ms2,SIVKHOSFHOJITQ|YFISZQQDGWSXEE
d9514a7a5faf14908e696439,pluskal_ms2,DJKRODZZJZNBHP|ZPHVBUQWCQILNB
d95a23ac68bf7c1fb6ecde7c,riken,JXCDWBSOTYSNDX|VYQZKFDYFAVOLO
d95afd201b6e0dcc038fbb3a,riken,URMVEUAWRUQHON|WZUVPPKBWHMQCE
d96e48683bb803a6534a5f86,pluskal_ms2,CYSUIINROVMDJX|ONHPDZODNAKPDV
d9822e83229858ed18575f88,msdial+riken,BGEBZHIAGXMEMV|QXKHYNVANLEOEG
d9908dd5779e15d19dca9765,massbank+msdial+riken,JZUOCQXDQFRPAF|PVNIIMVLHYAWGP
d995f6f4bec0cff0c080af70,riken,KTEXNACQROZXEV|PXQNZQURQNZGKZ
d99c704cfceeaee56ae1c3b1,riken,ALYHYIXFUOUIHJ|FFDULTAFAQRACT
d9a1d0146ce833022ada8609,riken,OHCQJHSOBUTRHG|OMQADRGFMLGFJF|RAQNTCRNSXYLAH
d9abd693d11129a15dab1409,massbank,DTPCFIHYWYONMD|YZUUTMGDONTGTN
d9b00f8e44ec5edf8bf41b3a,gnps,CEAWTEFLCWIYNQ|GZTPCINTRJLOCU
d9b169722cc29012f70611b5,riken,GMVYLXBMPRDZDR|KXVRUTRUTLGTEP
d9b50e27968408d0ac095563,riken,IMQLKJBTEOYOSI|YURJSTAIMNSZAE
d9c41cca305f6a088c6b2d3a,riken,GLQYFMRUYWFXGT|KXHCYYSIAXMSPA
d9c8b39ff7bb4aeb33d2ac27,pluskal_ms2,JUUDNBKOOJEVBA|UTKXNPBRSKXJEW
d9cb205c43c2b34f4e0334b8,pluskal_ms2,GTOZLSBCFMDWIZ|IHGVAVLSTPCCJP
d9d76bba9a854a753d174819,pluskal_ms2,ZAFCVSPWRSRKMO|ZOUUDYRXEPFXDI
d9d9bfd4520ea3c63fa18654,pluskal_ms2,DIBDSGAMKSCUJK|IQGBWKOGMWUSSG
d9e2d424cef5eb125fc0aff5,riken,FYBYDIARZSHLFJ|VEVZSMAEJFVWIL
d9ed8ecf3c13c07703c69525,riken,CQJGDYZEMIGJCJ|OSELKOCHBMDKEJ|QEEBRPGZBVVINN
d9fc7e17f74560aa6abada65,msdial+riken,APJYDQYYACXCRM|RHGKLRLOHDJJDR
da0a04b0f826fdfb0ac9a3b0,msdial+riken,ADPBTBPPIIKLEH|QAJOWHGESRCVLY
da21882a889db42d1ca4509e,riken,KJHRDNNKNHKYDW|YQNLTBIQEYMXGA|ZWGNVZAUBOCVRV
da2f43c2b417a4f24fd3dd63,riken,BDXYPHKGNUGUFG|MCPFEAJYKIXPQF
da30a0c3fc1fa671c85d1be9,pluskal_ms2,HLVMFYYHDCYEJN|ZIVPFRGMWMFDPI
da592ebca6e88d4c71d14f3d,riken,CEUOJNPNKKLCDB|FOUMOIACEBZYPT
da5cbf95cf3b70bda87a71a7,pluskal_ms2,CKLJMWTZIZZHCS|KSTJOICDZAFYTD
da65196ab902865168b2cb26,riken,AYWNHWGQTMCQIV|PZMKVXLYUUFZPT|ROLIIKCIEQNTMT
da69008e2957dc26ba80b09e,pluskal_ms2,CJZQIBXSWCBDHI|PHOIWKDWWOGHBI
da6a5991028201a0df2a279b,pluskal_ms2,AFZNMIWQLZFBKP|GJDZZCAMKXIUQV
da96f610c2b4f5aebd677df4,riken,DFDVWAJDFYYBAC|FHHSEFRSDKWJKJ|MBWUSSKCCUMJHO
da9851aab7967b5710c85d5b,riken,BWHZPGDZTFVUJN|MQDDJIPAADLFAB|OBVFJCCARDWRFB|RTNZWGMBYCVCPK|RWXIFXNRCLMQCD|WAZQKBSNIFTXNV
da9c0b748c879c19ccae1424,massbank+riken,NESMDKFCXPKLCY|VPRBWEMXTXPBEY
da9f8acb3766537016ff39a2,riken,BYEKJUATVGKCCZ|KYPPZUHEYJBGDV|OVBPIULPVIDEAO|UTGUKTQOTCXQJK|VLOLGVKDVDYZDC
dab1eed8eefcf52dda18447a,pluskal_ms2,ODVNZGWKVMHJKU|QHGGIVGWNVNMDX
dabbd1f0e0365c4501909433,riken,AWOGQCSIVCQXBT|KMPWYEUPVWOPIM|LBTVHXHERHESKG|QLJNETOQFQXTLI|UFCGDBKFOKKVAC
dac91dacd26caca7b216933d,riken,FRMCCTDTYSRUBE|IXODJGLAVBPVSW|KTZNZCYTXQYEHT|NRPKURNSADTHLJ
dad9d6fc5a1e56b9d423a400,pluskal_ms2,CQNDWRCAXXGMFD|ULUVSAUIWNKOPX
dae78fa4110aedda9b0df378,riken,HDWHBDOGVXCYAX|HMKTWGVEVBAHME|VQEONGKQWIFHMN
daf5f7efe3df3577efc7a20f,riken,DJDRQIXLFYUYAA|NLOAQXKIIGTTRE|ZUADKIVUCPFXDX
dafa7c507fe4b4db3367a905,pluskal_ms2,ROLXKNVKUSEZFO|XNHRGYMFGWBADJ
dafa860ffa5b35821fa0ac31,riken,JUZGXATTXYZBGK|XLPAINGDLCDYQV
db0da808d0018cf8ce42e203,massbank+msdial+riken,JVTAAEKCZFNVCJ|PVXPPJIGRGXGCY|WQZGKKKJIJFFOK
db11f320a97a1d5d1f7302f7,riken,DAXYUDFNWXHGBE|DYOKDAQBNHPJFD
db2061d576f9f4c73bb15439,riken,CRDAMVZIKSXKFV|DDGJUTBQQURRGE|FCCUWKPTCIBKQH|ORBITTMJKIGFNH|QPAKXSCQEJXHSW
db313d57be16cfcb71eceef5,riken,FTVKHUHJWDMWIR|OUGNWRCWQLUXHX
db3acf45985ddffb760fdd5f,pluskal_ms2,IUXMTYJKGIMPHV|MHYUNYWLDKJMRL
db3e6ab83c800f1803b0b488,riken,NTPLXRHDUXRPNE|PIYIRGGWVHVHDV|RLWWKLWEBQOOAB
db4952ca7463a21c2450e9b3,riken,HOEVRHHMDJKUMZ|OIRDTQYFTABQOQ
db4ca6c16e8397a9f4b2af87,riken,MONAOJUXJOXWQB|WJTIKZWXSWMEDO
db64e08245516314a5faccf2,riken,RJXQOURJIQZYIP|TZXKOCQBRNJULO
db667b204931f28d70eda21e,riken,KYYVQOBRDDFWEX|SJJRKHVKAXVFJQ
db6ac0a0a7cf281c755662e8,pluskal_ms2,SAUZXUNTWRNGJU|SJXUBMDSTDDEOO
db7029712c5f7d412f8951e8,pluskal_ms2,DBOUYKVZAOOEBJ|NRCBCYLHFAVANS
db73746445d3781b4222221d,riken,OJYKYCDSGQGTRJ|YFIMUDXPJZVJJO
db8df350c27b6b6462331ffd,riken,BOPIMTNSYWYZOC|WTDRDQBEARUVNC
db956c873d09e029b12dd5a2,riken,LLZGAVAIPZROOJ|RODXRVNMMDRFIK
db95ee9f3a674a079c9a0530,pluskal_ms2,AANLHOVYRNPCCG|OIHXHHOMMLHVNS
dba53dad63ae70ebc2ef6632,riken,ANKZXIMZBGQTDU|WSBDCEJEINRUML
dbc091e700727439ecfb26bf,pluskal_ms2,FLHUJBKBZZRVCG|VNHOPSNATDRMNE
dbcae67c505ed854d2f7e772,riken,CIUHLXZTZWTVFL|DIEUZIPSDUGWLD
dbe65c9f90e32513cfaa2854,mona,SKIVFJLNDNKQPD|TXCGAZHTZHNUAI
dbec57e860c33db70f01478c,riken,VSNATUGVSVGFFN|ZZXJOMSIUOUAHV
dbecf29fc09c6183dda90451,pluskal_ms2,ADXGNEYLLLSOAR|LQHDJQIMETZMPH
dbf44136efb6e44bf1cbb7a1,riken,DBJLNNAUDGIUAE|DQYACEDUQHWXQZ|DTNSOISBYQKHCS|HLKOGABKYAJUAW|HZIBYJCDCHVSPK|IPMYMEWFZKHGAX|JLJAVUZBHSLLJL|KIZBWUUJNJEYCM|KKMPSGJPCCJYRV|NGFMICBWJRZIBI|SHCBCKBYTHZQGZ|SOVOCMGDFRGRKF|VGSYCWGXBYZLLE|WBYJYPOPDKQBQJ|XFFOMNJIDRDDLQ|XRYVAQQLDYTHCL|YBCOIJNAMJAFSO|ZCEMXUNJITYHIZ
dbfe9d80fe6db062f352cd64,riken,GSSPKCPIRDPBQE|IINUIABWYMTUJM
dc017dd0f7f58a82f4be7795,riken,GVJHHUAWPYXKBD|PROQIPRRNZUXQM|YKNWIILGEFFOPE
dc103297e6fa52b5b9494ea2,pluskal_ms2,NAAMZGFVHDOIKP|PPJOASPPTJAFCG
dc170d6d2ebcdf979b0906e3,pluskal_ms2,FLHUJBKBZZRVCG|VNHOPSNATDRMNE
dc1900950317caa2ef8dba74,riken,HNEGQIOMVPPMNR|LVHBHZANLOWSRM
dc232c7e94959115e3390ba4,massbank+msdial+riken,DTBNBXWJWCWCIK|HXXFSFRBOHSIMQ|JYFHYPJRHGVZDY
dc28b2070df88ff8b152c7ae,riken,BTHCJHQOYFUIMG|FIGVVZUWCLSUEI|HCXVJBMSMIARIN
dc3b9b270fcd0082055a414a,pluskal_ms2,CTDUTUBPYHGECY|OPWRQUSOICEUQL
dc3ee83930c11e357343cc36,riken,BMCZTYDZHNTKPR|FPJQGFLUORYYPE|FXUVJKGSDBTXTJ|LCAZOMIGFDQMNC|OLZAGZCCJJBKNZ|RERVSJVGWKIGTJ|XPMQJVHMFLZDSA|YJWBWQWUHVXPNC
dc42a19a2d1dde996a5ceea6,pluskal_ms2,NMQSSBYLGGVTDZ|OHGVHQMHGXAVGR
dc4414806b0f4aaa9d66aa5d,massbank+riken,FIRDBEQIJQERSE|ISAKRJDGNUQOIC
dc46789a2c59deb5746e81ac,riken,QDBWYYHWAVXSRF|RNXZPKOEJUFJON
dc5c65735ace0c3cc1575952,riken,HUKSJTUUSUGIDC|UFMAZRUMVFVHLY
dc6ee96e5925565398583da9,riken,AMOGMTLMADGEOQ|CHACNMULAGKUQN|CULUKMPMGVXCEI|GOHMRMDXUXWCDQ|RETRVWFVEFCGOK|RPYRMTHVSUWHSV|SFLMUHDGSQZDOW|WTDRDQBEARUVNC
dc76022867a469355ea3ec14,riken,GVEICTMRUVWSCF|RYVQUCPUCSYNBC|XBFUIGXPVNIXDF
dc7746e8191eb046c39c02e6,pluskal_ms2,KADNASLNEZLISD|ORSCGZFGPRIFNA
dc8651b55a862a66be8e97b8,riken,KGGGRGBDMBZXKF|LCXREBMNASQAOC|NYSZJNUIVUBQMM
dc9711a90f08fe185e02db8c,riken,FPUXKXIZEIDQKW|YTZSBJLNMIQROD
dca1b0a4220f08ea980891fc,riken,CNHACNVJEKRLHF|DAIAMOGGSOXZSO|DDDXYRAMQRKPDO|DIEUZIPSDUGWLD|DKEZDPGUJMMUCC|DMAOFWOOOIHKPU|DXPPUWBUOSSSAV|FIGCRSATKGRFOH|FRMCCTDTYSRUBE|FVWJYYTZTCVBKE|FWVHWDSCPKXMDB|GHUUTEXYFBCKSM|HCKUIVZXCXTBEH|IUQOJESNSFQLHI|JKWDWVGZUYPALT|JXLYSJRDGCGARV|KHHOUARHSDWEKJ|KJHRDNNKNHKYDW|LSHVYAFMTMFKBA|MQUFAARYGOUYEV|MQYXUWHLBZFQQO|MVLZRHJIQUMZRO|NNDOCYLWULORAM|NVSLBOBPSCMMSO|PHFUCJXOLZAQNH|QBILRDAMJUPXCX|QBKSWRVVCFFDOT|QMNWISYXSJWHRY|QWNQZWRFKIHTPL|RYVQUCPUCSYNBC|SJJRKHVKAXVFJQ|STMOVYDUKPFEST|UEDUENGHJMELGK|VCWUZNQATFVWGL|VTRDANCBYRZCRZ|WDTAJXMIXADUTH|WOJKRRDDERNLBU|WRYJYFCCMSVEPQ|WURLGASLEZVNHV|WVRDOLPMKOCJRJ|XQDCKJKKMFWXGB|XRCLPWMEBOMKMG
dcaba956c7dccb42019b8f1f,riken,FURUXTVZLHCCNA|KGGUASRIGLRPAX
dcac178e237476c90091b05f,msdial+riken,BOWVQLFMWHZBEF|HXYVTAGFYLMHSO
dcacfd853203448272af18fe,pluskal_ms2,FJINFEYFWRSHHD|IBHWHGVQKKGSCA
dcb967d197c637e4da8dc58b,riken,BJYRNIFAMMOVGW|SGQLWFYYEYBZNX
dcc45d0f8d1da91833ee7929,pluskal_ms2,IFQGGAHTPJSUOS|NBEYHLRJNTUBRR
dccc4e2b2257dfd65bf66347,riken,KNGPIBWCWOQBEK|OYHQOLUKZRVURQ|QHZLMUACJMDIAE
dcd162fc36806adcfb003b70,riken,AZIGQTILUNTIQH|DCULYKVTBAXAER|JXCIHLUSRQSSRY|KLXHCGFNNUQTEY|KMPWYEUPVWOPIM|QVXHDRIBXYOKQA|UGJAEDFOKNAMQD|VJILFEGOWCJNIK|VPJCTVQKHIFWKJ|VYIKEBWUZLHWQK|WTLLIAVPAMWKOT|YCWDWJWRRMHVMZ
dcd4cb3fd963cdf1042f3914,riken,HAWSQZCWOQZXHI|NUISVCFZNCYUIM|SMLTWMLPLYCADB
dcd52f3f77618f4cfb6693ea,pluskal_ms2,CQNDWRCAXXGMFD|ULUVSAUIWNKOPX
dcdfe4f4b8b2e75969649c87,riken,OGEXJTAHQKIXJL|ZFNQFXDDQAEAFI
dce1056ceb37d08c667f31a4,riken,CWVRJTMFETXNAD|OIRDTQYFTABQOQ|OVSQVDMCBVZWGM|PFTAWBLQPZVEMU
dce482dcab7bdafae079cce9,pluskal_ms2,KUYVQSWGWXSHIU|QUHGNKPCKWIPCD
dce7f70af75a1a791098b036,riken,RPYHJEFMMXMMHG|YDQWDHRMZQUTBA
dcf389380cd98ca8041a5e8a,riken,HFGSQOYIOKBQOW|PEUUVVGQIVMSAW
dd05434c41af71497a28132c,riken,MRIAQLRQZPPODS|VFLDPWHFBUODDF
dd1474d3f4e58c5f7cb225de,pluskal_ms2,HNRPWGFGJPJRIF|YXKQETMOWGGWEU
dd26fd13b4b650fb571ac377,pluskal_ms2,DVLRECMMOUCAFS|YVCDSSYGGFGHIE
dd33542a9896fcffd79d01c0,riken,AWOGQCSIVCQXBT|DMDBJWPXOHROAS|DTGZHCFJNDAHEN|FOINLJRVEBYARJ|IDGXIXSKISLYAC|KGNGTSCIQCLKEH|KHUVRRVIZOSFTI|KLAOKWJLUQKWIF|KMPWYEUPVWOPIM|NBVTYGIYKCPHQN|NIQFOSSBJJDEES|PICOUNAPKDEPCA|PRZVXHGUJJPSME|QASFUMOKHFSJGL|RHJULGLSOARXMO|VOCGSQHKPZSIKB|WJJBQRNAMWKGNO|YFVGIJBUXMQFOF|ZSAUXCVJDYCLRS
dd34b0591b96ac1705377eef,riken,SQFSKOYWJBQGKQ|WZUVPPKBWHMQCE
dd35303bf5f6918213e39181,pluskal_ms2,IAGCHMSJCASFSZ|PMMBSTFHDDYYOE
dd56d7dbeae6d3f1a04e7518,riken,CITHEXJVPOWHKC|SVHJCTSSYQPWEV
dd61ea9172713a45232946a8,pluskal_ms2,MYRYGQYFYQIWAD|NHPNPGRWUFENKK
dd82b36df6324e7da667b450,riken,CCRXMHCQWYVXTE|NRPKURNSADTHLJ
dda3a43cc77810cec29e9ee7,riken,DCYOADKBABEMIQ|GVTRUVGBZQJVTF|LSHVYAFMTMFKBA|QCQGNTXXPCJRFZ|WMBWREPUVVBILR|XMOCLSLCDHWDHP
dda5fd0432977d3a4378f802,riken,GAZDXIGXYWVWQX|MDFCJNFOINXVSU
ddabaf59384d4d7ac966dfea,riken,DYOKDAQBNHPJFD|IDZZECHGWAZTIB
ddb1a21d601aa5a3ee6c4894,riken,KILZIJKCZIGLFJ|SVXJDTNFJXKATR
ddba3abf8a5cccaa0a9655fd,pluskal_ms2,FZDNVUUSLMMINZ|MOIVLJTXVOWXCD
ddc24c8bc0b3e3e7149643ce,msdial+riken,MODKMHXGCGKTLE|ZSEPUIQKPYEGEY
ddc32ed26956caac91ba2057,pluskal_ms2,GKBZZGLJFFTARM|NXEROWMPYNQHFS
ddc46287dd42bcfa92bacda8,riken,AJPTWUPZGHITLE|ALUBZGFIRHMLEY|BVLGDALJKFDSIM|UPADPCUOTDTWHH
ddc56b29fc580e4bf802a9ea,massbank+riken,OBZMXIHZRUNYOT|UXDFUVFNIAJEGM
ddd7bcab2fd0e0fef9109798,riken,AMOGMTLMADGEOQ|XLPAINGDLCDYQV
dddce0aa2936284e65687597,riken,DRTQHJPVMGBUCF|YLHIVIHHVKLKEI|ZCBNZTSUROPRKE
dddf665a69b15bad552c8b0f,pluskal_ms2,MLFSXHUGNVCALM|VOVAQGOCBYJSHC
dde149622053b11ebf0fe102,pluskal_ms2,PVXFWPQARAEBQJ|ZHTVSLUXXXPLNP
dde1ba1639845e61539aa5ab,riken,WSBDCEJEINRUML|XLRHKPTXMXNAGC
dde87cffb5ffa8f5723f085e,pluskal_ms2,QYENEJZFFZRKRV|XMZWMRWRPXRDHL
dde98ab1c74a900353bc151d,riken,ALTRINCJVPIQNK|DBUNRZUFILGKHP|FDASUPFDHLZNSK|FHKHGNFKBPFJCB|GMBQZIIUCVWOCD|GPLOTACQBREROW|HDXIQHTUNGFJIC|HQQUZVFMUSCUJS|IUSZMBXMNBITIK|KLPNFWKZLQAVTH|LXOPDILLGIDKLW|MMDUKUSNQNWVET|MMTWXUQMLQGAPC|MQLSOVRLZHTATK|OCZZCFAOOWZSRX|OIFVLHZEBAXHPM|OTUCXMIQUNROBJ|PXGWEUQZDRUMRE|PYJMYPPFWASOJX|QJPCKAJTLHDNCS|QVUPQEXKTXSMKX|RHJULGLSOARXMO|TUGWPJJTQNLKCL|TZJALUIVHRYQQB|UBCKYWKJKPMKAA|UIDGLYUNOUKLBM|VSUOKLTVXQRUSG|WRLXHKDQSQMWSH|WXMARHKAXWRNDM|WZAXZHIVHPRTIU|YCXRBCHEOFVYEN|ZGRZULFRVWCUPF
ddf330cd626bf23d46276c69,riken,KZMACGJDUUWFCH|VEVZSMAEJFVWIL
ddfc1a2902029d0746b879e2,pluskal_ms2,HLLHAJRFISSLTP|OTAXASXLOHHSEU
de04782fd9292b7c3fb34960,riken,GVBNSPFBYXGREE|IKGXIBQEEMLURG
de05d14fb16440d02bc0810c,riken,NTSAVLDATFYUQZ|XRQSPUXANRGDAV
de0b5e75eea35b42dd7d3cb0,riken,FERIUCNNQQJTOY|LCTONWCANYUPML|WPYMKLBDIGXBTP
de205ea1997f8a2f94045a38,msdial+riken,GYFFKZTYYAFCTR|UFCLZKMFXSILNL
de322283415832b0d5df0859,pluskal_ms2,FJINFEYFWRSHHD|IBHWHGVQKKGSCA
de397ee82a3007844629d5a5,riken,IPQKDIRUZHOIOM|MINDHVHHQZYEEK|RPWYCEBUPDNVLU
de3c5af55618938b9469a851,riken,JZNGEGWFNPRYBH|QGJZLNKBHJESQX
de566a71309472a8f05ed3ab,gnps,ACCFLVVUVBJNGT|UQTPDWDAYHAZNT
de5cb0fc123442982ce464a1,pluskal_ms2,BCOCNVVIORAKJD|HDBZZOVINYSWFM
de604fdba4440b64d4ad995f,riken,HPXCSOULTKVTSY|PMKXOQVXLVOSJT
de675edd0547d7793f66c3a0,pluskal_ms2,LWZDCFBWESPALX|PGBRWDIOAWHWOX
de8a82c54ccfdcab1045ad08,riken,IUKLSMSEHKDIIP|XTSVKUJYTUPYRJ
de955e88e9a7151ef9fa73f5,riken,DLBLMTCYISHWGP|KFEFLPDKISUVNR
de9c5e9ffa6ec074108c3052,riken,BJRNKVDFDLYUGJ|PXOYOCNNSUAQNS
dea18047cca0d4872be2f832,pluskal_ms2,IDDMDWMPBMJQJD|YISGEWIPSYUCLX
deab17cff723409b54fa528f,riken,DKEZDPGUJMMUCC|FELCJAPFJOPHSD|JBGYSAVRIDZNKA|PEMIXOORXAHUSL|RDUAKQUSLVHHOC|TYFKYDTUEMTUNY|VHXNKPBCCMUMSW|WTCVROXOIQEIRC
debc80f50e2f003f2ae0467e,riken,MDFCJNFOINXVSU|PDHAOJSHSJQANO|SKYPPFSYUDCEQR|WLWZPNRZKPGLTL
debcbdaaecef0e7732a9ed90,pluskal_ms2,PQSIXLOUDAFRSO|ZOWWBCZXWIOJOA
dec4d54958936271963a3690,riken,KJUYGRKBLRHDHL|OIRDTQYFTABQOQ|RFMIUACIHIWVCM|UVKYPKNCQJIGKV|YJBXPWORXXQARM
dec801f9fe89e2639dca9b46,pluskal_ms2,LHXHWXOZMWMRIT|RQHFFTJESXCIFW
ded84e6340bdcdfc029baedf,riken,JBGYSAVRIDZNKA|VJSCHQMOTSXAKB
dedd9719f44beb0904dca6a8,riken,DFPMSGMNTNDNHN|RDWVESCBQDRAAN|VFUPDGRCPOEQAB
deea197c7ff27c765d26e8d9,msdial+riken,KZSNJWFQEVHDMF|UYTPUPDQBNUYGX
deec73fab95ac5bd07b471a6,pluskal_ms2,IBWGYBLOTXJRTJ|WTABTGPEIIWEOZ
defcccf7b5103c1d49e1fb88,pluskal_ms2,FTXQMXYVEKCYAO|QHJHUTXUTFOAJX
deff13292442d57002070769,riken,CAGLGYNQQSIUGX|MXYUKLILVYORSK|RFMIUACIHIWVCM
df02484a675fb89bb1ada6b8,riken,HGJXAVROWQLCTP|RIXNFYQZWDGQAE
df134b0d34bbdacff8cdef3e,riken,ALBXKWVKHLBNIA|SHCNCWNJFICBJU
df1b882d006ec2454e85cdfc,riken,ASUTZQLVASHGKV|FVFSMBDVZVUETN|FVHFOJVXQABRQG|GRTOGORTSDXSFK|HPVWWHYNAAZHQR|HRYLQFBHBWLLLL|IUSBVFZKQJGVEP|JNRJLCSYIQFLDS|KEOITPILCOILGM|OIVDEBIGYOTPKV|OTJBXGAQAVEFCP|QNOIBYYGOLISPS|SWZMSZQQJRKFBP|VATOSFCFMOPAHX|VQQGPFFHGWNIGX|WRYJYFCCMSVEPQ|XSQFDXNJFMCRGJ|ZFXYFBGIUFBOJW|ZSBXGIUJOOQZMP
df23d6b5b99e74806b5ecc65,riken,OJPLCPBWIQWABI|XRARAKHBJHWUHW
df431f8e043fdc1dd31f16dd,riken,DBCAVZSSFGIHQZ|DLVLXOYLQKCAME
df48ffae795c108e0ea79e54,riken,GMCGZPQYTRHQRU|MZNIJRAPCCELQX|WBDNTJSRHDSPSR
df55220fdd10bbdb502c6273,pluskal_ms2,ONBUDYDHHLFSPZ|VSLJXCOWCRWREN
df63abef14e83e4f41630b15,riken,DFUXHMHWOWANRY|QUQPHWDTPGMPEX
df68117b8b4e1db40d8e0d40,pluskal_ms2,KDBDWGPULDIDTM|SZFAVNQMZHISJC
df789e82c1ad4047e4c3dc5c,riken,HYBRYAPKQCZIAE|INVGWHRKADIJHF|LCXREBMNASQAOC|MSSYPWFHLFBMMP|OZTXYFOXQFKYRP|TZUGIFAYWNNSAO|VZRKWGPIZJDNHC|XAIUTKHLNZBMEG|XSLKAKROJKMHIT|YVPXVXANRNDGTA|ZUADKIVUCPFXDX
df7aef6d0263b343adc35232,riken,AYEKOFBPNLCAJY|CDDHAXIBBPNNSQ
df82e4d3c0ab1ababa7daf8a,pluskal_ms2,QOULDAAJNHMZIQ|YVUFWUIPUHCKKA
dfa3ac93e1669b3099bff129,msdial+riken,FDGQSTZJBFJUBT|RAXXELZNTBOGNW
dfc46a3ca8ef9f3f49f8b976,pluskal_ms2,IBWGYBLOTXJRTJ|WTABTGPEIIWEOZ
dfd6dc101d8a715a6d68a030,riken,KGEKLUUHTZCSIP|OCDGBSUVYYVKQZ|ZSAUXCVJDYCLRS
dfde01d3002a7038ebcef2b5,riken,WACBUPFEGWUGPB|XMOCLSLCDHWDHP|ZKWQQXZUCOBISE
dfe1e1837d65d5f632cb8777,riken,MEHUJCGAYMDLEL|XVMMEYCPXZYLAI
e002b41f0f71dc7d11de167b,pluskal_ms2,DJKRODZZJZNBHP|ZPHVBUQWCQILNB
e00828808a977d5089785b5f,riken,INVGWHRKADIJHF|JKWDWVGZUYPALT
e0091cca8e1666d7d0a1c9df,riken,HAYLVXFWJCKKDW|RPYHJEFMMXMMHG
e00a9f9c9db0e5354f33fe1f,riken,GYFFKZTYYAFCTR|ITVGXXMINPYUHD|NCAZLDCEJHFJDT|SEBIKDIMAPSUBY|VAMJZLUOKJRHOW
e01308d077da1599f40ca3e0,riken,RAQNTCRNSXYLAH|YRCWQPVGYLYSOX
e01e56d6804a03086fa48fc7,riken,WSBDCEJEINRUML|XIROXSOOOAZHLL
e025bc8fd7c71c1c70bdc1f0,riken,PCZOHLXUXFIOCF|YOSHYTLCDANDAN
e03134bc923dbe2012355d38,riken,SYLIRTRYLBYOBO|ZBXWGKPUSLRPHX
e03192b359c5168328d85148,msdial+riken,AMKYESDOVDKZKV|LLHJXODPYGGYCJ|UGHBHGHMKLPTQY
e0387c8a5eed25a2923ed07f,riken,HNOSJVWYGXOFRP|IHEJMZHKJYHVFF|SLAWMGMTBGDBFT
e038bec7583cba4a62ba3743,riken,AOHCBEAZXHZMOR|BCIWKKMTBRYQJU|CGIBCVBDFUTMPT|YTRAYUIKLRABOQ
e03b49638dc9b33040bf9e53,pluskal_ms2,OQNLOMPHYCOESK|YAFCYESBJWJEMX
e044e7dec2b0908e2f5b368d,gnps+msdial+riken,HBXXDBKJLPLXPR|JPUKWEQWGBDDQB|RKWHWFONKJEUEF|ROQLTZUOXIQBDO|SBBFXSBQYRSIPP|SXYMMDGPXYVCER|USWXMMRFOWNEOR|VXHNSVKJHXSKKM
e057df82a3060c12a07913f0,riken,BITPRCODIALMOV|VOZHMAYHYHEWBW
e06690f533f3847fd568d81f,massbank+riken,AHKQEBQUOMPIFK|DPQMLPCFIOCYFY|NXJCRELRQHZBQA|PWWCDTYUYPOAIU|RYPQSGURZSTFSX|XBDQKXXYIPTUBI
e06a1b83bd84c4f87a4a240d,riken,VTRDANCBYRZCRZ|WAZQKBSNIFTXNV
e06e09eb57853143a4ad0134,riken,MYQKIWCVEPUPIL|SGTCGCCQZOUMJJ
e072cf14e48e0e6a2663fbc4,riken,UDUSXFYYMKDBSJ|WKWFEHCINVBVSW
e080e6976e12b00f970293bd,pluskal_ms2,FYAVKZAPDMHRQY|HDBDDEFTKCWERY
e08217bf56ae2cd5b79c22f0,riken,OCZZCFAOOWZSRX|SVXJDTNFJXKATR
e084386219be4c573d09f176,pluskal_ms2,BNRJQSFLRQUAIH|YYXKGGZPCAXLIY
e08fd751522a3a9363817257,riken,HZIBYJCDCHVSPK|LHZZULHOQSQSJN|LPHOGVFYEBRXSC
e0a81364e9c49d616e197999,pluskal_ms2,PQSUWWHLOPXHBE|XMFISXJBZQTOEQ
e0ab52a051d111cef45fcb0d,riken,BVIAOQMSVZHOJM|SCAGQTBCGKJURA|WTBZNVRBNJWSPF
e0ad060dd3d306f90a398514,riken,AJSPSRWWZBBIOR|JTUCCIJVUMWRPQ|LINCEHCWNRFISH|QNFJJLVWQARXHY|RRZXIRBKKLTSOM|UBCKYWKJKPMKAA|UEXLXEOCAYUYCI|ZMGASYMGJSMVHC
e0ade4b90a583cd0b5e6e590,pluskal_ms2,OQRHZAAKVGLWAJ|WAMDKICNFZXPIA
e0b103f9f9cb73b27d8779db,riken,ALZAZMCIBRHMFF|BXKNQKQIBKBMIZ|IAPHXJRHXBQDQJ
e0bc560294b4ae2485f5e7a2,riken,BQTYHFZQSAKNQU|DBCAVZSSFGIHQZ|GGQVPULXXVQLRT|HELXLJCILKEWJH|HJRVLGWTJSLQIG|HLOCLVMUASBDDP|HNJZOHHIXSIJFG|HVPKALQHGQMJER|KYWSCMDFVARMPN|MALFODICFSIXPO|QGVLYPPODPLXMB|SSBZLMMXFQMHDP|ZOUJKJNUAOXJGL|ZSBXGIUJOOQZMP
e0c0b8f883645629c088d81b,massbank,CKLJMWTZIZZHCS|DGMPVYSXXIOGJY
e0c2164eb78d8322fe013950,riken,NBWLCAPFQGXOGJ|RJXQOURJIQZYIP
e0c6798ac59d7ae90f73d0d6,riken,AYWNHWGQTMCQIV|BOJKULTULYSRAS|JJURGRVZASRDDE|KVKRFLVYJLIZFD|OUHBKBTZUPLIIA|PTDAHAWQAGSZDD|PXOYOCNNSUAQNS|ROLIIKCIEQNTMT|UVJYAKBJSGRTHA|WIONIXOBNMDJFJ|WRYJYFCCMSVEPQ|XOXYHGOIRWABTC|YAPQBXQYLJRXSA|YWJGYBXHXATAQY
e0ce40bfa5025a8ea76b71eb,riken,QELDJEKNFOQJOY|USSZROTZVDHBKM
e0d16709c5572ed7a2ec5175,msdial+riken,DUEPRVBVGDRKAG|WWROGCAUSKGAMX
e0d40e8e046451b6a07e2a99,massbank,CSYVMZMEBKUDRQ|TZIHFWKZFHZASV
e0eaa150f93b68dcb9f43101,pluskal_ms2,CYXUDQVIASTMEA|SYDYMJUELSZIBJ
e104ec3c2c9ceca0a4e3e783,pluskal_ms2,JUUDNBKOOJEVBA|UTKXNPBRSKXJEW
e10baf7c96bda7bb65f01412,pluskal_ms2,UMAUBHJCQBHBNO|URBVIUXMNISQPC
e10fee7c9e9f4eaade76ff17,msdial+riken,JMBINOWGIHWPJI|OCPITUSJSRGORS
e154688c2e2c003af22bc264,riken,NZNHJGNBLPBNLU|WURLGASLEZVNHV
e1584627160a491a36c0e79e,riken,LSHVYAFMTMFKBA|QNVWGEJMXOQQPM|SGTCGCCQZOUMJJ
e15903decc7956b8221fedf3,riken,FDRQPMVGJOQVTL|UWKAYLJWKGQEPM
e15a24dcd6ae2a39aeea0cdb,riken,APJYDQYYACXCRM|BZKDCAIDWFPAGZ|CDDWAYFUFNQLRZ|GDXJMOGWONJRHL|GRTOGORTSDXSFK|KHUVRRVIZOSFTI|MVCCWTMPDBIKCJ|NEMWYOKGHGSVSC|QCQGNTXXPCJRFZ|SBFHGLOFVRNGAB|SDGDWRYYHQOQOJ|UJZQBMQZMKFSRV|VJSCHQMOTSXAKB|WKWFEHCINVBVSW|XBRXLXOCHNGHBC
e1724bcf16129df93362bbaf,riken,WIDIORLKUZCAMX|WXDLBYTWLXNNTA
e175b8d92bb4d59b91b99bc2,pluskal_ms2,CEAWTEFLCWIYNQ|GZTPCINTRJLOCU
e177195c41dcd8bf4afdd83f,riken,FBSFWRHWHYMIOG|NVKAWKQGWWIWPM|XUHLIQGRKRUKPH
e189e1177e772aa5abb25d1e,riken,KZMACGJDUUWFCH|VEVZSMAEJFVWIL
e18b341a764834d1f2a007c1,msdial+riken,SBVBJPHMDABKJV|UGQMRVRMYYASKQ
e199becc7edbd0f8013f3c08,riken,FGJGLFPNIZXRLV|HLKOGABKYAJUAW
e19a9b5d49d18d39b67332cb,pluskal_ms2,CNXFTPKHMABMBC|GXFWCFLWFXJYCX
e1b4bc6314fd1e0235ea3343,riken,MMHTXEATDNFMMY|ZCEMXUNJITYHIZ
e1d5f53b6d0c6c72f0bbcc60,riken,QERHBVOJJKVACB|YRECILNLFWZVRM
e1eb53629df2d682f2ba4be5,riken,KOOCQNIPRJEMDH|OADZSFPWAGMTDV|QVTPQPDYCBHPCC|RETRVWFVEFCGOK|SFLMUHDGSQZDOW|UXYJCYXWJGAKQY
e1f3eebc0fb0ad4bda940711,pluskal_ms2,KUXXLZILBGVVLH|SQGYGJYLBBNULC
e1f9b37427c6f8eec7197d8a,massbank+spectraverse,AYLOUUCBACYHAB|XIIFQUNTUAQHKS
e20711e11f9ceeea6ab09cbc,pluskal_ms2,CVORYWHMUAVJIT|NKSUASKQZIZBIJ
e20f00e733750f0974e40265,riken,FOUMOIACEBZYPT|HNGNQFQJPOBLJE
e21717eb19d78b2c9fc91591,pluskal_ms2,IFQGGAHTPJSUOS|NBEYHLRJNTUBRR
e21b0a94cb7633c58b322a39,riken,CITHEXJVPOWHKC|GLQYFMRUYWFXGT|IHEJMZHKJYHVFF|KLAGYIBJNXLDTL|SLAWMGMTBGDBFT|SQOJOAFXDQDRGF|SWOVVKGLGOOUKI|UWKQSNNFCGGAFS
e220a5ab0d08a8f758bc540b,pluskal_ms2,WQCBMEONWKFYCS|XYIUVKBMNWWWAR
e236ec32f94218916d5e5831,riken,AUVVAXYIELKVAI|MXXWOMGUGJBKIW|SLAWMGMTBGDBFT|SVHJCTSSYQPWEV
e24f5225d5a17db1ce470731,gnps+riken,SWLAMJPTOQZTAE|VTWDKFNVVLAELH
e250935f7d747d9b55c8f4ca,riken,AFEDQRGFPHITIL|ZHOCWHLKCHVNGG
e255760dd721920e9051337f,riken,DEYFVOXDNWADAV|DJSISFGPUUYILV|FURUXTVZLHCCNA|KFVUFODCZDRVSS|KSGGQJQFYBWKMO|OFUWGCQDMVDLIR
e25bde3b77a85f1ab4f7183b,pluskal_ms2,FBPWQTPKRIOQND|FMTMJKIHEXJPOW
e267618059582e514483767b,riken,QBILRDAMJUPXCX|SKHJNNFXCKTDBG
e2697a23d88d1ffdfdb8435d,pluskal_ms2,IFQGGAHTPJSUOS|NBEYHLRJNTUBRR
e26bb82df2fdafa10ab679fb,riken,BQTYHFZQSAKNQU|DKKJNZYHGRUXBS
e27297d6424d6074c06df56a,riken,JMUOPRSXUVOHFE|PAFLSMZLRSPALU
e273836a02ac8d3e50760b1f,riken,MPXAWSABMVLIBU|TYFKYDTUEMTUNY|VJSCHQMOTSXAKB
e284154386369475ac351293,riken,CNVRVGAACYEOQI|RDPUKVRQKWBSPK
e28b642d796c6c6f04ecf303,riken,CITHEXJVPOWHKC|FBMORZZOJSDNRQ|HZIBYJCDCHVSPK|IHEJMZHKJYHVFF|LCAZOMIGFDQMNC|SVHJCTSSYQPWEV|WJMMBVSOQPALFO
e28f1937c2bff68479ff7841,riken,NACOJBQGIGOFFX|NNWMHSNRRWMMBI
e29167ddea937d1752b455b4,riken,AJPXZTKPPINUKN|SEBIKDIMAPSUBY
e2916b8f8450f2299b74b223,riken,CNNRPFQICPFDPO|DAXYUDFNWXHGBE|FQTLCLSUCSAZDY|RKFAZBXYICVSKP
e29b612ad7f600eb90ceba43,riken,AALLCALQGXXWNA|AQASRZOCERRGBL|AVXFIVJSCUOFNT|BCJMNZRQJAVDLD|DIEUZIPSDUGWLD|DYOKDAQBNHPJFD|FWVHWDSCPKXMDB|GSKWIWOAUZQVES|GVQOVMKBYJKZSY|HDLNHPZHTNFCNP|HGJXAVROWQLCTP|HJTVQHVGMGKONQ|IRZVHDLBAYNPCT|IXODJGLAVBPVSW|JLJAVUZBHSLLJL|KCKCVKAROJRVBA|NDUAXKHGCJIYEQ|QEANLIISUSNNDX|QWNQZWRFKIHTPL|WBYJYPOPDKQBQJ|WPPPFZJNKLMYBW|XMJAJFVLHDIEHF|XUCIJNAGGSZNQT|XWMMEBCFHUKHEX|XYYAFLHHHZVPRN|YKOPWPOFWMYZJZ|YVIVANDTNNUXRH
e2a6274fee5e7591c1fdc267,pluskal_ms2,JWSUYYYSEWWBFM|RWCMOQXHIDWDDJ
e2a810e0b0189c7d4289a6bd,massbank+msdial+riken,HSCJRCZFDFQWRP|KFJNVVJUICKJEQ
e2b76b86e99d5637eeba02ab,riken,IIWUQMDYQWUJCW|NDDIECMNVNWXSH
e2cec84cb7450e61d82f83f0,pluskal_ms2,IGRDGFVMWJUAHL|KUJKKCYLGZHIAH
e2d017857b5d6b093c719b0c,riken,AKNILCMFRRDTEY|SFLMUHDGSQZDOW
e2d87feb2ba5c537783022ee,riken,AJSPSRWWZBBIOR|YABIJLLNNFURIJ
e2dafb465d68b13f3f439d84,pluskal_ms2,ADRSZIQSSXPARX|LGYQUCCBDIUAOE
e2dbdc3aec31c91493619b41,riken,MLKQAGPAYHTNQQ|RPWYCEBUPDNVLU|XTLSKKJNOIMMBK
e2e94921e512a6e28d3ac0c2,pluskal_ms2,RZAZLALCJQVAPC|UULVWARUZBRKLD
e2fdaf4f037024385976d49c,msdial+riken,CWVRJTMFETXNAD|DEHBORUBJTWZSL
e30b8accf356a1564f1026cf,riken,ANKZXIMZBGQTDU|ASLHXRONSASUAK|CWGIHUKKVIGOGZ|DMAOFWOOOIHKPU|DQFZFJHZGAOITN|FKSGZFHITNNKNJ|IWMZZZKMYAZSLW|MORVABAHRWEVGD|OQDGBIQQFFTLKL|OUTJRQWSVYAHKN|RBFNEOONBAEQRW|REZRQXGLFNRJRN|RKWHWFONKJEUEF|SNZNSNULJBXKRP|VXHNSVKJHXSKKM|XDLBSNLAIQNWON|XQBZILVAQBMZFI|ZBXWGKPUSLRPHX|ZPVYCUMXKPNGPP
e310c94957b0efcb224914a1,riken,PRZVXHGUJJPSME|ZROGCCBNZBKLEL
e3120e30065bff98c7b8f9a6,riken,WIDIORLKUZCAMX|WXDLBYTWLXNNTA
e31406886ce54c57ccb5168a,pluskal_ms2,DMBDSVAUFNAKHL|OBUJQPRMTVEICT
e32221ce5800206198f6067e,riken,FBSKJMQYURKNSU|HRBGONPRSGPFMT
e33157474ca16f235b0272e1,pluskal_ms2,NFHQLSIRHVVGPN|SIUCWWPPXASGCD
e3318c1417efd98764b14824,massbank+riken,CQJVKYORMGSYFU|KBDKAJNTYKVSEK
e35121dddce458b61540cc3b,pluskal_ms2,ISGYBTOINXAQJG|SKDFIOGACUNWTR
e352133ba33de860f668c06a,pluskal_ms2,ODVNZGWKVMHJKU|QHGGIVGWNVNMDX
e35a99b04e82ac5fc621e6a5,pluskal_ms2,MEDLHXNJCIBFNL|SSEXMUKRNXSQFH
e36d3b1b63de235e5f0602c4,riken,QFJIQUOMKJNYLI|WHWWQGPCTUQCMN
e36e86774985a0581f3f79bc,pluskal_ms2,CWIHCHBWHUKXFQ|VFASMTWOJZTBQT
e385a72ef15cac86dba3c8a7,riken,SIBYGGBNBRCVQI|VHXIVONYTVLBSQ
e39295a966371c14fb5e4cb7,riken,QOMBXPYXWGTFNR|WTCVROXOIQEIRC
e3957d48c8763b1d68d5094c,riken,CVSVTCORWBXHQV|OIVLITBTBDPEFK
e3a1c5b296dadcdb2d788e51,msdial+riken,QQHJDPROMQRDLA|TZBJGXHYKVUXJN
e3b126af4401c2218db390eb,riken,JXCIHLUSRQSSRY|NFYYATWFXNPTRM|WVTKBKWTSCPRNU
e3c1360f13ce476ae4f96b27,pluskal_ms2,HHWABXGAQNCVFW|OZVZMPDVUMTGKV
e3c5f7e6eb5831012d5659a9,riken,MXOKGWUJNGEKBH|RKFAZBXYICVSKP
e3c797e271caca4fbd05e52f,riken,GVTRUVGBZQJVTF|HGXBRUKMWQGOIE|KAYMPWXMHIUNGC|KHWKLNXMSVVKCH|NBVTYGIYKCPHQN|QTVAYNGFFDZGDR|RKUNBYITZUJHSG|TXLUXHSVMYTTCI|TZAAYUCUPIYQBR|VXHNSVKJHXSKKM|WRXVPTMENPZUIZ|YJGVMLPVUAXIQN|YVWSYJNONPRMNI
e3ca56426c8955a22e5f474a,pluskal_ms2,BQSJTQLCZDPROO|DQDAYGNAKTZFIW
e3cd2c622dc71ca2d45d5316,riken,BDXYPHKGNUGUFG|CCIUIWFXXDCCOJ
e3da94f7adddd60c3e11b73b,riken,BNSKYFUGMLMCLM|HVYWMOMLDIMFJA|LMIKDUTVALJRPS|NRNOIJZZYJOCDE|NVCXJOMKWUGCGR|OOADLWBTJWWEHC|ZPVYCUMXKPNGPP
e3df6d2aef766c6c0260bea9,riken,AOHCBEAZXHZMOR|MCPFEAJYKIXPQF|RKUNBYITZUJHSG|VTDZPALYKJNMNV
e3e8bd30d66251097dffa07f,pluskal_ms2,CRVMDMUWJDBHRG|ZJCOLWRTVHBIBE
e3e927b1fe908219c3b74800,riken,JQEFRKPLHFKTFL|VYQZKFDYFAVOLO
e3ebf3779a27291e7ebc58a8,riken,IGUYXYURIISSQA|MINBUKAFVRAUDG
e3fb87550d95e28ce97f04c9,riken,GPLGAQQQNWMVMM|WPYMKLBDIGXBTP
e40c28faa29541ac29fbe982,riken,GSKWIWOAUZQVES|JLYBBRAAICDTIS|VGJOYFZLAIERID|VZTUIEROBZXUFA
e40d967cc8ce467cabe79dca,riken,RHJULGLSOARXMO|UBCKYWKJKPMKAA
e41424572e32f9755b20f667,massbank+riken,AJJMKDCAQHLJQF|CRSFLLTWRCYNNX|HLHZQJPJPNQANY|JFZHPFOXAAIUMB|KBMSVODXFLAQNJ|ORNBQBCIOKFOEO|RJXQOURJIQZYIP|RNXZPKOEJUFJON|RPWYCEBUPDNVLU|XTLSKKJNOIMMBK|YFPMXVUCUHZMPA
e418c487406cf5491f4059d9,pluskal_ms2,DJPUZFZJFKCELR|YOJLMXSXDFOSLI
e42131632755f956a7dd174c,pluskal_ms2,FBPWQTPKRIOQND|FMTMJKIHEXJPOW
e43a9101f2a53765e8f64164,mona,NQTHUXPTRCFUQT|YPHRNWDOWQQWOC
e43d7c7243692be9008d752a,riken,FWDOTPMBXZPVHK|LNMBUJUJPICZGH|OSJXTRFYPLXSCM|RCKVHVSVSXHFLH
e43fd021b0e1394b940b58ff,msdial+riken,HILBWEPXZDMOAE|LLDTYMGZAXZDDU
e4541bd629acdaff0205c2bf,pluskal_ms2,PQSIXLOUDAFRSO|ZOWWBCZXWIOJOA
e458a32ba51f7e05391d72ed,riken,BZKDCAIDWFPAGZ|YBNGMTPOCJXHDM|YNKJSQIXVXWFBK|YZNCIXVBVQRGQN
e46413f2e86de61d734dd699,riken,KSGGQJQFYBWKMO|OFUWGCQDMVDLIR
e4862bf8346d1b9f2c096421,msdial+riken,GEZBXBRXWZJSAV|PRAUVHZJPXOEIF
e486c75b14f53d4064ef0663,riken,MXXWOMGUGJBKIW|SWOVVKGLGOOUKI
e486daf308bef84aeda83c16,pluskal_ms2,IKSHXEFFYBSFGO|SQFVGVQJQQHFIE
e487adc1c4be09b43d4ad45d,riken,CYBWUNOAQPMRBA|OUHBKBTZUPLIIA|SKHJNNFXCKTDBG
e48c8d60a9dbddea63b20636,pluskal_ms2,ASRXEZIKGLIGGL|VFWXVTFDHYMRIG
e48cd2d55bcf0b8cdc38bb8a,riken,GFMYIOGFYYHKLA|HKODIGSRFALUTA|IDQUPXZJURZAGF|JVTLZBKMNDSPSL|LPEPZZAVFJPLNZ|OLARKEMZPWGFJU|QASFUMOKHFSJGL|SJWWTRQNNRNTPU|UCZJPQIEFFTIEV|UWQYBLOHTQWSQD|YVWSYJNONPRMNI
e48d6f173ccaa19aea6d555a,gnps,LTXREWYXXSTFRX|VKXWOLCNTHXCLF
e49633f6be36ab838df81877,riken,HGJKGQUGPACAGO|MLEBJDOVTWPMQD
e497ecd1c39f455422d5bd0b,riken,QNFBKOHHLAWWTC|QXKHYNVANLEOEG|ZCIAZFSKBUFPBI
e4aaeacbd59a80592994a5bb,riken,JUZGXATTXYZBGK|PREBVFJICNPEKM
e4b21da5ae29faafb43286d8,riken,JEKMKNDURXDJAD|XOJVHLIYNSOZOO
e4b5a583c474e91d819108d4,pluskal_ms2,WRLZUQKRFZQYDV|YLMGWNNPZYWBMT
e4c10480f924b5f95cb619ad,riken,RHJULGLSOARXMO|WYKUTTFFZMQCGO
e4d63a9a8895a2fe86591523,massbank+riken,DEYFVOXDNWADAV|DZWQPAFWILBODA|GBADBFAXAWZGHM|IFQVDHKHKVDYQC|JTTMYKSFKOOQLP|KSZOEOONASRENA|OJNRSSICLVGCRK
e4dc1b073dba5b3a4949b23f,riken,PRAUVHZJPXOEIF|YNKJSQIXVXWFBK
e4dc9b1858bc0486e4221561,massbank+riken,IEBFEMIXXHIISM|TZRVSGRFVXORLD|UGRZESKDAPEULH
e4df9e10cfc0c81e4fbb994a,riken,FXFYOPQLGGEACP|QGNJRVVDBSJHIZ
e4e05285537259a00ca963bf,pluskal_ms2,KRCOMOOXOZSNAJ|XNAWUDONOGZGEH
e4e25f31f87a47b35dd6e3ae,msdial+riken,FVHDZPDLOWZOOV|KUYOHDBLZSPZHG
e4f9f82f5232c4cc59032b44,msdial+riken,DHHFDKNIEVKVKS|YHGPEBOREJVMAH
e50a41399fceb1685a2b1f56,riken,KMPWYEUPVWOPIM|ONJRISGOJDDBNB|PEYUIKBAABKQKQ|QBVHCHNPFRRZHI|UXYJCYXWJGAKQY
e50b967f974f4a1c8abd7893,riken,IFHIOGDNVIBBEG|OYVNCEXQIRUPQS|YJUGKYOFRZOMIJ
e51615a1023115c4affbd1de,riken,HCUSLQJBGQJQCB|NPTOZJLCWXEGKK
e516bc984b9254fa74211a3b,riken,NJUXRKMKOFXMRX|YXHVCZZLWZYHSA
e529992bc34d50a6276be1cc,riken,BPXIBBNVQKIXGG|WZVMMFZPSBXGQY
e52e51eab7f4169247e05f1b,riken,KWRQPASKWCJCPI|UQCUBQIHIKJPHI|ZMXKPCHQLHYTHY
e55972f33dddfcd6e353d98b,msdial+riken,LVLNPXCISNPHLE|YGGXZTQSGNFKPJ
e55fe428111747c1f165cb6e,riken,DEMKZLAVQYISIA|GOSWTRUMMSCNCW
e560a4346d803fa58111c93c,riken,AZIGQTILUNTIQH|JXCIHLUSRQSSRY|SQKPHECGTGXVQW
e568e1e4166026e4f8ebc3bd,pluskal_ms2,ADRVHQUIMACBAD|ZTAWAXPOIPKSNV
e57b854bcd7c1cca44bd5ea6,riken,OTUCXMIQUNROBJ|WHWWQGPCTUQCMN|YUSWMAULDXZHPY
e58a7d119fb18663d48e49a7,pluskal_ms2,RZAZLALCJQVAPC|UULVWARUZBRKLD
e591c3b072d32a14a9082293,riken,SBGHXFWRTKOHQM|SLJWCCMDGTZEGQ|ZYBXFVWSQYBVRU
e5a2800f7969abfe49e4b492,riken,CIUHLXZTZWTVFL|CQJVKYORMGSYFU|DTNSOISBYQKHCS|FMIMFCRXYXVFTA|FOINLJRVEBYARJ|HDXIQHTUNGFJIC|IMPWMPCRAJNBMS|IPMYMEWFZKHGAX|IYRMWMYZSQPJKC|JGFCDHIJCNLFPY|JQEFRKPLHFKTFL|KKSYAZCUYVRKML|KRQDMAXNTWLTDZ|KWBPKUMWVXUSCA|LLJUCXMVRPAONX|MDAHEEBYLFVHSJ|PHLXREOMFNVWOH|QBUIDYLGKMWNEA|QWWPCQGHWWNGET|RJANATGWWPNKAL|RKWHWFONKJEUEF|ULZLIYVOYYQJRO|VGGSULWDCMWZPO|XFFOMNJIDRDDLQ|YLTPWCZXKJSORQ|YPWHZCPMOQGCDQ|ZBXWGKPUSLRPHX|ZEASWHWETFMWCV
e5aba00fb635638b31cb44a7,riken,GEZBXBRXWZJSAV|XEMVQWDHRXAQNR
e5b2e07f3601de9d61ce04cb,riken,VAXDAORNOMZREO|XYYAFLHHHZVPRN
e5bd6ae0fb40b149ec055049,riken,ODSSDTBFHAYYMD|PMVCHAWVCIWVLP
e5c6b608822a674252e69f2f,riken,AGIQIKMGJVLKMA|CQJVKYORMGSYFU|DGFVATVOFRGGFO|DTNSOISBYQKHCS|GMBQZIIUCVWOCD|HJTVQHVGMGKONQ|MYQKIWCVEPUPIL|NSEWTSAADLNHNH|OKPSCKUJXYCMPR|PGLIMMMHQDNVRS|RJANATGWWPNKAL|SOVOCMGDFRGRKF|TUUXBSASAQJECY|VWLXIXALPNYWFH|XFFOMNJIDRDDLQ|YRAQEMCYCSSHJG|ZRJBHWIHUMBLCN
e5dad9f4adf4cbf7e47ae35e,pluskal_ms2,BPPZFJOSNPTQQL|MFIXSSKQHVPACQ|OLUWYTLKTXVLNF
e5db81d92891f5840eabd818,riken,VSIAVKJNOAFUKA|YRAQEMCYCSSHJG
e5df0cdd514b4a7d7d099ca4,pluskal_ms2,ITKRZUCVBKTSGI|XCTUOBOQUJSQJX
e5f8f1526bba11da77c73970,riken,GAZDXIGXYWVWQX|IWMZZZKMYAZSLW|WHSZCJYHLPMLHS|WYDPEADEZMZKNM
e5fad6b3f05fff3a585c3203,pluskal_ms2,IFQGGAHTPJSUOS|NBEYHLRJNTUBRR
e60316d68effc0411f84d322,riken,CCIUIWFXXDCCOJ|LCOTUPXIQXPIPA|LCQLHJZYVOQKHU|OOIMOWCIYNEWCF
e61dd41b2a0b030fe5171668,riken,DQYACEDUQHWXQZ|WSGPLSDARZNMCW
e62904e910ec0aaf30e0883d,riken,KQKIBPHENIYGEF|NAUZBQMEOYSERD|VTRDANCBYRZCRZ|XVPVVWNZAJAPLF
e6321d3df8979fa16ff21236,riken,CNHACNVJEKRLHF|ODMURDDTNPVMMD
e632a4ebed6de2dfd084feef,riken,KQSFNXMDCOFFGW|QQKAHDMMPBQDAC
e634c151f308ed322c3ab31d,riken,AMBQHHVBBHTQBF|BBFYUPYFXSSMNV|CQJVKYORMGSYFU|DBOVHQOUSDWAPQ|DTNSOISBYQKHCS|DYHOLQACRGJEHX|FDASUPFDHLZNSK|FHKHGNFKBPFJCB|GHCZYXUOYFOXIP|GMBQZIIUCVWOCD|GPLOTACQBREROW|GSKWIWOAUZQVES|IMPWMPCRAJNBMS|IPMYMEWFZKHGAX|IUSZMBXMNBITIK|LLPRITPJQPQXIR|MMDUKUSNQNWVET|MQLSOVRLZHTATK|PXGWEUQZDRUMRE|QFJIQUOMKJNYLI|QHLKSZBFIJJREC|QOMMOFWDRUREMP|QQBFHNKJGBCSLG|QWNQZWRFKIHTPL|RKWHWFONKJEUEF|SOVOCMGDFRGRKF|VGSYCWGXBYZLLE|WHWWQGPCTUQCMN|XFZJEEAOWLFHDH|YCXRBCHEOFVYEN|YPWHZCPMOQGCDQ|YRAQEMCYCSSHJG|YUSWMAULDXZHPY
e63aeafd1ac56c6d0293a107,riken,BWHZPGDZTFVUJN|CZSBHMFVVLYIQQ|KGBSGBJFEOXATN|SCXRWQXEFHYUBB
e645b643b7b301fa5498c736,riken,FNMHEHXNBNCPCI|LKYNAQSYQLFTCM
e65cd0c38b77cd3de438e3c7,pluskal_ms2,ADPBWRONXXWBJX|PZZYVYJTEQDIRL
e6660c9e3615ea742492b6e3,pluskal_ms2,DBOUYKVZAOOEBJ|NRCBCYLHFAVANS
e66786daae7a7629160931cb,riken,AXTZJFBZXCJFJP|LKBQICPDNCGJOH
e6733735653288eaffdd1139,pluskal_ms2,MVKYOLZBOLVKTI|YRTWPPFYURYSSC
e67433035297140d4a31d829,pluskal_ms2,HOIPFGFVVVGLQS|ILLPXKQRQUSURG
e67596a6bbacb1a5ce5100d1,riken,FXFHFOSEURHWMO|LFKQVVDFNHDYNK|PHEDXBVPIONUQT|YTPBUIWNJRGZFW
e67da6b5f03472f1473d26ff,pluskal_ms2,DUJBGNHGEBLHHI|MVYSIIDOGIFTRC
e690bf68bf9ecc7e130fa682,riken,KMPWYEUPVWOPIM|KQJOTRBNSBFLSW
e6927b9c16e8d3cc82a4da33,riken,ACPAJGMMTDTAEW|IWMZZZKMYAZSLW
e69a3f105284eea93cb57e13,riken,ALYHYIXFUOUIHJ|GAZDXIGXYWVWQX|KFEFLPDKISUVNR|WYDPEADEZMZKNM
e6b3a51965e3ba30e6a60bdb,riken,WYDPEADEZMZKNM|WZRCQWQRFZITDX
e6b41b14916ffea365638e55,riken,GBLZBLJGCQTQMB|VOXZDWNPVJITMN
e6b5b8de9616c826850d8b61,riken,JWINIHBXRZXFKL|NGFMICBWJRZIBI
e6b86d1563572db8f80ff155,riken,LRWYBGFSVUBWMO|VKJLHZZPVLQJKG|YLHQFGOOMKJFLP
e6ba0bd4b377148a2532909c,riken,BLZGPHNVMRXDCB|RINHYCZCUGCZAJ|SOVOCMGDFRGRKF|VENRSYBHHVDBDC|VTLYEMHGPMGUOT
e6de5d429f9701c63a9c9155,riken,GRBHNQFQFHLCHO|PRAUVHZJPXOEIF
e6e0216c75ed0cfeaab91892,riken,JXSVIVRDWWRQRT|UVDQDNQWGQFIAO
e6efdf6842071f80d035f3fc,riken,DTBNBXWJWCWCIK|YRAQEMCYCSSHJG
e6f008d0dfea1f56bd327efe,msdial+riken,AEDDIBAIWPIIBD|QLJNETOQFQXTLI
e6f11b6a5880eac17cbdb587,riken,AMBQHHVBBHTQBF|ARFRZOLTIRQFCI|BSYHSWKTXMTFNF|DBOVHQOUSDWAPQ|DLIKSSGEMUFQOK|DLVLXOYLQKCAME|DTNSOISBYQKHCS|FHKHGNFKBPFJCB|GYIKGLVKALOGDP|HRSFCYYMBMDMOU|IMRGSWAJVVVYOW|IPQKDIRUZHOIOM|JBFOLLJCGUCDQP|JDOFZOKGCYYUER|KKSYAZCUYVRKML|KYELXPJVGNZIGC|LAFYUFZYMDYGLR|LHDWRKICQLTVDL|LIIALPBMIOVAHH|MMTWXUQMLQGAPC|MQLSOVRLZHTATK|QPHXPNUXTNHJOF|ULZLIYVOYYQJRO|WXMARHKAXWRNDM|WYKUTTFFZMQCGO|YMWRMAOPKNYHMZ|YUSWMAULDXZHPY|ZBXWGKPUSLRPHX|ZGRZULFRVWCUPF
e7047b94bfece32f720e7699,riken,CGGWHBLPUUKEJC|NFWKVWVWBFBAOV
e7072c169ee5a50e144b4dc8,pluskal_ms2,DAAGOCSHXCDWDY|OQALFHMKVSJFRR
e7161cb40e910e9152bd20f2,gnps,JRQWNGYLRFVXRO|RZWGMDBJTMOMTK
e72c4f2c21bc93a32ee8856f,gnps,ILEDWLMCKZNDJK|IOVGROKTTNBUGK
e7313d4081978ca08b0505a6,pluskal_ms2,JWSUYYYSEWWBFM|RWCMOQXHIDWDDJ
e7338d938b4f39f6ef09b1d5,riken,JIOJABCFQQMNFC|JMUOPRSXUVOHFE
e7417be9dc22fe0441108128,pluskal_ms2,KUYVQSWGWXSHIU|QUHGNKPCKWIPCD
e756aa121acce04750c0cd5c,pluskal_ms2,BFYFOWQTYQCJAF|KBDPQBSWAKMASY
e760946fd69edfbeca171d89,riken,HNJZOHHIXSIJFG|SMZYCXAYGPGYRS
e773fc7bc2409beb058e7b43,pluskal_ms2,JKVBOQZNPRNINF|OVFDQURMTNAKDH
e781b5193e6127b533eeb128,riken,PYXFVCFISTUSOO|ZBXWGKPUSLRPHX
e78ff6796609a14e30ed425f,gnps+msdial+riken,FFFHZYDWPBMWHY|OJOLFAIGOXZBCI|XUJNEKJLAYXESH
e79d855cd416a8222538e009,riken,CTWQJCNXXJIJAY|QFJIQUOMKJNYLI|UBCKYWKJKPMKAA|VWDLOXMZIGUBKM
e7a1f4bae383a1c29a312fa5,riken,DGDWCRWJRNMRKX|HAVWRBANWNTOJX
e7afc6518c54ea947b9fbe17,riken,LHRODNGBSOEBAU|WQVCDQYJDQXJLY
e7e1fe09e40e62b2b67c4d25,pluskal_ms2,WQZGKKKJIJFFOK|ZFXYFBGIUFBOJW
e7e59ca3af76d328213ff9e0,massbank+riken,GHVNFZFCNZKVNT|NKMVPHNGKMCDLC
e7e6b73d73b852488150a3ac,riken,IRDDGQRTXGSVFE|PXGWEUQZDRUMRE
e7ecc7ae008356b3a0be511f,pluskal_ms2,IBSZGTKGJHXGQJ|YVWHTPKOIYVQNZ
e7efd4d2165cdbab33f33a93,pluskal_ms2,HRFVVZAVGMSBRG|PDNSXMTYKJTDIC
e82de373594ac827d75018ee,pluskal_ms2,XGYGEAWFUZQYSS|YNARFWWBMMQRTJ
e82f1c58691496cf5b034198,riken,LIIALPBMIOVAHH|RUDPVKAMGSQKJK
e84423440bd571767d9630e3,pluskal_ms2,BCTBGFHJDISZRS|IPNMFOJKUXTWCG
e8518d2da8c44ab44193e7d0,riken,CZCIKBSVHDNIDH|DBMJZOMNXBSRED|PXJBXRNJLOOPSH|XQDCKJKKMFWXGB
e85763940038b134873996c9,pluskal_ms2,LROHHSIYDXYKKB|XEXZPBYTOCIDFN
e85a6680dfa01620abb9d817,riken,ATBCIYUKWIAKPZ|HVBACKJYWZTKCA
e85dfce6fb213a178239d13f,riken,ASBDWVACJRRBIZ|TYFKYDTUEMTUNY|XUCIJNAGGSZNQT
e865f78116fc911604730e45,pluskal_ms2,DLMICSWBTHJZTQ|QQCFKULMRLDOEG
e86a69fea9a96f4331abc922,pluskal_ms2,BAHWBLGZSGIKQC|CUYQTBFYBUKTBY
e86f69af823d48414b3fbebe,riken,GNGACRATGGDKBX|RNBGYGVWRKECFJ
e874f31c7abe1c80ff550305,riken,HYZJCKYKOHLVJF|QAIPRVGONGVQAS
e889409300734680884a4ddb,riken,LTMHDMANZUZIPE|ZUADKIVUCPFXDX
e89d95b5881d6ae225eb8180,riken,IREXLBYIZXPNNP|QRYCLVPCVHKKTG
e8aa32e38e380bafadf030bf,pluskal_ms2,OOODLVHUPIMLDF|RLYRFMQTCQDVAL
e8f68e2a7d245866b15060cf,riken,AOHCBEAZXHZMOR|BCIWKKMTBRYQJU|BDXYPHKGNUGUFG|CGIBCVBDFUTMPT|DKKJNZYHGRUXBS|DKYDTFCHFHKRQH|LIHLSLRANKCHLV|MROYUZKXUGPCPD|NOWZBRLFRHWZOY|NVSLBOBPSCMMSO|OHJWWOZXCKEOGK|QELDJEKNFOQJOY|RKUNBYITZUJHSG|ROQZUJKOMJECOM|UVZUFUGNHDDLRQ|VYIKEBWUZLHWQK|WNGSUWLDMZFYNZ|XUHLIQGRKRUKPH|ZJRDCQWLAILQHR|ZMKZIKHBSPDWEF
e8f847ebe6b2cca4c1ac55ed,riken,FVIZARNDLVOMSU|QZFPLCRYJQKPRY
e8f9129fc0ec5bbd252b96a1,riken,MJRQUHHZUFSBLY|RQCPSSAEPWERKH|TWAZWVPPDIUVOD
e8fbe16d1910f63d539b814c,pluskal_ms2,LBKRFFPVBWDSHN|WYNUVWKXIBKXMI
e8fed67faf64924641231d49,riken,BQPRWZCEKZLBHL|RHMXXJGYXNZAPX
e903b6ff036058c33f6e62cc,gnps,FXNFHKRTJBSTCS|IKIIZLYTISPENI
e914c27d78da2bf7ad567c70,riken,LLXVPTXOKTYXHU|OWMJDOUOHDOUFG
e9170ae0fb79c5fddefc4f6e,riken,HNOSJVWYGXOFRP|NVSLBOBPSCMMSO|WVTKBKWTSCPRNU
e9274fd11a9386cbbf747060,riken,NMLUOJBSAYAYEM|RAMDNIOVZOWWAL|XIROXSOOOAZHLL|YFPMXVUCUHZMPA
e934ae62c84fe5f117a6e469,pluskal_ms2,UMAUBHJCQBHBNO|URBVIUXMNISQPC
e9627727a28f6925ceeaeb84,pluskal_ms2,IYYKIRSUZICUEO|KXLWPFYBKZYMDQ
e96d614cd7250f0b36ec7dad,riken,LHRODNGBSOEBAU|MKSBKRFDJWUSEY
e97a289d7ca0e62baed29a33,riken,CYFXRGFESOFDNS|IZQSVPBOUDKVDZ|RAQNTCRNSXYLAH|RNKMOGIPOMVCHO|VNONINPVFQTJOC|WCGUUGGRBIKTOS
e97da6e26c157f0c74f49faa,riken,GKHCBYYBLTXYEV|VEPUCZUJLKAVNM
e996bc780a9542b36d5c990e,riken,AJSPSRWWZBBIOR|BITPRCODIALMOV|BVLGDALJKFDSIM|HNJZOHHIXSIJFG|IFHIOGDNVIBBEG|OADZSFPWAGMTDV|PECAVQSFOYERFI|RDRPORVAKXEYRR|SCULJPGYOQQXTK|SSBZLMMXFQMHDP|UDPFOMKNYCYJOB|UXDFUVFNIAJEGM|XDROKJSWHURZGO|YSIFYNVXJOGADM|ZKHXDVJFFSPXFK|ZOHJKBZGFBXFIK
e99ab0bf52b9ebce77fa7861,pluskal_ms2,UBYKKSNRJIVBEI|VROHGNXCTIWHOM
e99eaf42c57cc11e9f9a2f83,riken,KMCZIPGKKBSLEX|SLAWMGMTBGDBFT
e9a0c11813884d3ef3d710a1,riken,GLYPKDKODVRYGP|OVSQVDMCBVZWGM
e9a35cc1d1bf66f2258df035,riken,DFBIRQPKNDILPW|JJURGRVZASRDDE|KVKRFLVYJLIZFD|PZMKVXLYUUFZPT|QMNWISYXSJWHRY|YAPQBXQYLJRXSA
e9b0e715b76b9a9aceb5c1ed,riken,AIPRNSJTKFPHMW|ALPSEMFPAVSKJO|BPKLDKRUGJQLGK|CMLFXLQIXVGGKS|QMGGMESMCJCABO|UAHWPYUMFXYFJY|VXNJCLUDBLYAOL|WXHUQVMHWUQNTG|XQBZILVAQBMZFI
e9c12e9b6d39da686a8e4cf3,riken,MRRQSPRCJKZSOG|PMBOOVZSTMWOFS
e9c1f752b2f8f9eb1977a27e,riken,CYFXRGFESOFDNS|JQBOIGWHYPDAGZ|NVIAYEIXYQCDAN
e9dc0769a81499533bf916a1,riken,FJGOEBQRHWKKJH|QFJIQUOMKJNYLI
e9ee4734a61ed5b835d17bbe,riken,KYQZWONCHDNPDP|LCTONWCANYUPML
e9f0e302ffc6378ad0fa6036,riken,TZRNJQYCOSMOJS|WHFUDAOCYRYAKQ
e9f4fb6f903e29f752fd800d,riken,RFMIUACIHIWVCM|RLJLPBQEQACWHI
ea000a76273e3242cd6b1337,pluskal_ms2,HSMPDPBYAYSOBC|VJJZJBUCDWKPLC
ea108e09345cd0e0a8e611d1,riken,BSYHSWKTXMTFNF|RKWHWFONKJEUEF|VCWUZNQATFVWGL
ea17817a0dbcab18c56c8055,riken,CLITZDLAUPSELL|HULMNSIAKWANQO|NVVDQMVGALBDGE
ea38949dd384efe3e0c21ddb,pluskal_ms2,GVHLLPAHVPRCOO|SSLKTQQOQJLHRE
ea38bd157c047f8a7fa17859,pluskal_ms2,ALUQXSJARGBEOQ|JNZDOQZSXDGGCY
ea3a97387dfb907379b1640f,riken,IGZFQTYIXILLMB|WKOLLVMJNQIZCI
ea4061ba9ebf43832459e83d,pluskal_ms2,AAKPNRVLVGZWKZ|NAHCTWNRIUPWLS
ea45661819c84285075b6c38,massbank+msdial+riken,AXFYFNCPONWUHW|DLRVVLDZNNYCBX|QTBSBXVTEAMEQO|SRBFZHDQGSBBOR|TXXHDPDFNKHHGW|YJCJVMMDTBEITC
ea4d6ce9ea37005f765d9dd5,gnps,NLDDIKRKFXEWBK|QIJLJZOGPPQCOG
ea547e8a60e71aef1daf4cf3,riken,WRPAFPPCKSYACJ|ZHYQCBCBTQWPLC|ZYEMGPIYFIJGTP
ea5a18ffe239cd8779ff8565,massbank+msdial+riken,LKDRXBCSQODPBY|QQVDJLLNRSOCEL|XOAAWQZATWQOTB
ea5cc9e898896eb2ad699a5c,riken,CZSBHMFVVLYIQQ|HWYBGIDROCYPOE|MYQKIWCVEPUPIL|OWMJDOUOHDOUFG|UJZQBMQZMKFSRV
ea5d5d755dcbd9faa6a48a82,gnps+spectraverse,KRCOMOOXOZSNAJ|XNAWUDONOGZGEH
ea5fb327adb11024574cd7e2,pluskal_ms2,ZAFCVSPWRSRKMO|ZOUUDYRXEPFXDI
ea7c075fba47b5af6b50605c,pluskal_ms2,CYWOBNOOZHGRNB|YSXVPHOARQUKAR
ea7e806a3ec0db1ebdc3b685,riken,IHEJMZHKJYHVFF|ZVTVWDXRNMHGNY
ea83bfa466738520233940aa,massbank,FHIVAFMUCKRCQO|QHOQHJPRIBSPCY
ea84e95e67e9632012a448eb,riken,IMKJGXCIJJXALX|QBHFNFLBWWPGKN
ea897a1b33e95a8f7f21a589,msdial+riken,DJSISFGPUUYILV|DXYUAIFZCFRPTH|FNTJVYCFNVUBOL|HQNOUCSPWAGQND|JPUKWEQWGBDDQB|PEFNSGRTCBGNAN|RTATXGUCZHCSNG
ea9164e1bfc112efe64b283c,riken,ASLHXRONSASUAK|YMNCVRSYJBNGLD
ea9e48f53fc61cceb4cd7769,riken,ALKTVPFKDYZFGA|GMNAPBAUIVITMI|YYGNTYWPHWGJRM
eaacf18573424954a9eaab30,riken,BJYRNIFAMMOVGW|HQQUZVFMUSCUJS|LLXVPTXOKTYXHU
eaaeaf8ec34a48f8b637cbd9,riken,CXVOPJQBVVUOTC|OFSZOCPGPLMCBG
eab64f1154bc4a0bc2023a7c,pluskal_ms2,MYRYGQYFYQIWAD|NHPNPGRWUFENKK
eab92ee412fde723227145fc,pluskal_ms2,GXOIDTTXZUMBPM|HTFUIYOLZFXOMK
eabaaed350afff1364fa89cb,riken,IKGXIBQEEMLURG|PIWJSAMCEMZIDO
eabfc9ac26502659785c0324,riken,GZSOSUNBTXMUFQ|JKQXZKUSFCKOGQ|KSEBMYQBYZTDHS|KZMACGJDUUWFCH|LSHVYAFMTMFKBA|MIJYXULNPSFWEK|QCQGNTXXPCJRFZ|QMQIQBOGXYYATH|RTIXKCRFFJGDFG|VEVZSMAEJFVWIL|VXIXUWQIVKSKSA|YURJSTAIMNSZAE
eadd5298a80602489a034336,gnps,FAKJQFCUPSNKLT|NSWFQFAXOBIMDK
eade35bcd059b20656ebcc3e,riken,CKUVNOCSBYYHIS|IZQSVPBOUDKVDZ|OHCQJHSOBUTRHG|RAQNTCRNSXYLAH|RMCRQBAILCLJGU|VNONINPVFQTJOC
eadf993e0406d5eab7e7aa87,mona+msdial+riken,BXJHWYVXLGLDMZ|LATOODWWVGAHQU|OGHAROSJZRTIOK|UTAIYTHAJQNQDW|WZOBJNOPFAHZTE
eae09ec9dd22a62cbcfb09eb,massbank,IMPPGHMHELILKG|PLGBHVNNYDZWGZ
eaece6a9c32c77a9ada75afe,riken,AIPRNSJTKFPHMW|FPECZWKKKKZPPP|IYPYOSNUSXBFTR|KHPCPRHQVVSZAH|QHBZHVUGQROELI|QKQZUNJZOQODTH|QUCQEUCGKKTEBI
eaf19848be06e29cc4accef0,riken,DCBSHORRWZKAKO|FHIJMQWMMZEFBL|MQDZZCJYWRZONM|WLNDANGOFVYODW|XWMMEBCFHUKHEX|ZRJBHWIHUMBLCN
eaf9c5fc7ca8667981a9148b,riken,FBSKJMQYURKNSU|MIKUYHXYGGJMLM
eafd2460d8cb88f8bbf23020,pluskal_ms2,UBYKKSNRJIVBEI|VROHGNXCTIWHOM
eb05779884b018afa1c3f428,riken,JPMYFOBNRRGFNO|OFMXGFHWLZPCFL|PEWFWDOPJISUOK|RODXRVNMMDRFIK|UKMSUNONTOPOIO|YLHIVIHHVKLKEI
eb15b53ee9d0da621cd81df6,riken,GVEICTMRUVWSCF|IUOVOAJPVOWNCJ|KONAXQKGWYDUTG|LLHJXODPYGGYCJ|LTMHDMANZUZIPE|RXTPBERNZNYWSC|UGHBHGHMKLPTQY|UGRTULRMPFVUBH|WQVCDQYJDQXJLY
eb20dda013277ab7a18c686e,riken,FPIVCKLVSVCJHW|WLTCHRVAPMUZPR
eb29141fbc2d4359ed1e77f7,pluskal_ms2,MXTLAHSTUOXGQF|VZTUIEROBZXUFA
eb2c52bdd4f4e9f39e8c392d,riken,NVCXJOMKWUGCGR|VSUOKLTVXQRUSG
eb30bbbc63f24461e73cba89,gnps,TXXYLOMHCHZXPU|UVLDZZAYYQKDSL
eb3d0754fdcfa63f9529bbc4,pluskal_ms2,OMVBWGOVOFYKNC|YZVUFQFNZWNCPZ
eb478a34046e04aafb68274a,riken,GMNAPBAUIVITMI|KGEKLUUHTZCSIP|NJPDRQDELKMUTI|TWSZDJCOYVYRGM|ZTVSGQPHMUYCRS
eb4f0cd5fcab39c9946e6251,msdial+riken,ONMLNUSSUHTGJO|VOXZDWNPVJITMN
eb597774a28ed20aa8551588,pluskal_ms2,SXBBJBBFQDMDCF|XSSBUKKXZXENOU
eb5e53d8585958385674fb44,riken,AEPCMDRTWXAGAK|OAVAUZCEOWCYCC
eb71c060c3fd44d224304132,riken,MLKQAGPAYHTNQQ|XFSBVAOIAHNAPC
eb75cb4c09102d9ed4d9522c,riken,AVXFIVJSCUOFNT|GVRNTWSGBWPJGS|SHCBCKBYTHZQGZ
eb8c9620cba39ce0020c687e,msdial+riken,BGEBZHIAGXMEMV|QXKHYNVANLEOEG
eb99aa4f011d3f21c098891e,gnps,OHKRLDZFQRHQGE|VTCFMCIYWFRGOP
eba3d467c563099a9ff21a80,riken,AQKCJDFMDAPELP|YCXRBCHEOFVYEN
eba875f8fdd44a2a71489554,riken,BPOPUDQXFXCWAW|LINCEHCWNRFISH|QPAKXSCQEJXHSW|XFYYZBJXMSDKCV|XPCTZQVDEJYUGT
ebcc08e05f2089e2b76d2adc,msdial+riken,LVLNPXCISNPHLE|YGGXZTQSGNFKPJ
ebce8b15a06e6fc27b7eca46,riken,GPLOTACQBREROW|HDXIQHTUNGFJIC|LHDWRKICQLTVDL
ebd2473fb8de14d68786d6a7,massbank+msdial+riken,CPRNWMZKNOIIML|DTBNBXWJWCWCIK|NBIIXXVUZAFLBC|NNXWIPHZHATIFE|XZKIHKMTEMTJQX
ebd59875885719224eb85164,gnps,LNHNOBYJWYNHSB|WBBCTOKMKWQACG
ebdfb036e7a3c499423a8469,riken,JBGYSAVRIDZNKA|SLRCCWJSBJZJBV
ebe56c6888d0df539917b0a9,riken,AEPCMDRTWXAGAK|AUVVAXYIELKVAI|DLIKSSGEMUFQOK|FWCXELAAYFYCSR|FYHCRNQGYSHQEP|IVAAIDDXJLCZQF|LSIIVRCCTPRGGJ|ODSSDTBFHAYYMD|OHCQJHSOBUTRHG|RUFIGEPXTYTFFK|XBDQKXXYIPTUBI
ebf43cae9107da9c426bc208,riken,GVJHHUAWPYXKBD|XYYAFLHHHZVPRN
ebf446bfa4ac15d0ee26453b,riken,AOWRAYJMTOYETH|GVQOVMKBYJKZSY
ec066c2ac32af7fa8a6c87a6,massbank+msdial,DGEZNRSVGBDHLK|FBPFZTCFMRRESA
ec0ecda8a9ee58b9514a67f4,pluskal_ms2,WBFAVGUESWCDPL|WPTPUPGXMPKMND
ec1b41a0b7584e3098083fd8,riken,FKZIOZXPUMMRDQ|GQRPJUIKGLHLLN|RNHLYDFRRIHVAM|SHCBCKBYTHZQGZ
ec1d57e9e47d5118259f88d8,pluskal_ms2,HHWABXGAQNCVFW|OZVZMPDVUMTGKV
ec38965e06f4c7064e4fbc87,msdial+riken,BTPYUWOBZFGKAI|FSQKKOOTNAMONP|VCMIRXRRQJNZJT
ec4edcfe7dcef64fca20f0e8,msdial+riken,KFEFLPDKISUVNR|PVTHJAPFENJVNC|XFFOMNJIDRDDLQ|YFVGIJBUXMQFOF
ec4fae6712006eb4c9bb7cdf,pluskal_ms2,IYYKIRSUZICUEO|KXLWPFYBKZYMDQ
ec79a7be5fa41fa326d1964c,pluskal_ms2,CHNINISJXPDINL|XYRKBYYZNHPWAF
ec7e3ba0608029e52cd500a8,riken,KWVISVAMQJWJSZ|OHDPFRGZBUACTR|TYALNCRUIKOKGP
ec874a41bc3139eccef361c1,riken,BSAUHSXSNKKVHC|XOFQQXMAHNZIDD
ec8f97aaa019e934e491d1d5,riken,AGBQKNBQESQNJD|FVYXIJYOAGAUQK|YQUVCSBJEUQKSH
ec90c0bb1495cd69431f260c,riken,AALLCALQGXXWNA|VTLYEMHGPMGUOT|XSLKAKROJKMHIT
ec95a857c51074cd85ab1c26,riken,PSFDQSOCUJVVGF|YUSWMAULDXZHPY
ecaa1ecbbc510cfa9759361c,riken,LSHVYAFMTMFKBA|QCQGNTXXPCJRFZ
ecab6855712e4395d7edebf3,riken,VBTMMYSERQFPPK|XFVGJHHHDVZQFB
ecc9056060722f9cd4c4f2d9,pluskal_ms2,FZDNVUUSLMMINZ|MOIVLJTXVOWXCD
eccbfd2dcae3b83dc529bc79,riken,BLZGPHNVMRXDCB|FIGCRSATKGRFOH|GTZJXEKBDFHJCO|MIROITGPMGDCGI|VUOFIHCZMOIBFY|WXDLBYTWLXNNTA
ecdf850d8e598e3b56f9cca7,pluskal_ms2,DROPVPJMRGGPKM|ZJEPNTABSZKVMM
ecf7e68ab8dc1b53999f0318,riken,ACVGWSKVRYFWRP|WFRQIKSNAYYUJZ|YMGFTDKNIWPMGF
ecf8c8a063feba20b76bc2d7,pluskal_ms2,PQSUWWHLOPXHBE|XMFISXJBZQTOEQ
ecf9e8ef8f8019792235fbf1,pluskal_ms2,GTVMCVFIGSCERF|PSEBDGBXQNJMQF
ed00e0d78607433bed808d00,riken,PMVCHAWVCIWVLP|XJQPQKLURWNAAH
ed133336894d227a4ff633e2,riken,GSKWIWOAUZQVES|QWQSMEDUZQDVLA
ed1a3eb81d0b8d1a03dbfffb,pluskal_ms2,IFQGGAHTPJSUOS|NBEYHLRJNTUBRR
ed2674f9d6fd851cceefdfd3,riken,IAEZLXLDZBZQPU|RNHLYDFRRIHVAM
ed3364210d69e6a743b82e00,riken,JDBGXEHEIRGOBU|ODKYLYWWBHXMRV
ed3ca76739afc3e0eab7f31f,riken,KZMACGJDUUWFCH|LSHVYAFMTMFKBA|VEVZSMAEJFVWIL|YJWLCIANOBCQGW
ed3e7022b748317bdf561a65,massbank+mona,OLZQTUCTGLHFTQ|WFJIVOKAWHGMBH|WPYMKLBDIGXBTP
ed40ec629b3223488b8332c4,riken,LHGNBKKPEPCPCT|VJJPUSNTGOMMGY
ed572fc47700af0bbd3d0bb5,pluskal_ms2,JDNHQANVCKLXRQ|YZOQSKZLTMUEER
ed61e9a9f894f7042c9fe5cb,riken,ATQBPBZOVWXRTA|ZRLVJNQOEORYIS
ed6e3883ff4fa5092d90c94a,riken,CNNRPFQICPFDPO|MUCRYNWJQNHDJH|WJLHDYQXCJXZGV
ed74bcd53ad9cd8daa901e1d,pluskal_ms2,BIAVGWDGIJKWRM|UNRCMCRRFYFGFX
ed77fc5350557e73cfb17548,riken,CYBWUNOAQPMRBA|WMSZDXQCLFUBAQ
ed800b2e4d32a04b51a1c89b,pluskal_ms2,JPWHBACOLDQDLV|SWSAOHQFTLUUDS
ed8084cd93b15178eb813fde,riken,GMBQZIIUCVWOCD|IYRMWMYZSQPJKC|LNQCUTNLHUQZLR|WYKUTTFFZMQCGO
ed816425de528d938289af19,pluskal_ms2,IRDOVJJZBJZACO|JIMIRZCIIUGDPI
ed9e29292a80e59e51867077,riken,DAFMSUZBESPPSV|SLRCCWJSBJZJBV|WJQLYTQYMSTZJJ|YXHDXNPMHKHRAN
eda04731be81bec64b8554f9,riken,CMKFQVZJOWHHDV|DDDXYRAMQRKPDO|GLYPKDKODVRYGP
eda18f76e68547646f322346,riken,CXSXBHMYYCPTHP|FMIMFCRXYXVFTA|KVKRFLVYJLIZFD|OKPSCKUJXYCMPR|PGLIMMMHQDNVRS|REZQBEBOWJAQKS|RSIWXFIBHXYNFM|RYHDIBJJJRNDSX|SDHTXBWLVGWJFT|WCGUUGGRBIKTOS|WFRQIKSNAYYUJZ|WMSZDXQCLFUBAQ|WWVZUDKBWRFNRY|XUARCIYIVXVTAE|XYNPYHXGMWJBLV|YMGFTDKNIWPMGF|YWJXCIXBAKGUKZ|ZZUFNBURDFJFSK
edbc30f7ade00f78bd2edeac,riken,OHVJCFZJKPEJRL|QUQPHWDTPGMPEX
edc2dafd9852b996c9bd2b4a,msdial+riken,RNVUDWOQYYWXBJ|VBTMMYSERQFPPK|VTPQFYZNFAEAQH
edd1d97cfef22afb98554951,gnps,ARPMFGAHUJJAJK|BSVSUGNFDMUUNM
eddb69618a3f789e90b24acf,gnps,XMONYYOQABPNPE|XTMJWSISNMICJZ
edfc39cf9769c536111a925f,pluskal_ms2,CKHRRUPQQLGEHE|QUYQIBRSKHHZSX
ee04d442c0d096b308d1c306,riken,AKNHFZVXJDNNJF|BHUIUXNAPJIDOG|OSJXTRFYPLXSCM|PORLQGCIBQPFNX|USSZROTZVDHBKM|VETFWJPJUHRUQG|VVPXASQNOLYBCR|WKWFEHCINVBVSW|ZGYSTIMSSGRLDA
ee09ba80918d0671538983b8,riken,AGIQIKMGJVLKMA|ATJVZXXHKSYELS|DAXYUDFNWXHGBE|NDUAXKHGCJIYEQ|PMVCHAWVCIWVLP|UAPZTGRENZINFN|UUDZDKPKXAEKLA|WBYJYPOPDKQBQJ|WTBZNVRBNJWSPF|XVOHELPNOXGRBQ
ee0b6a58d2d7d77857cfed7a,riken,ASPCIAWQVXVATP|ASUTZQLVASHGKV|DATAGRPVKZEWHA|FVFSMBDVZVUETN|FVHFOJVXQABRQG|GMTJIWUFFXGFHH|HPVWWHYNAAZHQR|HRYLQFBHBWLLLL|KEOITPILCOILGM|OFEZSBMBBKLLBJ|OIVDEBIGYOTPKV|OTJBXGAQAVEFCP|SWZMSZQQJRKFBP|TURHTASYUMWZCC|VQQGPFFHGWNIGX|VUEGHZSQVJADCO|WRYJYFCCMSVEPQ|XSQFDXNJFMCRGJ|ZFXYFBGIUFBOJW|ZSBXGIUJOOQZMP
ee0b9f0e6d3807876a54d224,pluskal_ms2,DMBDSVAUFNAKHL|OBUJQPRMTVEICT
ee11197e71b31d8aa461939c,pluskal_ms2,BSHOUTZDBGSAHM|JJBLQEHPWKPCRE
ee2879acf63a89d28e1aceff,pluskal_ms2,MRBLOPXEGFQOSP|QJHOCPAGUHZUDH
ee3085bd02d264c1ed8608a1,riken,BHPGRVQWTLDDQX|VJZKQVOURLBNBU|WTBZNVRBNJWSPF|ZMTYENXGROJCEA
ee31ca68623148cd276ae768,riken,NGPDZEACIWDCKX|UTCJVDFLMODHQX|YYFOFDHQVIODOQ
ee3360b087b8f43e02c9efdd,riken,APPXYONGBIXGRO|XFVGJHHHDVZQFB
ee39c5349002d76a141e08bd,riken,KMPWYEUPVWOPIM|KTEXNACQROZXEV|XKXYJTIBKZGIPR
ee3e5077ea8dc1ea98809474,riken,OJXQLGQIDIPMTE|VTDZPALYKJNMNV|WNGSUWLDMZFYNZ
ee4fa7310021d03979884b75,riken,AZKVWQKMDGGDSV|HDXIQHTUNGFJIC|KBMOUMVVDXEABW|NGOFDYKRKVTNMQ|QQANTDQGINANND|RBFNEOONBAEQRW|SVXJDTNFJXKATR|VUTMUSRYWYUQIK|XRYVAQQLDYTHCL|XSYFJARDFYYUAD|ZHOMOKSXIMUJFE
ee681ac60009adf36200e6da,riken,PRAUVHZJPXOEIF|YNKJSQIXVXWFBK
ee6da9fd499f33415f56d3c8,riken,AGBQKNBQESQNJD|ATDBDSBKYKMRGZ|FXNFHKRTJBSTCS|IZQSVPBOUDKVDZ|KZMACGJDUUWFCH|RISXUTCDCPHJFQ|UFMAZRUMVFVHLY
ee73fa5365925b9bf91d23ef,riken,UZKBSZSTDQSMDR|WFNAKBGANONZEQ
ee7483112f93dde2b0d4d0be,gnps+massbank+msdial+riken,AHCYMLUZIRLXAA|HXXFSFRBOHSIMQ|NDVASEGYNIMXJL|NHVNXKFIZYSCEB|PRJKNHOMHKJCEJ|UFJPAQSLHAGEBL
ee7ee768cfd46629abd48216,pluskal_ms2,AIHRWHPASCEREG|NNHPAXDGGSLXOK
ee9087afff7e131b48e952ad,riken,ALWVJGZIYSIJGR|DAXYUDFNWXHGBE|SVHJCTSSYQPWEV|VTRDANCBYRZCRZ|ZVTVWDXRNMHGNY
ee91cfea864ee9caf6d1206c,riken,ARDWXVOOPZYQMS|CKDKGHDDRAMHGK|NCAZLDCEJHFJDT|SXILFEBNQCRWAL|ZRBFCAALKKNCJG|ZTQSADJAYQOCDD
ee94bd9daff1f198b0315fcb,riken,BROOMPUVDPTGEG|BZKDCAIDWFPAGZ|CZSBHMFVVLYIQQ|DDDXYRAMQRKPDO|FNIRVWPHRMMRQI|GXAHUZMCACKPFI|HWYBGIDROCYPOE|JWINIHBXRZXFKL|LLXVPTXOKTYXHU|QSTBHNPMHXYCII|RCTKRNCKOYYRIO|UEDUENGHJMELGK|VJEMOEYSQDKAQF|XUHJBXVYNBQQBD|YZNCIXVBVQRGQN
ee94e9aeb85a327266500c13,riken,APMICFQMLNFXRZ|JNELGWHKGNBSMD
eea47d6088daf80ea1a0c8dc,riken,WJMMBVSOQPALFO|YVIVANDTNNUXRH
eea7c7cc3728925117fe57e4,riken,BKIACVAZUKISOR|FTVKHUHJWDMWIR|UBCKYWKJKPMKAA
eeb5e5f1862401aff110d7bd,riken,BVMVRPVYRJQROP|DXPPUWBUOSSSAV|LTMHDMANZUZIPE|XDLBSNLAIQNWON
eebcc2a4b2756f93529c66fb,riken,PUQSUZTXKPLAPR|RERVSJVGWKIGTJ
eec61c0507a35bf256c6d3a7,pluskal_ms2,QVBVKZWOWLNBHL|VMQUIQPLKGWHIS
eece64deb23c16e1ce5a3e64,riken,FVYXIJYOAGAUQK|PWNTUQHZNAMVQO|RISXUTCDCPHJFQ|VSFZYCDPDWSYSS
eedbee94efb79b770e6f807a,riken,DFPMSGMNTNDNHN|MJRQUHHZUFSBLY
eedd692e3617eb8d356c6c2b,pluskal_ms2,BMOFKTDBQRITMO|DSPAICDFYLGDQU
eef2af42fcf594f62d454492,pluskal_ms2,HMABYWSNWIZPAG|ZZJLMZYUGLJBSO
eef7abdbc1ee3b97b2b647d7,riken,KVOJTUXGYQVLAJ|SGTCGCCQZOUMJJ
ef049ef7b7a989338816823f,massbank,FJKROLUGYXJWQN|WNTGYJSOUMFZEP
ef057524f16b0f25159362e0,pluskal_ms2,GXOIDTTXZUMBPM|HTFUIYOLZFXOMK
ef0958d70456aa115091156a,pluskal_ms2,DVLRECMMOUCAFS|YVCDSSYGGFGHIE
ef0b934248e19e86d7c1a1f6,riken,DNJVYWXIDISQRD|LPEPZZAVFJPLNZ|OLARKEMZPWGFJU
ef0f3c11dfc16ed37d2f343d,pluskal_ms2,AAHYTWRSQZFZCM|UJYUJDHVBRLJHG
ef10de3928439e38522b15f6,riken,UFMAZRUMVFVHLY|YABIJLLNNFURIJ|ZGRZULFRVWCUPF
ef12b3b70b685fa9c2684581,riken,DJOJDHGQRNZXQQ|IRZVHDLBAYNPCT|LZERJKGWTQYMBB
ef1ff145549a9fcf064bcfa5,riken,FWVHWDSCPKXMDB|QOMBXPYXWGTFNR
ef57cf826686bd5fce475779,riken,PGOYMURMZNDHNS|RPPYCVULPFKBOG
ef6942353544ac8792dbd24e,pluskal_ms2,GUGOEESGYHJVJH|LJUFQFXDVDKVNZ
ef6aa1e1b9f29c2777f58298,pluskal_ms2,DUDWSRHTHFBRKU|LPUGOJBKFTVAPQ
ef767fef49552675e19ead1e,riken,NAIXCRGIEGDRIQ|NQGPNJDXRIYWIO
ef820aff2696f5067e8bfd9b,pluskal_ms2,GVHLLPAHVPRCOO|SSLKTQQOQJLHRE
ef82cd09a92b51d44e219665,riken,JVXWNCRJCLOVRQ|OJFGYTHMOAYBRB
ef8efed60f05858cdd21a974,riken,JXTOWLUQSHIIDP|VFPFQHQNJCMNBZ
ef96a219ccbd92fbbb2fcdfb,pluskal_ms2,LBKRFFPVBWDSHN|WYNUVWKXIBKXMI
ef9dcafdc3f8c941e0eb1b36,riken,FGJGLFPNIZXRLV|YQNLTBIQEYMXGA
efa442df04fafb99cd3a4798,riken,WIDIORLKUZCAMX|WXDLBYTWLXNNTA
efb609ea5992433279436e84,riken,KVUHRGCWHSLKBK|KZLDMAIXPXOZCX|VDGOFNMYZYBUDT
efc3be8dba0f326c5ebe41be,riken,AXTZJFBZXCJFJP|VXHNSVKJHXSKKM
efd6ffc5f22932cb550d12c9,riken,GARZMRVWLORUSR|SGTCGCCQZOUMJJ
efe4db7fb4eb63edd8e32b30,riken,TYFKYDTUEMTUNY|VEUCARGUUJVDOF
efeda8570831c78ad3047d3e,riken,BPGBDEHBHGXYDZ|DFBIRQPKNDILPW|WHFUDAOCYRYAKQ
eff66b7783625b819458ae0a,gnps+massbank+msdial+riken,DUBCCGAQYVUYEU|HKBNQXMLSMKLJV|IKGXIBQEEMLURG|MBSKDCPWFSMEFD|OIUBYZLTFSLSBY|OXGUCUVFOIWWQJ|QUQPHWDTPGMPEX|YZOKEUBBLDCIBV|ZZWPMFROUHHAKY
effb80974dce650ae5ff7364,riken,NVKAWKQGWWIWPM|RCKVHVSVSXHFLH
efff3a38036f2b5a2b7403a2,riken,AIULWNKTYPZYAN|AOHCBEAZXHZMOR|AYMYWHCQALZEGT|BDXYPHKGNUGUFG|CGIBCVBDFUTMPT|IHYUCPYKBNICIV|ISNDTNDJSXYNKT|JXCDWBSOTYSNDX|KHPCPRHQVVSZAH|KYWSCMDFVARMPN|LHRODNGBSOEBAU|LIHLSLRANKCHLV|MCPFEAJYKIXPQF|NOWZBRLFRHWZOY|OGWKCGZFUXNPDA|OHJWWOZXCKEOGK|QELDJEKNFOQJOY|QHBZHVUGQROELI|QUCQEUCGKKTEBI|QWCNQXNAFCBLLV|ROQZUJKOMJECOM|RSAIVLRELNGZEY|VTDZPALYKJNMNV|VYIKEBWUZLHWQK|WNGSUWLDMZFYNZ|WVTKBKWTSCPRNU|ZJRDCQWLAILQHR|ZMKZIKHBSPDWEF
efff89a924cc656c01ee73c7,riken,HNZUNIKWNYHEJJ|LWCKQMHMTSRRAA|YCOZIPAWZNQLMR
f00a77db5c51978c4db8530f,riken,AZKVWQKMDGGDSV|FEWJPZIEWOKRBE|UFMAZRUMVFVHLY
f00f0d4167c0b686e6d6ef64,riken,DHYLGBJCEGEBGQ|MIKUYHXYGGJMLM
f0132bd59b7a8dcb0d3dace5,gnps,OHKRLDZFQRHQGE|VTCFMCIYWFRGOP
f01b34caba8456205421ef7f,pluskal_ms2,CHUUDRIKNFAJGZ|JKUXPBOILPNJHP
f0265e1e62d7daba65842e5d,massbank,SODPIMGUZLOIPE|WXNZTHHGJRFXKQ
f0270da0192595be5c0072e7,riken,FYQXODZRNSCOTR|KBGJRGWLUHSDLW
f0270db469e43925db7a1f5a,msdial+riken,LVLNPXCISNPHLE|YGGXZTQSGNFKPJ
f03f8b3a38942c58499a6503,pluskal_ms2,LTXREWYXXSTFRX|VKXWOLCNTHXCLF
f0401eae823a3b70e1fb6c4c,riken,QVWUTEYXUYBGKO|UORKJWHZGSSNRL
f04495e1b04b2ea1dc4341a1,pluskal_ms2,WRLZUQKRFZQYDV|YLMGWNNPZYWBMT
f04f3c7e1eb656a229237725,riken,QCTMYNGDIBTNSK|WRPAFPPCKSYACJ
f0501080b20fe44c7635c885,riken,PTIDGSWTMLSGAH|UFCGDBKFOKKVAC
f051cff8adae2fd6db018d1b,pluskal_ms2,COSQDNGTNHDQEO|XIAAZSQJIDOGHX
f0607b80b160a9a9cf2a55eb,gnps+massbank+msdial,PIQBEXOHBRZMCK|YFVGIJBUXMQFOF
f06a5615d39c37a145a6088d,msdial+riken,OLYNXAXGZUKQDD|VGTQLFWIJIABSU
f073a7adb419045148dbcc96,riken,LLVOJEYSNCNXJN|UJZQBMQZMKFSRV
f08384aa22c6366527510bcd,gnps,ADXGNEYLLLSOAR|LQHDJQIMETZMPH
f091063c02ef48242c92bc04,riken,IZQSVPBOUDKVDZ|JKQXZKUSFCKOGQ
f0a15ebae9c781297c0f8d34,pluskal_ms2,FXORUTMDZHMFKR|NIBVWJYNTPPMRS
f0abba10ac9471202a5603e5,riken,BGKLFKHHSFCDKC|CHHNJZWDIWUFAP|KSZOEOONASRENA
f0b06087711f068648c170d7,riken,JVXWNCRJCLOVRQ|XIROXSOOOAZHLL
f0bfd5d7396310b020e77bac,msdial+riken,JLPDBLFIVFSOCC|ZTLZGWDERZVHNS
f0cfb97a3d603a018bcac8fb,riken,KMPWYEUPVWOPIM|PEYUIKBAABKQKQ|VJSCHQMOTSXAKB
f0d7cbd1adc4e180ceb5d15b,riken,IMQLKJBTEOYOSI|NPJICTMALKLTFW
f0d7dcedeaf39fedc3e4d3df,pluskal_ms2,GZNVOMWIPLIKDM|IAGMYQWCKILWNO
f0dd44c22b60dbe803c9f5ae,riken,KZMACGJDUUWFCH|VEVZSMAEJFVWIL
f0de7541de143d163ab4927c,pluskal_ms2,HLVMFYYHDCYEJN|ZIVPFRGMWMFDPI
f0ea26c01bfa2b4e9996615a,riken,QIMGUQIHCNDUKU|RPMNUQRUHXIGHK
f0efd7f4e5d530c9ee839c94,pluskal_ms2,GTOZLSBCFMDWIZ|IHGVAVLSTPCCJP
f0f097d86ebfcc66f47c5bcb,pluskal_ms2,IRDOVJJZBJZACO|JIMIRZCIIUGDPI
f0f0bddab886fa78d7cc4ed8,pluskal_ms2,VHNBSWKVDGABEV|ZUXLIBRTWRBKLQ
f102b825097ce095fc2749a1,riken,CYFXRGFESOFDNS|FKUPPRZPSYCDRS
f10cc69a23a6b738dd5aaf31,pluskal_ms2,ADXGNEYLLLSOAR|LQHDJQIMETZMPH
f10e8e4da8531f8b8c230612,riken,GVJHHUAWPYXKBD|JXSVIVRDWWRQRT
f113ed90ea0cf380b1cbfb03,pluskal_ms2,AKZKUWWTDMBAQT|VNARLJCDOCUUIZ
f1168117f5b297448782adca,pluskal_ms2,SBJODUOFAKPRET|TUNWQQMZTNPKRM
f121b90aa8faf176d9f5f179,riken,FYHCRNQGYSHQEP|IMQLKJBTEOYOSI
f122a79994830ed808909e24,riken,PVAMXWLZJKTXFW|SKOCCRDVSSOREC
f1240eae0c2827cd0e156710,riken,FOINLJRVEBYARJ|SQMGCPHFHQGPIF
f125b2fd4d7cde78c0e82a07,riken,KYFBXCHUXFKMGQ|XZZNDPSIHUTMOC
f12c71d65b89cfab7ed56e44,riken,MUVGVMUWMAGNSY|ZPEADZHVGOCGKH
f1358241f3ce41c483f43625,riken,HKQZUYOVMYOFIT|IOKLSJZBRCYLTH|IOPLEPURJVQCFK|UTCJVDFLMODHQX|ZOUJKJNUAOXJGL
f137c21bb054d808fac6f236,riken,QOMBXPYXWGTFNR|YTXIGTCAQNODGD
f13f6a6807d426d28bed0779,riken,FIHJKUPKCHIPAT|QYTWIMMLQKHPGL
f142a6e93b64743c19ff77b6,riken,PWMWFOWSRFRPQK|QBVHCHNPFRRZHI
f14a8ae418f79fda399cf7d2,riken,CDYBOKJASDEORM|DCBSHORRWZKAKO|KRQDMAXNTWLTDZ|PYXFVCFISTUSOO|RHNFCIPJKSUUES|VGJOYFZLAIERID|WDKYDMULARNCIS|XTSVKUJYTUPYRJ|XWMMEBCFHUKHEX
f1563f054b4f1718aa5eabbc,riken,CKUVNOCSBYYHIS|HCZKYJDFEPMADG|IZQSVPBOUDKVDZ|LOUPRKONTZGTKE|OMQADRGFMLGFJF|RAQNTCRNSXYLAH|RNKMOGIPOMVCHO|VNONINPVFQTJOC|YRCWQPVGYLYSOX
f158d099fc002c41cbe4b347,riken,KJNCJEFOGQPOHS|SSHDNSCEQSPWIM
f15cb6044f0af62a5a77139c,riken,RUOKEYJFAJITAG|SOSLMHZOJATCCP
f16e66b7dcab09d7ebba812c,riken,HRYLQFBHBWLLLL|KPKYWYZPIVAHKU|VQQGPFFHGWNIGX|XSQFDXNJFMCRGJ
f16ec46a92a88528ff3f0e8d,pluskal_ms2,FJABZNARGCQYHI|IBHPQPWGCJIELA
f1748ede750899936ff9cbf9,pluskal_ms2,BOEMFEOUVXWWNZ|WWTABXAXNXQPOH
f17882177950f286d7ff3a85,riken,BDIAUFOIMFAIPU|PHZOWSSBXJXFOR|UBCKYWKJKPMKAA
f18e6f27de836ca7b89f9dfa,riken,NJMQSVWMCODQIP|OVSQVDMCBVZWGM
f18f19f29540044b98ef656a,riken,IWUQDUXHOBXBCB|QYGUYHZAAVMQBV
f191b651cc20f57187216708,pluskal_ms2,MFQSVEIGELLNCR|WBGCLWQQDKRSMJ
f1936490b0ce967ec952c4a2,riken,PDAYUJSOJIMKIS|QPAKXSCQEJXHSW
f1986ffd334d5e47c1462aa4,riken,KRKNYBCHXYNGOX|SYTYLPHCLSSCOJ
f19e1a0b9ad6e7e8ee674d05,riken,ATQBPBZOVWXRTA|DAXYUDFNWXHGBE|FIAOWYBSINDVNF|FNMHEHXNBNCPCI|FQTLCLSUCSAZDY
f1ae9b93017e9f6704c54e1c,riken,INIACRGCTLLWRM|NQGPNJDXRIYWIO|YMGFTDKNIWPMGF
f1cc580a84cda6dcceee0f60,pluskal_ms2,MXZHGEUHVJJDMO|ZBXCRJAIKRDJTP
f1dd6502186aabdd55d3bc3f,riken,CDYBOKJASDEORM|FHIJMQWMMZEFBL|KRQDMAXNTWLTDZ|NJUXRKMKOFXMRX|PYXFVCFISTUSOO|XWMMEBCFHUKHEX
f1e9b777fde6652aa1be3e54,riken,LSHVYAFMTMFKBA|OHDJGUWKOIBIKY
f1ebf8a21882417c329ae2d7,pluskal_ms2,WBFAVGUESWCDPL|WPTPUPGXMPKMND
f1f4132429c1ed83a67ddfc5,pluskal_ms2,ADXGNEYLLLSOAR|LQHDJQIMETZMPH
f1f419bc2967c4db06a2e93c,riken,CCRXMHCQWYVXTE|DAXYUDFNWXHGBE
f200eb1ecd6751ccd74b0e2c,pluskal_ms2,JWQLVCBZBLRGHT|YFKNMTKRALCAPE
f20a79ff05c3e1ff9c99b85f,riken,ARDWXVOOPZYQMS|RAQNTCRNSXYLAH|ZTQSADJAYQOCDD
f20a86291a6ed1cd091231b4,gnps,ACCFLVVUVBJNGT|UQTPDWDAYHAZNT
f20f5c479c5c5906baed4bfa,massbank+msdial,MJVAVZPDRWSRRC|ODKSFYDXXFIFQN
f21067f05996e4998d659fd4,riken,RISXUTCDCPHJFQ|WTQYWNWRJNXDEG
f2153a6c2c20d3afcb6b8b74,msdial+riken,DANYIYRPLHHOCZ|HVQAJTFOCKOKIN
f21c2b3285766959a5bb475a,riken,DEAOYWWBDXWSOD|RSTKLPZEZYGQPY
f22623410ecc915f10766c5b,riken,GBADBFAXAWZGHM|ZKLSVVSNZGPHRI
f233cdaf40458abdecb0d53c,pluskal_ms2,ONBUDYDHHLFSPZ|VSLJXCOWCRWREN
f23444efbd9cef05f7db0747,riken,ADPAPZVYVYEBGS|QBKSWRVVCFFDOT|YCWDWJWRRMHVMZ
f23c5c177f76507323647760,riken,AMOGMTLMADGEOQ|CGGWHBLPUUKEJC|CHACNMULAGKUQN|DSVMWGREWREVQQ|UPROOJBJZLZCGS|WBHHMMIMDMUBKC
f2412052ed111b601fc7693e,riken,CEUOJNPNKKLCDB|CUJYYVNWNPLKFR|KGBSGBJFEOXATN|MWEZHNCHKXEIBJ|NTSAVLDATFYUQZ|QMNWISYXSJWHRY|RTNZWGMBYCVCPK|VFUPDGRCPOEQAB|XGVBNFXVLFKPCO
f24dc8ee64d24e65fc5aeb11,massbank+riken,ATEFPOUAMCWAQS|GZYPWOGIYAIIPV|JNNGEAWILNVFFD|KFFCKOBAHMGTMW|LTTQKYMNTNISSZ|NFZYDZXHKFHPGA|OLOOJGVNMBJLLR|ORBKWGMJLDNPAA|WMBWREPUVVBILR|WYQVAPGDARQUBT|YDDUMTOHNYZQPO|YKGCBLWILMDSAV
f250d86111cbecafab450663,riken,MCPFEAJYKIXPQF|NOWZBRLFRHWZOY|UUDZDKPKXAEKLA
f2580948bdeb84ad1d0d4029,msdial+riken,HJZVPFAZKUHWMN|XACKZSRNTPEYBU
f25cb445b83e69ff2917b018,pluskal_ms2,IGRDGFVMWJUAHL|KUJKKCYLGZHIAH
f266eadbd4decb89630ca41a,riken,HRLFUIXSXUASEX|HYBRYAPKQCZIAE|KGGGRGBDMBZXKF|KQSFNXMDCOFFGW|MSSYPWFHLFBMMP|OZTXYFOXQFKYRP|QQKAHDMMPBQDAC|SHCBCKBYTHZQGZ|VTLYEMHGPMGUOT|XAIUTKHLNZBMEG|YVPXVXANRNDGTA
f274b8cbc3a727d433de738e,riken,IMQLKJBTEOYOSI|YURJSTAIMNSZAE
f27c56ec1634704bf9c39007,riken,BMLIZLVNXIYGCK|RDBIYWSVMRVKSG
f289b313a3824cb8f0eacf00,riken,MROYUZKXUGPCPD|PORLQGCIBQPFNX|YBHILYKTIRIUTE|ZZFSKJIAKIBPSR
f28ecfe4fa608deaad0a6705,pluskal_ms2,BOEMFEOUVXWWNZ|WWTABXAXNXQPOH
f293b30fe543985da72ee775,pluskal_ms2,BMOFKTDBQRITMO|DSPAICDFYLGDQU
f29aa0ffe15443b48758dbff,riken,LYGPBZVKGHHTIE|YBHILYKTIRIUTE
f29f8ebf584fcb5f0ce315f4,riken,GXHQODLTRMIQQU|YSOBQIMODQOGKQ
f2ae30e6182cf140dd86dc2c,riken,AAJIHHYEPHRIET|IEBFEMIXXHIISM
f2b274e253bbc201caad1b57,riken,IMQLKJBTEOYOSI|YURJSTAIMNSZAE
f2be376ba95c0ce752190119,riken,AEQDJSLRWYMAQI|ALPSEMFPAVSKJO|KWDWBAISZWOAHD|MBYNDKVOZOAOIS|PHEDXBVPIONUQT|UZIOUZHBUYLDHW|VUWOVGXVRYBSGI|VVLPFXAEVKKWTK
f2be39e164e7c5942c1a03e9,gnps,DLMICSWBTHJZTQ|QQCFKULMRLDOEG
f2c4b174010f459d0b7e7318,riken,CKUVNOCSBYYHIS|IZQSVPBOUDKVDZ|NLZCOTZRUWYPTP|POVCYOFRCMBMKD|RAQNTCRNSXYLAH
f2c73e0034f09079ac9fcf4d,riken,GNBFAEIXROJDIB|KMPWYEUPVWOPIM|PWMWFOWSRFRPQK
f2c8ae42a63b3e25e1eaed18,msdial+riken,IPMYMEWFZKHGAX|KNOJWNDGCRZBBA
f2c96dcd52bd1ad1ff22234c,riken,FBSFWRHWHYMIOG|GAZDXIGXYWVWQX|INBSFHNHCNZEOY|NJPDRQDELKMUTI|ZTVSGQPHMUYCRS
f2d5b2c881d10579169a2c51,riken,FPIVCKLVSVCJHW|GRTOGORTSDXSFK
f2e7696dbef28abb867563d9,riken,JGLIHGSIUBTIAW|KRVIIMWSCXORIQ
f2e8bd8e8bbdbb8dc4e3315c,riken,MOIJAHWAZFJXSM|ORGFYMVNMFQORV
f2ead2bbf9f85fdecdebff1e,riken,BROOMPUVDPTGEG|VJEMOEYSQDKAQF
f2edcee226e110f6a2b7e673,pluskal_ms2,BPPZFJOSNPTQQL|MFIXSSKQHVPACQ|OLUWYTLKTXVLNF
f2f31ff61ac5db82784dc891,riken,JWVYQQGERKEAHW|LFEUICHQZGNOHD|WACBUPFEGWUGPB|WMBWREPUVVBILR|XUSYGBPHQBWGAD|YFVGIJBUXMQFOF
f317c27d496fdee062b9c392,riken,IQAMTZLKUHMPPE|WZUVPPKBWHMQCE
f31d5c40c7179b680cfd8812,riken,CULUKMPMGVXCEI|JUZGXATTXYZBGK
f32cab64fc0681898ed2f2dd,riken,LIFSGPPJRHEFEY|XCDQFROEGGNAER
f331ca6a5babb768232e3027,pluskal_ms2,CHUUDRIKNFAJGZ|JKUXPBOILPNJHP
f335d9b08e501dd1e88b78fd,riken,GLZWNFNQMJAZGY|YSIFYNVXJOGADM|ZWUABKNXVCUVCG
f33b4764eb2f0a706f903736,riken,BZKDCAIDWFPAGZ|DDDXYRAMQRKPDO|GHBNZZJYBXQAHG|LLXVPTXOKTYXHU|VJEMOEYSQDKAQF
f33ba0142dc1fbaa2bdf92d7,msdial+riken,HKIKAXXIWJHWLY|JFLAOPHOUGDFGC
f33dfabba3e8334e09aba530,riken,CNNRPFQICPFDPO|FIAOWYBSINDVNF|FKZIOZXPUMMRDQ|FQTLCLSUCSAZDY|INYYVPJSBIVGPH|JMBINOWGIHWPJI|NOWZBRLFRHWZOY|RIXNFYQZWDGQAE|SPAFMWIHXVIIPF|WJLHDYQXCJXZGV|WTFRADBWXYQLMA|XVMZDZFTCKLZTF
f3604a3af4e5504ed0e05a75,pluskal_ms2,RADRBZBLNXVQEU|VGGGPCQERPFHOB
f3610d5e955c1bdaa25bf56d,riken,FVYXIJYOAGAUQK|HCZKYJDFEPMADG|IZQSVPBOUDKVDZ|NBGQZFQREPIKMG
f3617b40873fe13da8d57ab4,massbank,NTDLXWMIWOECHG|TZBJGXHYKVUXJN
f39180ad3a356119775a5871,riken,FPECZWKKKKZPPP|HNOSJVWYGXOFRP|ISNDTNDJSXYNKT
f3a30088d85f399491abadd6,riken,FNDTZZIWWYSDAH|PAXNVPZJVMRVBU
f3a61b8aa5e8a0fab7d16e72,massbank+msdial,FFDGPVCHZBVARC|IZFHEQBZOYJLPK
f3a6e353ff1ec9d1155731ef,riken,AJPXZTKPPINUKN|GAOZTHIDHYLHMS|MIBATSHDJRIUJK|WJMMBVSOQPALFO|WTFRADBWXYQLMA
f3acd16209925cf6921089a0,riken,DOUMFZQKYFQNTF|LEVWYRKDKASIDU
f3b7c5bdd1f57e8b60c1f0ed,riken,HAYLVXFWJCKKDW|HCXVJBMSMIARIN|KBGJRGWLUHSDLW
f3c035dab11abfadf171cc6a,pluskal_ms2,JPWHBACOLDQDLV|SWSAOHQFTLUUDS
f3c581fccc8479e6ce9f7b36,pluskal_ms2,IDDMDWMPBMJQJD|YISGEWIPSYUCLX
f3c8f04f351fb77c40c97e05,pluskal_ms2,IPELEGBBNWXWNG|WXAMGBXNTNHFJR
f3e23259fd2b171de079129c,riken,FIAAVMJLAGNUKW|ZEASWHWETFMWCV
f3e56d6ab1a82e47fa42c006,pluskal_ms2,KUXXLZILBGVVLH|SQGYGJYLBBNULC
f3e95fde51820b5c3640e562,riken,AIGAZQPHXLWMOJ|BLZGPHNVMRXDCB|CIUHLXZTZWTVFL|KGGGRGBDMBZXKF|LCXREBMNASQAOC|VZRKWGPIZJDNHC
f3fe7506dbf5a9d51cc54a67,pluskal_ms2,FZDNVUUSLMMINZ|MOIVLJTXVOWXCD
f408448b227add3f0c915b41,riken,LADJWZMBZBVBSB|NLOAQXKIIGTTRE
f41c8f688fe8011b6152fc8a,riken,AGBCLJAHARWNLA|ZPFRAPVRYLGYEC
f41d5a166c92f13cc36a9885,pluskal_ms2,DBOUYKVZAOOEBJ|NRCBCYLHFAVANS
f4254f75beb7a4628023a0db,massbank+msdial,JPUKWEQWGBDDQB|RTATXGUCZHCSNG
f42c0208b6680469116fb65c,riken,FVFSMBDVZVUETN|FVHFOJVXQABRQG|GMTJIWUFFXGFHH|GRTOGORTSDXSFK|HPVWWHYNAAZHQR|IUSBVFZKQJGVEP|JNRJLCSYIQFLDS|NKTORRNHKYVXSU|OTJBXGAQAVEFCP|VQQGPFFHGWNIGX|VUEGHZSQVJADCO|XSQFDXNJFMCRGJ|ZSBXGIUJOOQZMP
f432f845db54a36a409eb969,riken,BMQBTHWVNBJSPS|LNIVUWPCHRNJLG
f43db468e96daf9fc2b9268b,msdial+riken,IIUWCHJZJFSKMD|KYOXKUIYXAIFBB
f4420b7fb3fbe6aa39c809aa,riken,JRIBPWOXWIRQOQ|OUGNWRCWQLUXHX|QBILRDAMJUPXCX
f45084cecc96759b5a3112f2,pluskal_ms2,DMCKFAOCACFYQG|XPOJRNNBAARAGP
f45654a318e56da4c562edd5,riken,MOLPUWBMSBJXER|MPXAWSABMVLIBU|YTXIGTCAQNODGD
f47676200a046aff6927875f,riken,FMIMFCRXYXVFTA|NEQGOKAKPXXESR
f480d033c8cdf4853f52cda8,riken,AJJMKDCAQHLJQF|OQDGBIQQFFTLKL
f48787ef8ab16ac367aa7292,pluskal_ms2,IPELEGBBNWXWNG|WXAMGBXNTNHFJR
f48b019e0b57086843c00c87,riken,PFTAWBLQPZVEMU|XHEFDIBZLJXQHF
f4965257dd56f4b1cf677adb,pluskal_ms2,KNQLSUOMNGGBHQ|VWXRPZNKDNXRQB
f4ac7c6cede53c6c67a6fb28,pluskal_ms2,AKZKUWWTDMBAQT|VNARLJCDOCUUIZ
f4b66e81c81063605b09feac,riken,RPWYCEBUPDNVLU|YTPBUIWNJRGZFW
f4bb92b462b2cd86766de85c,pluskal_ms2,BMOFKTDBQRITMO|DSPAICDFYLGDQU
f4ceee5ab7da5de24cf7822c,riken,DAIAMOGGSOXZSO|PWAOOJDMFUQOKB
f4d02ace776aad56a492e44d,riken,BWHZPGDZTFVUJN|KQKIBPHENIYGEF|VTRDANCBYRZCRZ
f4e53809fde2ae3ee4aaee15,pluskal_ms2,BVHCIBPROINFPQ|CRAONLIHLOSKGE
f5002537711c4c6f34931c3c,riken,DSXKDTZEIWTHRO|NVXMWPFVIMTPPT|YHWNASRGLKJRJJ
f51017d7a14a410d19d9be0b,riken,KTEXNACQROZXEV|SQKPHECGTGXVQW|VYIKEBWUZLHWQK
f51ff6636b4221c808b6f1c9,gnps,CYXUDQVIASTMEA|SYDYMJUELSZIBJ
f5263e823a6b396cfdb7381e,pluskal_ms2,PQSUWWHLOPXHBE|XMFISXJBZQTOEQ
f526a078aad92bae14724055,massbank,DUBPGEJGGVZKDD|OZBAVEKZGSOMOJ
f531f9a3035efe363473c3f2,massbank,ATCRIUVQKHMXSH|MZHCENGPTKEIGP
f5356b8147345d9ce4c78b30,pluskal_ms2,LHXHWXOZMWMRIT|RQHFFTJESXCIFW
f53617d04c8031f2103dcd7c,riken,NZLBBWKRFWAHOK|VDYCLYGKCGVBHN
f53b786e0cd80e85907f90df,riken,MQUFAARYGOUYEV|NKTORRNHKYVXSU
f53e686d8c187574e748e91b,riken,FVNYMYXXKXAQHS|SLJTWDNVZKIDAU|WMEBIWWUBWHAOJ
f543d2fd208c41bc0931279c,riken,AEQDJSLRWYMAQI|KWRQPASKWCJCPI|UZIOUZHBUYLDHW
f548751156090e9e0faa8c86,pluskal_ms2,LDEMKQVEUQTLTJ|XCUTWOJRCRSBLM
f55af5bd819eb4208e9317b2,pluskal_ms2,GGEYBVAPNCCXKQ|OSFYWKJULMWTDG
f55b9707edabd83f912a3e0a,riken,IYPYOSNUSXBFTR|WQVCDQYJDQXJLY
f5641eac986b89e1b34978b8,pluskal_ms2,CMSSEWKMARZAAP|LFHYGZREUWMTMP
f56aba62755821fee8d5be31,riken,MMTWXUQMLQGAPC|QBKSWRVVCFFDOT
f5864d679fb68a5a6444e7a1,riken,GWDFJIBHVSYXQL|KHSCYOFDKADJDJ|NBVTYGIYKCPHQN
f58abd061dcb344a13dd4953,pluskal_ms2,ROLXKNVKUSEZFO|XNHRGYMFGWBADJ
f594dcaae05aa6b94d658a89,riken,FIGCRSATKGRFOH|GTZJXEKBDFHJCO|LPVOPZMNIAIRJY|LTMHDMANZUZIPE|WURLGASLEZVNHV
f5a2101a5f4ce14dada589a3,riken,MPXAWSABMVLIBU|SQMGCPHFHQGPIF|WTBZNVRBNJWSPF
f5a9215cd1a0e88ea31e5540,riken,KASCOJMXMYGVSP|MCTUNGYTWOYEHI
f5b1a96db6ca8cb44933c505,riken,VEVZSMAEJFVWIL|VOZHMAYHYHEWBW
f5b3904a4f26a507f6009624,riken,MDWIGGAVQHTZTG|TXXAZYZRJSNVLW|UFMAZRUMVFVHLY
f5b7fbef61f62b0f35213cfc,pluskal_ms2,IJHZYWWUHYHEBJ|IJYIHKVWARMNQZ
f5bc1a1f8aba948af387ee76,riken,KVKRFLVYJLIZFD|LFKQVVDFNHDYNK|QMGGMESMCJCABO
f5c181a1856d7b7d4072aebc,riken,OKPSCKUJXYCMPR|XUARCIYIVXVTAE|XYNPYHXGMWJBLV
f5c9293d6d58d3b35859781c,riken,HIGQPQRQIQDZMP|JNELGWHKGNBSMD|RHMXXJGYXNZAPX
f5ccce706f563bc11689767d,msdial+riken,HZLCGUXUOFWCCN|MXXWOMGUGJBKIW
f5d45668539d86ad909073ee,pluskal_ms2,COZUWGMIBZZPRW|SSLKTQQOQJLHRE
f5d5a1b8ac4d743b88427767,msdial+riken,GIWAJLOUUBQKKA|SIVAITYPYQQYAP
f5dc3348c6bf3880457d1a71,riken,GAZDXIGXYWVWQX|GVJHHUAWPYXKBD
f5e352ce424b5d46bd854000,riken,JKQXZKUSFCKOGQ|MIJYXULNPSFWEK|MVCCWTMPDBIKCJ|QMQIQBOGXYYATH
f5e82500e7f6d2aa6fb39b07,riken,FELCJAPFJOPHSD|IEBFEMIXXHIISM|VXMOIPRQSYFTHI|ZMTYENXGROJCEA
f5f067aa9216f75b94f8d34a,riken,BZKDCAIDWFPAGZ|DDDXYRAMQRKPDO|GHBNZZJYBXQAHG|HDLNHPZHTNFCNP|LLXVPTXOKTYXHU|NRYNTARIOIRWAB|RCTKRNCKOYYRIO|VCWUZNQATFVWGL|VJEMOEYSQDKAQF|XFSBVAOIAHNAPC|YBNGMTPOCJXHDM
f5fa2939d1014c12f237b5cb,riken,ALAXFFCXAVBHBY|CMKFQVZJOWHHDV|CUFAXDWQDQQKFF|DHQFYEJMFMYGCV|GWDFJIBHVSYXQL|HTBWBWWADZJXID|IVAAIDDXJLCZQF|JEKMKNDURXDJAD|KHUVRRVIZOSFTI|KHWKLNXMSVVKCH|KWBPKUMWVXUSCA|KYYVQOBRDDFWEX|MLKQAGPAYHTNQQ|MUVGVMUWMAGNSY|OFDWKHIQKPKRKY|OGBMVWVBHWHRGD|UWQYBLOHTQWSQD|XRCLPWMEBOMKMG|YBHILYKTIRIUTE|YEFOAORQXAOVJQ|YHWNASRGLKJRJJ|YZMKFMIZNSOPSN|ZZMNWJVJUKMZJY
f607c77f5b8c0686121a3921,pluskal_ms2,ONBUDYDHHLFSPZ|VSLJXCOWCRWREN
f6195d9f170cacdff9b37d53,pluskal_ms2,AKZKUWWTDMBAQT|VNARLJCDOCUUIZ
f619c8af2524ae3a9a3df007,pluskal_ms2,STNUFYASKJIPNN|VEFVJHJYAPWCLN
f628e4a20b73122fd1218880,riken,GHBNZZJYBXQAHG|LLXVPTXOKTYXHU|MQUFAARYGOUYEV
f629eade8da5a372ca0849ff,riken,RRRSSAVLTCVNIQ|URMVEUAWRUQHON
f62c517b0f4ce6c5b6aa2cb3,gnps+riken,AFNDTSIACJAGSO|APJYDQYYACXCRM|LLEUXCDZPQOJMY|ONQKSKDLYYDFLL
f632565d6001fe8208443ee3,riken,NJPDRQDELKMUTI|PXOYOCNNSUAQNS|PYBFXJMIKJNNAJ|TXLUXHSVMYTTCI|WIONIXOBNMDJFJ|XOXYHGOIRWABTC|ZTVSGQPHMUYCRS
f64e2c9e4bfc1d867a19d433,riken,HUKSJTUUSUGIDC|ZROGCCBNZBKLEL
f654bb0b10aee39f26d117f3,riken,AZIGQTILUNTIQH|CVUANYCQTOGILD|DCULYKVTBAXAER|JXCIHLUSRQSSRY|KDFKJOFJHSVROC|KTEXNACQROZXEV|LVCXAKWFQYYXLU|OJPLCPBWIQWABI|PCZOHLXUXFIOCF|PDAYUJSOJIMKIS|QFPLAAZRZNKRRY|SQKPHECGTGXVQW|UGJAEDFOKNAMQD|XKXYJTIBKZGIPR|ZMXKPCHQLHYTHY
f654eff9cea0784324604ffa,gnps,GXFIQOWIDSZYKM|VSTJLJLYMOOSPZ
f65894fe00ac8c3f9ec7503a,riken,FWYSBEAFFPBAQU|HUKSJTUUSUGIDC|YXOLAZRVSSWPPT
f65ac2923d14b62911e88741,riken,FTVWIRXFELQLPI|YBHILYKTIRIUTE
f6669f1e13efd1ad742e12b9,msdial+riken,MORVABAHRWEVGD|NIKHGUQULKYIGE
f66d481a29a0b10250b6078a,pluskal_ms2,IUXQCJHIMUEULB|ONDKXBSPNWEMOX
f66f6b3cd4d43c09b8c32c1a,riken,DLBLMTCYISHWGP|FCEXWTOTHXCQCQ|GDXJMOGWONJRHL|HNJZOHHIXSIJFG|JDIORNFCMMYMLF|KYWSCMDFVARMPN|LFYJSSARVMHQJB|LLPWNQMSUYAGQI|QGVLYPPODPLXMB|RWXIFXNRCLMQCD|WYQVAPGDARQUBT|ZJDFNIHQCHHZGU|ZOUJKJNUAOXJGL
f673aac23acc34171424d61f,pluskal_ms2,HMABYWSNWIZPAG|ZZJLMZYUGLJBSO
f67cfea86629be46f77ca1da,pluskal_ms2,ITOJSSZNFNNLGQ|UVAHMTDZARCXIG
f67d3d67ce38c3b9b7f72536,pluskal_ms2,LDEMKQVEUQTLTJ|XCUTWOJRCRSBLM
f68b6fe95ae729ce64d87388,pluskal_ms2,BXVRKQKCHGZZII|HLKXLQAQQODOAS
f68b823ee405503b3acbc48d,riken,PXQNZQURQNZGKZ|YRCWQPVGYLYSOX
f692607fd01a66f88d1571b2,riken,GMTJIWUFFXGFHH|GRTOGORTSDXSFK|HPVWWHYNAAZHQR|OTJBXGAQAVEFCP
f692f1c0199ab5d4e0409e13,riken,DXZNCVRUZDRWLR|UGRTULRMPFVUBH
f69c8f90b9c96537a7e3abcd,riken,BDIHZBORJCSTHA|DBJLNNAUDGIUAE|DTNSOISBYQKHCS|FHIJMQWMMZEFBL|GCJWPRRNLSHTRY|IRZVHDLBAYNPCT|JLJAVUZBHSLLJL|KRQDMAXNTWLTDZ|MQDZZCJYWRZONM|NJUXRKMKOFXMRX|OTUCXMIQUNROBJ|QEANLIISUSNNDX|QWNQZWRFKIHTPL|RYHDIBJJJRNDSX|UAPZTGRENZINFN|VGJOYFZLAIERID|XMJAJFVLHDIEHF|XTSVKUJYTUPYRJ|YWJXCIXBAKGUKZ|ZPFRAPVRYLGYEC
f69f5d3eafaeaeafa1c4baff,pluskal_ms2,BRRLAKHLNMKPSH|GDQAHQCHCRXPQV
f6a265ba5f550f3f07cc199c,riken,DCBSHORRWZKAKO|XTSVKUJYTUPYRJ|XWMMEBCFHUKHEX
f6a63e73f679125284cd8b65,pluskal_ms2,LHKZIVMTXZLOTP|ZPEFYJBGAZLAKK
f6b6c14c587c9f7e6c8937fc,riken,GCDZLGORNNUQKQ|IMVHYSWWBHTDEG|JQBOIGWHYPDAGZ|OSJXTRFYPLXSCM|VDBHOHJWUDKDRW|VKZICKDDJSFAAG|XUWSHXDEJOOIND|ZKHXDVJFFSPXFK
f6c10d2b27458b9246bcbe8d,pluskal_ms2,FZDNVUUSLMMINZ|MOIVLJTXVOWXCD
f6c19482163c39530c49b593,riken,AJJMKDCAQHLJQF|FTVWIRXFELQLPI|GOQYKNQRPGWPLP|HFGSQOYIOKBQOW|HXTFHSYLYXVTHC|IKMDFBPHZNJCSN|JFIHYHJHQKUDKD|KZNIFHPLKGYRTM|OAIJSZIZWZSQBC|QGJZLNKBHJESQX|QHZLMUACJMDIAE|RAKJVIPCCGXHHS|RTZKSTLPRTWFEV|RWNHLTKFBKYDOJ|RXGUTQNKCXHALN|YFIMUDXPJZVJJO|YWJXCIXBAKGUKZ
f6c7f2d5ca1b3662f1503c4b,massbank,BWNCKEBBYADFPQ|NIJCIQOKCDALJO
f6cfd568885aa08ee5a4ec14,riken,AEMJDNJKSCBKRL|BUBVKRMIMSPLND|CITHEXJVPOWHKC|IHEJMZHKJYHVFF|JGWQYLZHPPFHEH|KMCZIPGKKBSLEX|TUFDSEMWRYIOBO
f6d21ecb9f34fe04e347d527,gnps,BVHCIBPROINFPQ|CRAONLIHLOSKGE
f6d9f99a348599306056fb84,riken,QWQSMEDUZQDVLA|TYPSVDGIQAOBAD
f6ddbf0ecc07dc5b382e8559,riken,AYMYWHCQALZEGT|CXBGOBGJHGGWIE|DTCGCFSHOOECEU|ISNDTNDJSXYNKT|KLAGYIBJNXLDTL|OFSZOCPGPLMCBG|QUCQEUCGKKTEBI|ROQZUJKOMJECOM|VTDZPALYKJNMNV|VYIKEBWUZLHWQK
f6e924f5101da6e9fed72c9b,pluskal_ms2,FLHUJBKBZZRVCG|VNHOPSNATDRMNE
f6e941513055e57a18e5ba54,riken,AJJMKDCAQHLJQF|KFVUFODCZDRVSS|PWWCDTYUYPOAIU|YXBHWZYFNLJVNP
f6eac2e7920fc8653001a498,riken,FFULTBKXWHYHFQ|HNJZOHHIXSIJFG|MIKUYHXYGGJMLM
f6eca6399246fdffc693d67d,pluskal_ms2,MXTLAHSTUOXGQF|VZTUIEROBZXUFA
f6f1e92cc95ef19e28cbb765,gnps,AYFVYJQAPQTCCC|HJBWJAPEBGSQPR
f701c90b00a4da9d26b6119e,riken,NODILNFGTFIURN|QUQPHWDTPGMPEX|WYQVAPGDARQUBT
f70e6bef2b06cd7aea859c53,riken,HVYWMOMLDIMFJA|ZPQSCMDVMOBZID
f732a02d0aba1d53654d3f06,pluskal_ms2,KHPZUSRHGAZJFB|RCCIKUMUURARBT
f7434e3df56285b2ba9dfefd,pluskal_ms2,DFSNUDFNCOQUSJ|LXVCQCRSHWSFRS
f745f328e1bd50464dc0b140,riken,BZKDCAIDWFPAGZ|CMKFQVZJOWHHDV|VJEMOEYSQDKAQF
f7483453ae4c88d938f5bf97,pluskal_ms2,IRIYNWXFUVGMTN|YNVVVGLRZPUXCY
f77d90d52d99a08d52c497e9,riken,DRTQHJPVMGBUCF|XRYVAQQLDYTHCL|YSERMVLNNCPEPQ
f7a30e1d6891841c690689a0,pluskal_ms2,ISIBDMAKFALNIA|XZDXDZZLTQXFNU
f7b0e1f379aa51ef632d9487,pluskal_ms2,BXGXTXCNFOCKMX|LXFSCSJMDZZGDN
f7b1303ed90c011a995b68ec,riken,KZMACGJDUUWFCH|PJJGZPJJTHBVMX
f7b567a96efb49bca8efee9a,riken,AUVVAXYIELKVAI|DMIWIJAIZZONNT|RFKQJTRWODZPHF
f7baecc7fca4208642f96589,riken,QHLKSZBFIJJREC|YFVGIJBUXMQFOF
f7c7ac0fe6814c9a5e2ee698,riken,AEDDIBAIWPIIBD|VLOLGVKDVDYZDC
f7ccc7f3e3696192b7357a97,gnps,MWYHLEQJTQJHSS|XGDZEDRBLVIUMX
f7d1610aff2cfbe436d3831e,riken,BCQMBFHBDZVHKU|GCKLGRUZDXSATG
f7d45c05d22314b4456040e4,riken,BLUAFEHZUWYNDE|CITHEXJVPOWHKC|GLQYFMRUYWFXGT|GSSPKCPIRDPBQE|GWHCXVQVJPWHRF|RKUNBYITZUJHSG|SLJTWDNVZKIDAU|UWQXJCZFCNIUHA
f7d63f64a691d90c41853154,riken,DWCCVUBESGIKQL|HMMGKOVEOFBCAU|YWPVROCHNBYFTP
f7e04260395174b0bfc4ac56,gnps,XVZWLQXESCERMO|YAFCYESBJWJEMX
f7f59e62d14ecaacff6c74c4,riken,HWYBGIDROCYPOE|HYDDDNUKNMMWBD
f8003f61c2b62f0733801e3e,riken,PGLIMMMHQDNVRS|RKUNBYITZUJHSG|SHPPXMGVUDNKLV|ZZUFNBURDFJFSK
f806ef60cb786c77e5d29d22,riken,LIIALPBMIOVAHH|XVMZDZFTCKLZTF
f836d16218d12ac6da5ed219,riken,BNSKYFUGMLMCLM|WMEBIWWUBWHAOJ
f84197509d51a4648f3f6b3b,gnps+riken,FHHSEFRSDKWJKJ|QZZGJDVWLFXDLK
f85efa9aa55c4b951b25b0cc,pluskal_ms2,GNTNFDGUUKHKPJ|PGKALWCTRFUUJO
f86216a0e7fb334bf7c4592c,riken,FMIMFCRXYXVFTA|WMSZDXQCLFUBAQ
f8660061efdce834437a10c1,riken,KLHSKTMVSOWVLD|VDGOFNMYZYBUDT
f87a44a862757a12164b962a,riken,BXTNNJIQILYHJB|YXOLAZRVSSWPPT
f87f3c51031b39d0f88239c4,pluskal_ms2,JWQLVCBZBLRGHT|YFKNMTKRALCAPE
f882c91534b024d66558cd5c,riken,KILZIJKCZIGLFJ|PWAOOJDMFUQOKB|REIZDYUGEPBIJP
f8849da81e7531dce94e262e,riken,AIPRNSJTKFPHMW|QIMGUQIHCNDUKU
f886e2520d15f2a598a4b46d,riken,AIULWNKTYPZYAN|BDXYPHKGNUGUFG|MCPFEAJYKIXPQF|OGWKCGZFUXNPDA|OHJWWOZXCKEOGK|VYIKEBWUZLHWQK|XUHLIQGRKRUKPH|YTRAYUIKLRABOQ
f89295f114296a315aec51b7,pluskal_ms2,FZDNVUUSLMMINZ|MOIVLJTXVOWXCD
f894a86649b31381a8c4bef2,riken,HNOSJVWYGXOFRP|PLKFSXFJGNZAER
f8a5826ff2ce1497513ce49c,msdial+riken,MIRFNZKXFFLSRY|VYIBOCHDJVESIU
f8a9ccf1e90b21ad8f05b218,riken,AGABNGOXUSXQDD|YXOLAZRVSSWPPT
f8ae6688b9d8f67842dab8fe,riken,APZYKUZPJCQGPP|ZOUJKJNUAOXJGL
f8bcf19b1635bef24a94ef8e,riken,FFGGWIVHOGEVSP|IYCPMVXIUPYNHI
f8bf19b51d244c166e134ce9,riken,WKKBRRFSRMDTJB|XMVQWNRDPAAMJB|XYNPYHXGMWJBLV
f8d67a9c182ce79421e400ce,pluskal_ms2,CRVMDMUWJDBHRG|ZJCOLWRTVHBIBE
f8d791953df1b469fdd6c9a5,pluskal_ms2,ONBUDYDHHLFSPZ|VSLJXCOWCRWREN
f8db7812eab9e8ea0366da51,riken,KTASKRCJBXZGMH|MZNIJRAPCCELQX
f8ebb179443be08d563ce40a,riken,LCTONWCANYUPML|LSHVYAFMTMFKBA|QCQGNTXXPCJRFZ
f8ec220b253cb4104936f585,riken,ALUBZGFIRHMLEY|UVDQDNQWGQFIAO
f8f1ead04d04d2384b0c0ade,riken,GVJHHUAWPYXKBD|QCQGNTXXPCJRFZ|UBVJDBFJGYOVQT
f8f5380b7bb610b5a2d489cd,riken,NXIXJPLNNMLKRR|PXZBXUACWJKEFM|WZOBJNOPFAHZTE
f8fe825a8135c9a0882fbead,pluskal_ms2,WLZZTYFINARLDO|YZULDDZPZWXGDW
f90614a2b59c53353a24322d,riken,CDYBOKJASDEORM|CFUPNMDNSQIWBB|DBJLNNAUDGIUAE|KRQDMAXNTWLTDZ|PYXFVCFISTUSOO|QWQSMEDUZQDVLA|RHNFCIPJKSUUES|WLNDANGOFVYODW|XCDQFROEGGNAER|XKHCEDYSKNATME|YXHVCZZLWZYHSA
f91d93cbc1d956b08164d757,pluskal_ms2,HVEPLLKJSMENJC|IZVDXSWDESLGHP
f9323db889fde68d9d6f3e19,riken,AJJMKDCAQHLJQF|BHUIUXNAPJIDOG|BSAUHSXSNKKVHC|DAFMSUZBESPPSV|FHHRXCGEIWKTJD|JVTLZBKMNDSPSL|KRZBCHWVBQOTNZ|NTPLXRHDUXRPNE|OSJXTRFYPLXSCM|QDBWYYHWAVXSRF|QQANTDQGINANND|RCKVHVSVSXHFLH|RRZXIRBKKLTSOM|TZXKOCQBRNJULO|USSZROTZVDHBKM|VODLLOCLAAHTRJ|WJQLYTQYMSTZJJ
f936236f000723dbd71e5b9d,msdial+riken,NEBPBFLVSYFRQE|QUKCKUMUBOPETR
f9477c83f68969be9c476cc1,riken,PULWRMOKQNWQBD|WBDNTJSRHDSPSR
f9524158ec7c9ff8a9f6d8b8,riken,FFDULTAFAQRACT|NGROIZSHBGXMTB|TYUAGPZTMCIDLX|YFGQJKBUXPKSAW
f96ac7d6c7ecdee4403050d9,massbank+msdial+riken,KLSJWNVTNUYHDU|PMMURAAUARKVCB
f976a267d2623ab5bc80eb57,pluskal_ms2,CNXFTPKHMABMBC|GXFWCFLWFXJYCX
f97e773dde1d9653bdeefde0,pluskal_ms2,GUGOEESGYHJVJH|LJUFQFXDVDKVNZ
f97e7b52bc967d1d0df7ea09,riken,GFMYIOGFYYHKLA|GJFHZVPRFLHEBR|KWBPKUMWVXUSCA|VZTUIEROBZXUFA|WTBZNVRBNJWSPF
f981343b256ef389d99ee400,riken,LATQZYGIAROYHX|VTNZLQTUEWINQW
f9840464a9f768d6d23b82eb,pluskal_ms2,CTBWHLHWNKKNPA|VJNVMUFDZHICMK
f98a08cb876ee4e1f413bbd8,riken,GBJKHDVRXAVITG|IBIPGYWNOBGEMH
f990cb62cfa98b2f658f99e4,gnps+massbank,HSUIVCLOAAJSRE|VVTJQHCRBOHFTD
f9990b4eb0a2fed2f97596b1,pluskal_ms2,APPSMRPOZOOILN|QNOQKNYTTJIAFL
f99cd646228e060e3395fb64,riken,CWBZAESOUBENAP|LNJTUUHDKCPQAA|OICIAYRGTXPUNW
f99fe6d9bab0b76c239c67cb,riken,CXSXBHMYYCPTHP|PGLIMMMHQDNVRS|WCGUUGGRBIKTOS|YMGFTDKNIWPMGF
f9a0ca88d4e08cbe83714803,riken,FGANMDNHTVJAHL|OZJXTWMDBPQRGI
f9b54a8aa81b7ee0ed6f0163,riken,AIULWNKTYPZYAN|AOHCBEAZXHZMOR|BCIWKKMTBRYQJU|DTCGCFSHOOECEU|ISNDTNDJSXYNKT|JSIGICUAXLIURX|MCPFEAJYKIXPQF|NOWZBRLFRHWZOY|NVSLBOBPSCMMSO|OGWKCGZFUXNPDA|QUCQEUCGKKTEBI|VTDZPALYKJNMNV|VYIKEBWUZLHWQK|WNGSUWLDMZFYNZ|WVTKBKWTSCPRNU|XLHIYUYCSMZCCC|XUHLIQGRKRUKPH|ZJRDCQWLAILQHR
f9b73f50e1693a150489951f,pluskal_ms2,CXDFOJFHXOHFPC|FNFVFFALESRXAL
f9b939bd1adb6c5e6d3f8151,pluskal_ms2,NZCIONSHJHDGFO|YTHSDGLNDXPJAJ
f9bcc2c28f8ec812577d3ea2,riken,LUPOASRLTFUNMI|XBDQKXXYIPTUBI
f9c76e72fc8ac40c89e75aa9,pluskal_ms2,WDEKOHTUSQRRSZ|WJNIPNJMNBVBKI
f9d098cac8fcd129700cdbf9,riken,KXHCYYSIAXMSPA|XBRXLXOCHNGHBC
f9dcdd01911f6745473268d6,riken,FHIJMQWMMZEFBL|JMUOPRSXUVOHFE|NDUAXKHGCJIYEQ|YMWRMAOPKNYHMZ
f9ee9120d6a0c48686589753,riken,KESBUZBXJMXUNA|ZZXJOMSIUOUAHV
fa01cb27c8fcbd37aa04a0d5,pluskal_ms2,BAHWBLGZSGIKQC|CUYQTBFYBUKTBY
fa25eab1e2c624890a9bc179,riken,KEOITPILCOILGM|VUEGHZSQVJADCO|XSQFDXNJFMCRGJ
fa4ea1962e5cb41b1d926535,pluskal_ms2,WQCBMEONWKFYCS|XYIUVKBMNWWWAR
fa4fed466d62b8618bfda414,riken,GBJKHDVRXAVITG|OJXQLGQIDIPMTE|YBHILYKTIRIUTE
fa56249849e124973137b05b,riken,GLQYFMRUYWFXGT|MHGKDTTXFHUGAY|POVCYOFRCMBMKD|SWOVVKGLGOOUKI
fa5729d88c78b188ae0435e8,msdial+riken,DXDRHHKMWQZJHT|FURUXTVZLHCCNA|VBTMMYSERQFPPK|YNWXJFQOCHMPCK|ZQSIJRDFPHDXIC
fa58936311cad3f5eea3d3e6,massbank+spectraverse,CKRXVVGETMYFIO|PAOHBPWWJXVFBM|PCIUEQPBYFRTEM
fa5c3216a8051290f2cb2036,pluskal_ms2,GVHLLPAHVPRCOO|SSLKTQQOQJLHRE
fa5edb3dea6aff9badcf4f81,massbank,AGBYYCMLOLWSPS|LWKSMQXIHQRJJJ
fa62b727abc16dfde418648d,riken,LATQZYGIAROYHX|VXNJCLUDBLYAOL
fa716cb371b540ba0f42bc20,riken,IINUIABWYMTUJM|MINBUKAFVRAUDG
fa74ae46c90958ae539c986d,riken,ASLHXRONSASUAK|BQKXJCBALVIMOT|CQJGDYZEMIGJCJ|HVYWMOMLDIMFJA|LOEYOYHSBVAUQU|WKBWYWJYOAONEI|WVULKSPCQVQLCU
fa842fff98f387d13e2d35a4,riken,CAFTUQNGDROXEZ|FJQKXKNZQQBTDD|HEYZWPRKKUGDCR|RPYHJEFMMXMMHG|UFMAZRUMVFVHLY|YXOLAZRVSSWPPT
fa951d43252e55fce9d1c700,gnps,VHSBBVZJABQOSG|ZABDAGALHQDSEU
fa98a829afb4c97d8e5d6ba5,gnps,MDFRGIFVRJOKFA|XNEFYCZVKIDDMS
fa9bb168bc41014d70b1b363,riken,NODILNFGTFIURN|RERZNCLIYCABFS|UOJAEODBOCLNBU|VFPFQHQNJCMNBZ
fa9f13e4e27ae3684de7657f,msdial+riken,FVMDYYGIDFPZAX|ZEYHEAKUIGZSGI
fab6ade97968516814fac0e1,riken,FBSFWRHWHYMIOG|GWTUHAXUUFROTF|KGEKLUUHTZCSIP
facc4743dc66ca29eeb12217,riken,OJTOQAJKIWTRSX|ROQZUJKOMJECOM
facf3be42fefd514f249d75c,riken,HLHZQJPJPNQANY|OUGNWRCWQLUXHX
fad68cbc42b6e362a37070d9,riken,KKMPSGJPCCJYRV|KVAQLXUMUVEKGR|SOVOCMGDFRGRKF
fadc519a0e8c82dc48df78f0,riken,AALLCALQGXXWNA|DBJLNNAUDGIUAE|HJTVQHVGMGKONQ|QGNVMEXLLPGQEV|QWNQZWRFKIHTPL|QWWPCQGHWWNGET|ZEASWHWETFMWCV
fae12a15a69ed75b12a0a9d3,riken,SKXWDGDNWBYACJ|WKWFEHCINVBVSW
fae25625e061bf63343309d0,riken,DZWQPAFWILBODA|NSYZCCDSJNWWJL|ZAYYDHWLJXZASK
faf0102fc9395cbf4bc067c3,pluskal_ms2,COZUWGMIBZZPRW|SSLKTQQOQJLHRE
faf2beaa90ba2932ebcdc9b5,riken,ASUTZQLVASHGKV|FVFSMBDVZVUETN|FVHFOJVXQABRQG|GRTOGORTSDXSFK|HRYLQFBHBWLLLL|IUSBVFZKQJGVEP|KEOITPILCOILGM|OFEZSBMBBKLLBJ|OIVDEBIGYOTPKV|SWZMSZQQJRKFBP|ZFXYFBGIUFBOJW
faf524759562afe36d7ad78f,riken,QKUFYFUSJMGILO|WBFODTMGDIEMJU
fb013d65d287fc8cf5e39348,massbank,HWGBHCRJGXAGEU|PGOOBECODWQEAB|WZRRRFSJFQTGGB|YXIWHUQXZSMYRE|ZMZDMBWJUHKJPS
fb0295b3f8fb0bf1a02c6daa,riken,JVXWNCRJCLOVRQ|WYVVKGNFXHOCQV|XDLBSNLAIQNWON
fb0ec7411f392501da9090e7,gnps,SHGAZHPCJJPHSC|VZCCETWTMQHEPK
fb1196e50885ed40d6901247,pluskal_ms2,MDSTUZJSRWNHAR|SQFVGVQJQQHFIE
fb148586458180f9c9735b1f,pluskal_ms2,JUJGKVROMWUCBV|PXTZDSPTHUBOIB
fb17ab358c954d81b8220e1f,riken,LSHVYAFMTMFKBA|QCQGNTXXPCJRFZ
fb1fa723b833d4c5d653d18c,riken,LJWPEDHNPDOGIV|NIEHAABHXAUTQI
fb4893987b033fe8a2f08c1e,massbank,KGRVJHAUYBGFFP|OKOBUGCCXMIKDM
fb5759ec1888e16cc54aed77,riken,FCCDDURTIIUXBY|GPHUERASPIVMNY
fb60a511636c1b73930d1bfb,riken,HRYLQFBHBWLLLL|VUEGHZSQVJADCO
fb62b28632087ca1eb3ac154,pluskal_ms2,PHCVYXVSUKLYGH|RZNKYAXXVTULOJ
fb6492feb5b4d984c4765b63,pluskal_ms2,CHUUDRIKNFAJGZ|JKUXPBOILPNJHP
fb726f26fd10fd3101a67bda,pluskal_ms2,IUXMTYJKGIMPHV|MHYUNYWLDKJMRL
fb7cbb26a9dda7309a990aae,riken,ATQBPBZOVWXRTA|FNMHEHXNBNCPCI|GKAJCVFOJGXVIA|LNJTUUHDKCPQAA
fb7f60f8e8ee8d14c724ba0c,riken,FYHCRNQGYSHQEP|KLAOKWJLUQKWIF|LJWPEDHNPDOGIV
fb83cbed6132dd10167c997b,riken,COICYYHTLYZMEX|QORFVLSDZGITGP|RRZXIRBKKLTSOM
fb8ed9f968279421818ac61b,pluskal_ms2,BMOFKTDBQRITMO|DSPAICDFYLGDQU
fba68e518b68dd3932a32143,pluskal_ms2,UZEXJPKANLDXBC|ZGKPVKPCZOURSR
fbb683fffe8542bd29bcee01,riken,ASPCIAWQVXVATP|DFOCUWZXJBAUSQ|FVFSMBDVZVUETN|FVHFOJVXQABRQG|GMTJIWUFFXGFHH|GRTOGORTSDXSFK|HCUSLQJBGQJQCB|HPVWWHYNAAZHQR|IUSBVFZKQJGVEP|KBMSVODXFLAQNJ|KPKYWYZPIVAHKU|OIVDEBIGYOTPKV|ORJVQPIHKOARKV|OTJBXGAQAVEFCP|RSWGJHLUYNHPMX|TUSDEZXZIZRFGC|VQQGPFFHGWNIGX|VUEGHZSQVJADCO|WENNXORDXYGDTP|WRYJYFCCMSVEPQ|XSQFDXNJFMCRGJ|ZFXYFBGIUFBOJW
fbbd241abbbf40baf9261803,riken,ATXAGVGSBJTQOV|CWGIHUKKVIGOGZ|IHUNBGSDBOWDMA
fbdb2fa4ba9305259249683b,riken,ARPGURKWJGBPTN|SPAFMWIHXVIIPF
fbe77e2757a4cd96f0fab78c,pluskal_ms2,LOGQOWGAKPJRTM|UJWDOYSJRIVBJL
fbec4b8fdc8c4f17bb1b670d,riken,GQRPJUIKGLHLLN|KRQDMAXNTWLTDZ|PHLXREOMFNVWOH|VGJOYFZLAIERID|XRVOHZOREFBBDX|XWMMEBCFHUKHEX|YBCOIJNAMJAFSO|YMWRMAOPKNYHMZ
fbee2a340cab560324661902,pluskal_ms2,LROHHSIYDXYKKB|XEXZPBYTOCIDFN
fbef8a03fa4f12715ad4f7be,riken,HELXLJCILKEWJH|YWPVROCHNBYFTP
fbf058bc045478544211ae31,msdial+riken,FEZDDTIDMGTSLT|MHWAHKIDOYBXCN
fc09191b4a94d96b51a33b15,riken,KUNIPLHOIJFHHR|KVKRFLVYJLIZFD
fc09abc08d6e6d3f509d867f,riken,HPWWQPXTUDMRBI|OQYBLUDOOFOBPO
fc1082e279057638717cc2d9,riken,GPFNSVXDXCMNOL|HCGYMFPNEDDKQY
fc122c5dae2e2679695478ab,pluskal_ms2,ITKRZUCVBKTSGI|XCTUOBOQUJSQJX
fc154cc4e076be32991fa1ea,riken,IYOACTFZIFFILK|PIYIRGGWVHVHDV|VEUCARGUUJVDOF
fc184382c05b7984d6a32a0d,riken,FIAAVMJLAGNUKW|MMTWXUQMLQGAPC|OLAMGHNQGZIWHZ|PXGWEUQZDRUMRE|XFZJEEAOWLFHDH|YPWHZCPMOQGCDQ
fc270ea4aa0fd4d3adf14858,riken,BZKDCAIDWFPAGZ|DDDXYRAMQRKPDO|SNKFFCBZYFGCQN
fc27f0a573fd8b4a703e1806,pluskal_ms2,PBAPPPCECJKMCM|SVOQIEJWJCQGDQ
fc3299f0e4fbf9b83a5227c9,riken,ALWVJGZIYSIJGR|KJHRDNNKNHKYDW|WAZQKBSNIFTXNV
fc36384365cf0208058b35b6,riken,JNRNIJXHDHXSIY|JVTLZBKMNDSPSL|OSJXTRFYPLXSCM|RETSEGNZNUBJRB|UGRTULRMPFVUBH|UZBOWOQARWWIER
fc3aa718b5b89380067f9c78,massbank+msdial,BZQFBWGGLXLEPQ|DTBNBXWJWCWCIK|ISAKRJDGNUQOIC
fc41000ff1b9c646eacbb322,riken,BVMLCXLUJCAZQK|RCKVHVSVSXHFLH|TXXAZYZRJSNVLW
fc4784459ab93ffdf695e6b7,pluskal_ms2,CXDFOJFHXOHFPC|FNFVFFALESRXAL
fc47ddd1630eea2506f3c1bf,massbank+msdial,FUZZWVXGSFPDMH|JJMDCOVWQOJGCB
fc51db798e38cf95e0359eac,riken,AZKVWQKMDGGDSV|BQPRWZCEKZLBHL|QCQGNTXXPCJRFZ
fc617f0af45926c9a5145ad1,riken,CXVOPJQBVVUOTC|LUXRPLCOGZWQEC|OFSZOCPGPLMCBG
fc66d150aee2084e9c11713e,pluskal_ms2,QGHIAPFKUZTJRX|WGOKQVBJUZMKAQ
fc8e9890538b771dfdc7936f,pluskal_ms2,COSQDNGTNHDQEO|XIAAZSQJIDOGHX
fc8fa6b94e957f65aaed3a15,riken,BJFMLQOTWLSHOA|SKHJNNFXCKTDBG
fc9133a5ccdc1b3946ed16b6,msdial+riken,OFAYBXSZQCUARK|VMQIWLBFJRHJKK|YMGFTDKNIWPMGF
fc98c0adeec46910a5d7a7d9,riken,IINUIABWYMTUJM|WPYJMNHBYFFULY|WSGPLSDARZNMCW|YHWNASRGLKJRJJ|YZMKFMIZNSOPSN
fc9ccf0dcff456bff4db6415,pluskal_ms2,KLVFERIITBXTIL|WVVUGOCPOVLEAI
fcbc3d8e00bf3c14ae4067c5,pluskal_ms2,HMABYWSNWIZPAG|ZZJLMZYUGLJBSO
fce09473dd1bf60b43079b8f,riken,IUKLSMSEHKDIIP|WDKYDMULARNCIS
fce43f4415ef09a8de3ff470,riken,AKNHFZVXJDNNJF|ATWLFQWAUVXIEG|BXKNQKQIBKBMIZ|DDGJUTBQQURRGE|DEYFVOXDNWADAV|DXZNCVRUZDRWLR|FFULTBKXWHYHFQ|FNDTZZIWWYSDAH|GHUUTEXYFBCKSM|GMVYLXBMPRDZDR|HSPBTZRUYDLHGR|HUVFVYIECRCQCN|HVYWMOMLDIMFJA|IFQVDHKHKVDYQC|IIWUQMDYQWUJCW|IKYPEGVINGQGGO|JDCPEKQWFDWQLI|JKCJSQKIASUTKA|JLPDBLFIVFSOCC|KAYMPWXMHIUNGC|KILZIJKCZIGLFJ|KJNAEXDMQJHQJL|KWRQPASKWCJCPI|MBYNDKVOZOAOIS|MJHNTJSVTSWECS|NPTOZJLCWXEGKK|NVRUMGAPYRSOQF|NXJYJHDDQUZYBZ|OADZSFPWAGMTDV|PWAOOJDMFUQOKB|QAMQEWPHZSRJTN|QCTMYNGDIBTNSK|SLJTWDNVZKIDAU|TVYGDDMZPBKRPM|UEHILKCNLIKLEV|UFHDLEVLWORPKO|UOJAEODBOCLNBU|UZIOUZHBUYLDHW|VTRDANCBYRZCRZ|WBDNTJSRHDSPSR|WKBWYWJYOAONEI|WLTCHRVAPMUZPR|WMEBIWWUBWHAOJ|WOJKRRDDERNLBU|WURLGASLEZVNHV|XDLBSNLAIQNWON|XLRHKPTXMXNAGC|XRCLPWMEBOMKMG|XSMQPVSPOJTVQR|XUWSHXDEJOOIND|YDQWDHRMZQUTBA|YQNLTBIQEYMXGA|ZPQSCMDVMOBZID|ZVXWFPTVHBWJOU
fce69a8bdebcbd46d4b2ae66,riken,AEQDJSLRWYMAQI|AHLBWJHZDLMJOJ|BHPGRVQWTLDDQX|DKEZDPGUJMMUCC|IEBFEMIXXHIISM|MOLPUWBMSBJXER|PEMIXOORXAHUSL|RDUAKQUSLVHHOC|SSHDNSCEQSPWIM|TYFKYDTUEMTUNY|VJZKQVOURLBNBU|VXMOIPRQSYFTHI
fd00e1cf463ef7c7a6181401,riken,XRCLPWMEBOMKMG|XVPVVWNZAJAPLF
fd109aca1a401bae151a1270,riken,BDXYPHKGNUGUFG|CXBGOBGJHGGWIE|FPECZWKKKKZPPP|HNGNQFQJPOBLJE|LIHLSLRANKCHLV|NOWZBRLFRHWZOY|NVSLBOBPSCMMSO|OGWKCGZFUXNPDA|OHJWWOZXCKEOGK|QHBZHVUGQROELI|QTEXZXUEISELDK|ROQZUJKOMJECOM|RXTPBERNZNYWSC|YQNLTBIQEYMXGA
fd2ec70bad71cfecb624cd89,pluskal_ms2,WRUYWUZCEXHLHL|XNCWGISKEPDGKJ
fd30219d76198938c4ab2d3a,massbank+riken,RTHCYVBBDHJXIQ|VKVBSQRURLRCHO
fd370276f1a088f91fbec8f1,riken,VETFWJPJUHRUQG|YRXDKQKYWMHRSY
fd38c2443cec0c4fe424e077,riken,DQYACEDUQHWXQZ|HUOOMAOYXQFIDQ|YQEMAEKYNNOCBY
fd437382003b8fc58b0eb149,pluskal_ms2,BXVRKQKCHGZZII|HLKXLQAQQODOAS
fd69a67dae22d2f7c2c7a9ff,riken,DCBSHORRWZKAKO|NJUXRKMKOFXMRX|PHLXREOMFNVWOH|VGJOYFZLAIERID|WLNDANGOFVYODW|XWMMEBCFHUKHEX
fd746fe330c3eb525d3e3538,riken,MKQCLTNEQAMHGK|QXANIAZAMPJWCV
fd78a8c6ace587c52b135862,riken,RRRSSAVLTCVNIQ|WZUVPPKBWHMQCE
fd88a39f38e9999e60747aec,riken,AONBXCCYURJCAY|KFYOFJUUTSALEH
fda155ee64b2d5ecf08f5fe8,riken,GZYPWOGIYAIIPV|KYQZWONCHDNPDP|ZQSIJRDFPHDXIC
fda525a4c346e0a5e9dff94a,riken,IUOVOAJPVOWNCJ|KQSFNXMDCOFFGW
fda5a7bf48fba8c6e3d8adf1,riken,DEMKZLAVQYISIA|OFSZOCPGPLMCBG
fdab239e3c17b8c8d9101e54,riken,BDIAUFOIMFAIPU|PHZOWSSBXJXFOR|RISXUTCDCPHJFQ
fdb2497893d0a70fd5a54586,pluskal_ms2,XGYGEAWFUZQYSS|YNARFWWBMMQRTJ
fdb88eff86aa732ad0274a32,gnps,ADXGNEYLLLSOAR|LQHDJQIMETZMPH
fdc4087aff4695a6f0ce87dc,riken,ASUTZQLVASHGKV|FVFSMBDVZVUETN|FVHFOJVXQABRQG|GMTJIWUFFXGFHH|HRYLQFBHBWLLLL|IUSBVFZKQJGVEP|KBMSVODXFLAQNJ|OTJBXGAQAVEFCP|SWZMSZQQJRKFBP|VUEGHZSQVJADCO|WENNXORDXYGDTP|XSQFDXNJFMCRGJ
fdc4bfb7670417a4441d1874,riken,ROTMXRXTGVWUHF|TUUXBSASAQJECY
fdcdf167c70f5d37e6af1e30,riken,VBTMMYSERQFPPK|VXMOIPRQSYFTHI|YCDZBVXSGVWFFX
fdd12176e7810fac95eaa5ce,riken,MCPFEAJYKIXPQF|XLHIYUYCSMZCCC
fdd132763401df5dc12bf4c9,pluskal_ms2,BTYBIJYFDWWGQO|HOJZUWVUVKPLJU
fddc20fc264b29415d6e6e33,riken,JZWZFNOVWZEQMF|XIKYOEXOYRWIOU
fdddf0e2bc23853e6a171a6c,pluskal_ms2,QJPCLIAAPIUMQU|VELXWQVKLUYRBG
fdf25d95b03ad36c9722ad32,gnps+msdial+riken,FJKROLUGYXJWQN|ISWSIDIOOBJBQZ
fdf2e868f7de8887ae6e61b3,pluskal_ms2,GIEHYCZYCZPMNY|OSTLIPJEMYVALT
fe0430b3de4d65b8fa10e1a9,massbank,NJKDOADNQSYQEV|YLPBXIKWXNRACS
fe11072e02acc9e702d074fd,riken,ARPGURKWJGBPTN|CKUVNOCSBYYHIS|HCZKYJDFEPMADG|IQPNAANSBPBGFQ|IZQSVPBOUDKVDZ|ORHBXUUXSCNDEV|RAQNTCRNSXYLAH|YRCWQPVGYLYSOX
fe12e1da0183d8a56a47dcf3,pluskal_ms2,AUPVXELYDOKUDB|RSHLQDXUKBUQRK
fe1a436aec777fd600db71bd,riken,NDEVARCRJOYXJL|SNZNSNULJBXKRP
fe1caa55d9af54600f0eedc5,riken,ORGVYSONNBFESV|PZEAYKDDQCGSQU
fe1d330c1bdea948bd0520f8,riken,MKQCLTNEQAMHGK|PDHAOJSHSJQANO
fe21c553cc1ed1ee1a9b1c2d,massbank+msdial,HVBSAKJJOYLTQU|ZAJAQTYSTDTMCU
fe2541eb9d4e841c1907e92a,pluskal_ms2,SBJODUOFAKPRET|TUNWQQMZTNPKRM
fe257a30eee7481c41f605fa,riken,MPXAWSABMVLIBU|SMLTWMLPLYCADB
fe2985550220e745817db9d4,riken,DXPPUWBUOSSSAV|KESBUZBXJMXUNA|LMBHKAWZFQGFAN|MKQCLTNEQAMHGK|XWFDREYZNGAQBP
fe2b3eef0de01bfba169bebc,riken,HRBGONPRSGPFMT|JTRLVVUONAUOHI
fe3168d710a681a47f361d3d,riken,WVULKSPCQVQLCU|XPMQJVHMFLZDSA
fe39ec37f19e49545723707c,pluskal_ms2,MYRYGQYFYQIWAD|NHPNPGRWUFENKK
fe47ab519254238b415ff5dd,riken,CIAXXTSXVCLEJK|DQYACEDUQHWXQZ|GMBQZIIUCVWOCD|HDXIQHTUNGFJIC|HJBUYKZTEBZNSH|IYCPMVXIUPYNHI|KIZBWUUJNJEYCM|KTAQQSUPNZAWEY|KWBPKUMWVXUSCA|MDAHEEBYLFVHSJ|MMTWXUQMLQGAPC|NLVBYGTTYRFJKH|NSEWTSAADLNHNH|OIFVLHZEBAXHPM|OJISWUQNQQWEND|PXGWEUQZDRUMRE|QOMMOFWDRUREMP|RHJULGLSOARXMO|RJANATGWWPNKAL|RXAXTTGJEMODPY|TUUXBSASAQJECY|VBTMMYSERQFPPK|WRLXHKDQSQMWSH|XFZJEEAOWLFHDH|XGMGGAPZYUWNMO|XRYVAQQLDYTHCL|YFVGIJBUXMQFOF|YLTPWCZXKJSORQ|YRAQEMCYCSSHJG|YUSWMAULDXZHPY|ZBXWGKPUSLRPHX|ZNEIIZNXGCIAAL
fe48a261884f5534cc2576c0,riken,NEQGOKAKPXXESR|RYWOMIMQYQUGDB
fe4de643b1084aabb4dade3e,pluskal_ms2,FSTDRNWTSCJIRN|SGWCGSNQYPEXBO
fe53dfbcbd8931c8ecc64e1e,riken,FVWJYYTZTCVBKE|HTYKHVALTAIEOS|IGWDEVSBEKYORK|PWNTUQHZNAMVQO
fe5d3c0531d4ccf754057e16,riken,NLVBYGTTYRFJKH|XGMGGAPZYUWNMO
fe5fe592376ab3d7731cc442,riken,IHLDCUQUFBWSJU|JTRLVVUONAUOHI|VTWDKFNVVLAELH
fe6c879bf6ab56508589fd77,riken,BDIAUFOIMFAIPU|ZVXWFPTVHBWJOU
fe6d887e75460ee51a0c2943,riken,BQTYHFZQSAKNQU|GGGUGZHBAOMSFJ|IOUVKUPGCMBWBT|KFEFLPDKISUVNR|KLMZPLYXGZZBCX|QJKMIJNRNRLQSS|ROTMXRXTGVWUHF|YYFOFDHQVIODOQ|YYWGABLTRMRUIT
fe71c45b353569c8c4374bfb,pluskal_ms2,BXVRKQKCHGZZII|HLKXLQAQQODOAS
fe74d03ac5dbe602e24c571a,riken,ATWLFQWAUVXIEG|YURJSTAIMNSZAE
fe81273178cbcadd6d4d37b9,riken,LJOQGZACKSYWCH|ULZFTGWWPHYLGI|YIIRVUDGRKEWBV
fea16f3a1234acd4b2102a7d,gnps,IVTCCIWPLOWCON|NSKUIRLPQMMUJZ
fea1af557fa8307ef299446f,riken,AAJIHHYEPHRIET|LDJDMENPMPQEFY
fec0e23b4271ff42ac0c3c73,riken,CXBGOBGJHGGWIE|UEXLXEOCAYUYCI
fef7d5d9bcd7cf7a71ad49be,riken,HRSFCYYMBMDMOU|YCFQXQCEEPCZMO
fefbaa4591bdb7972e0a9293,pluskal_ms2,SIVKHOSFHOJITQ|YFISZQQDGWSXEE
fefdf586dcfe75df8741f3bb,riken,IIQSJHUEZBTSAT|LETBAZLAGJPEIM|PPCHTBBOSVKORE
ff070f138ad0e0ebf6a506f2,gnps,CRVMDMUWJDBHRG|ZJCOLWRTVHBIBE
ff1245c984c5c768c47520c2,riken,ASPCIAWQVXVATP|BTIKJPRUQUGBSU
ff15cd532c18254e56d381c9,riken,QRYCLVPCVHKKTG|URKUMPTWTITVCL
ff1af479321355ececa38e33,riken,IMQLKJBTEOYOSI|MIJYXULNPSFWEK
ff27b491b682299a876c569e,riken,AMXYFWUYMQOLRN|XCUCMLUTCAKSOZ|ZUADKIVUCPFXDX
ff3f2576e7cee6c1399147b5,riken,AALLCALQGXXWNA|CIUHLXZTZWTVFL|FJHBVJOVLFPMQE|FRMCCTDTYSRUBE|GCJWPRRNLSHTRY|HHQJBWYXBWOFJY|JPEPPDJNTDNMQL|JYEDISZKFNNREA|KKMPSGJPCCJYRV|KYFBXCHUXFKMGQ|LMEHVEUFNRJAAV|NGFMICBWJRZIBI|NRPKURNSADTHLJ|RZVUCQZHOKQLFV|XUCIJNAGGSZNQT|YOSRLTNUOCHBEA|ZPFRAPVRYLGYEC
ff4097e97110208a81c34d10,riken,FTVWIRXFELQLPI|JXLYSJRDGCGARV
ff562c8550190a2c597cb0cf,riken,KVKRFLVYJLIZFD|PULWRMOKQNWQBD|WMSZDXQCLFUBAQ
ff58a2d0afcb3a769f75cdd4,pluskal_ms2,ROPKCVZEIICLDZ|ZLKMITJMEUQHAQ
ff5b8b6b4322d10b39486a0f,pluskal_ms2,KHPZUSRHGAZJFB|RCCIKUMUURARBT
ff6245966986288bd0f3e94b,riken,MROYUZKXUGPCPD|QIMGUQIHCNDUKU
ff659314b2c3fe82b7822697,pluskal_ms2,MPTHRYMEZLSXLR|RBQDSPWDBOODHS
ff73b208e33b993df1880f4f,riken,MJRQUHHZUFSBLY|RQCPSSAEPWERKH
ff7ed4dffe6137c2ec4110c0,riken,ORJVQPIHKOARKV|SWZMSZQQJRKFBP|YCXUCEXEMJPDRZ|ZFXYFBGIUFBOJW
ff84e8fe9e6fb1780afeee53,riken,ODJQKYXPKWQWNK|SCULJPGYOQQXTK
ff95feccc46767140c86cff7,pluskal_ms2,ADRVHQUIMACBAD|ZTAWAXPOIPKSNV
ff994acb19feb91b8ea9c21b,riken,BLUAFEHZUWYNDE|GSSPKCPIRDPBQE|SLAWMGMTBGDBFT|XVOHELPNOXGRBQ
ff9e61ab7a550af4ac5ef4ac,riken,AUTZLTCWRDPAPV|PJQLSMYMOKWUJG
ffac82fa8153e54d7bd230db,riken,DCYOADKBABEMIQ|GZSOSUNBTXMUFQ|GZYPWOGIYAIIPV|NFZYDZXHKFHPGA|NLAWPKPYBMEWIR|NODILNFGTFIURN|NPNUFJAVOOONJE|OLOOJGVNMBJLLR|PVNIQBQSYATKKL|QOVKKEKBURQILF|QUQPHWDTPGMPEX|QZZGJDVWLFXDLK|SOVNCTNQAWWYAQ|UBCKYWKJKPMKAA|WMBWREPUVVBILR
ffb001ce9c0f3baf3ac45977,pluskal_ms2,IKSHXEFFYBSFGO|SQFVGVQJQQHFIE
ffb3267da7f6e0392b09d174,riken,ULZFTGWWPHYLGI|XPMQJVHMFLZDSA
ffb7aae61dcb16fd4551513a,pluskal_ms2,JBPUTKVOSWJTTD|UEXJCBSEXADJCE
ffbcfb12af9cf22d88e14d53,riken,GMBQZIIUCVWOCD|PRZVXHGUJJPSME
ffc18227aa2cff72bd4a1c05,msdial+riken,CMPQUABWPXYYSH|DTBNBXWJWCWCIK|ILXHFXFPPZGENN|SUHOOTKUPISOBE|XZKIHKMTEMTJQX
ffc62173cb4f3d3ec7139ea3,riken,GZYPWOGIYAIIPV|KDXVVZMYSLWJMA|NODILNFGTFIURN
ffc82c42d3a76a5fc3ef4f98,pluskal_ms2,JZHCHLNPODFCTL|UTDZENVBQMAAHN
ffd1e0c72cbac637670ebf0b,riken,ASUTZQLVASHGKV|FVFSMBDVZVUETN|FVHFOJVXQABRQG|GRTOGORTSDXSFK|IUSBVFZKQJGVEP|KEOITPILCOILGM|OIVDEBIGYOTPKV|OTJBXGAQAVEFCP|SWZMSZQQJRKFBP|TURHTASYUMWZCC|VQQGPFFHGWNIGX|WRYJYFCCMSVEPQ|XSQFDXNJFMCRGJ
ffd262f824b06bc050069cdc,massbank+msdial+riken,NGSWKAQJJWESNS|SGMJBNSHAZVGMC|UDMBCSSLTHHNCD
fff15fc84e242884da84ddc8,riken,OSJXTRFYPLXSCM|QBUIDYLGKMWNEA
