set,query,nn,tanimoto,delta,dmass
enveda-np-examples,ACNHBCIZLNNLRS,IMABPJDBODVJSN,0.6623376623376623,-C2H4O,-44.02621474799997
enveda-np-examples,ACWBQPMHZXGDFX,ICSQZMPILLPFKC,0.8032786885245902,-O,-15.994914620000031
enveda-np-examples,ADEBPBSSDYVVLD,UJEPFLUMZAEBIS,0.7169811320754716,+C2H4,28.031300127999998
enveda-np-examples,AGOYDEPGAOXOCK,ULGZDMOVFRHVEP,0.922077922077922,+CH2,14.015650063999942
enveda-np-examples,AIONOLUJZLIMTK,HRFSSDXPHTZMLA,0.8666666666666667,-CH2,-14.015650063999999
enveda-np-examples,ALEXXDVDDISNDU,VWQWXZAWFPZJDA,0.796875,-C2H2O2,-58.005479303999834
enveda-np-examples,AMOGMTLMADGEOQ,SQOJOAFXDQDRGF,0.6610169491525424,+O,15.994914620000088
enveda-np-examples,ANJTVLIZGCUXLD,CULUKMPMGVXCEI,0.6,-CH2,-14.015650063999999
enveda-np-examples,AQCHWTWZEMGIFD,AGMMTXLNIQSRCG,0.45614035087719296,+C6H4,76.031300128
enveda-np-examples,ASUTZQLVASHGKV,OYSGWKOGUVOGFQ,0.7547169811320755,+CH2,14.015650063999999
enveda-np-examples,AUVVAXYIELKVAI,DTGZHCFJNDAHEN,0.8909090909090909,+CH2,14.015650063999999
enveda-np-examples,BBMULGJBVDDDNI,VHKXXVVRRDYCIK,0.4036697247706422,-C9H18O3,-174.12559443600026
enveda-np-examples,BHQCQFFYRZLCQQ,XOUBHVKCXRSUEN,0.8888888888888888,-CH2,-14.015650063999999
enveda-np-examples,BJRNKVDFDLYUGJ,PUQSUZTXKPLAPR,0.75,-CH2,-14.015650063999942
enveda-np-examples,BLGXFZZNTVWLAY,AADVZSXPNRLYLV,0.7931034482758621,+CH2,14.015650063999999
enveda-np-examples,BXNJHAXVSOCGBA,SATMZMMKDDTOSQ,0.6410256410256411,+CH2,14.015650063999999
enveda-np-examples,CBPNZQVSJQDFBE,HKVAMNSJSFKALM,0.8461538461538461,+C3H4O2,72.02112936800017
enveda-np-examples,CEUORZQYGODEFX,CDONPRYEWWPREK,0.640625,+H2,2.015650063999999
enveda-np-examples,CGIGDMFJXJATDK,OKHORWCUMZIORR,0.82,-CH2,-14.015650063999999
enveda-np-examples,CJDRUOGAGYHKKD,LCYPYTJALPJIBU,0.5384615384615384,?,-57.06987670809002
enveda-np-examples,CKLJMWTZIZZHCS,DCXYFEDJOCDNAF,0.65,+O-HN,0.9840155880000054
enveda-np-examples,CTRLABGOLIVAIY,PHNLCHMJDSSPDQ,0.6176470588235294,+O-H2,13.979264556000004
enveda-np-examples,CWVRJTMFETXNAD,KRZBCHWVBQOTNZ,0.8913043478260869,-C9H6O3,-162.03169405199998
enveda-np-examples,CZMRCDWAGMRECN,MUPFEKGTMRGPLJ,0.8421052631578947,-C6H10O5,-162.05282341999987
enveda-np-examples,DATAGRPVKZEWHA,ACIJGUBIMXQCMF,0.6666666666666666,+H2-O2,-29.974179176000007
enveda-np-examples,DBEPLOCGEIEOCV,OESNKOKTKJVMIR,0.8103448275862069,+H3-N,-10.979598904
enveda-np-examples,DWTTZBARDOXEAM,NFEVFCAOVZCHBN,0.8780487804878049,+C2H4O,44.026214747999916
enveda-np-examples,DXDRHHKMWQZJHT,JUMSUVHHUVPSOY,0.8125,+O,15.994914620000003
enveda-np-examples,FBPFZTCFMRRESA,OXQKEKGBFMQTML,0.9166666666666666,-CH2O,-30.010564684000002
enveda-np-examples,FELGMEQIXOGIFQ,NCNFDKWULDWJDS,0.6129032258064516,-C2H2,-26.015650064
enveda-np-examples,FFGPTBGBLSHEPO,VPZIYMMSJFWLSP,0.7419354838709677,-O,-15.994914620000003
enveda-np-examples,FJKROLUGYXJWQN,KKEYFWRCBNTPAC,0.75,-CO,-27.994914620000003
enveda-np-examples,FSASIHFSFGAIJM,HPZMWTNATZPBIH,0.5,isomer (0),0.0
enveda-np-examples,FTVWIRXFELQLPI,URFCJEUYXNAHFI,0.8157894736842105,+O,15.994914620000031
enveda-np-examples,FXNFHKRTJBSTCS,JVXZRQGOGOXCEC,0.7777777777777778,-O,-15.994914619999975
enveda-np-examples,GBOGMAARMMDZGR,SDZRWUKZFQQKKV,0.4673913043478261,-CO,-27.994914619999975
enveda-np-examples,GBXSMTUPTTWBMN,LZFZMUMEGBBDTC,0.8113207547169812,+C2H4,28.031300127999998
enveda-np-examples,GFNANZIMVAIWHM,UREBDLICKHMUKA,0.8596491228070176,+O-CH2,1.9792645560000324
enveda-np-examples,GGXICVAJURFBLW,HNPFPERDNWXAGS,0.7758620689655172,+C3H6,42.046950192
enveda-np-examples,GMBQZIIUCVWOCD,FWCXELAAYFYCSR,0.7857142857142857,-O,-15.994914620000031
enveda-np-examples,GZSOSUNBTXMUFQ,GHYGFLACCCIQKR,0.8656716417910447,+CH2,14.015650063999942
enveda-np-examples,GZYPWOGIYAIIPV,JDCPEKQWFDWQLI,1.0,+CH2O,30.010564683999974
enveda-np-examples,HDACQVRGBOVJII,VXFJYXUZANRPDJ,0.9636363636363636,-CH2,-14.015650063999999
enveda-np-examples,HDOVUKNUBWVHOX,MKUXAQIIEYXACX,0.6274509803921569,+C5H9NO,99.06841390800005
enveda-np-examples,HHJUWIANJFBDHT,JXLYSJRDGCGARV,0.8461538461538461,+N-C3H3O2,-57.01023033600018
enveda-np-examples,HPNSFSBZBAHARI,NEGCNVRPGPHOAR,0.92,-C5H8,-68.06260025599994
enveda-np-examples,HSHNITRMYYLLCV,IRUHWRSITUYICV,0.7419354838709677,isomer (0),0.0
enveda-np-examples,HYFHYPWGAURHIV,HAVJATCHLFRDHY,0.9305555555555556,+CH2,14.015650064000056
enveda-np-examples,IECPWNUMDGFDKC,RVQJVYPWIAZBHF,0.524390243902439,+H6-O,-9.947964427999977
enveda-np-examples,IEDVJHCEMCRBQM,HWBPOLWLLFXEJY,0.825,+CH2,14.015650063999999
enveda-np-examples,IKGXIBQEEMLURG,MNIDWWPXTZZMMY,0.8970588235294118,-C6H10O4,-146.05790880000006
enveda-np-examples,IKMDFBPHZNJCSN,CFYMYCCYMJIYAB,0.7692307692307693,-CH2,-14.015650063999999
enveda-np-examples,IPVQLZZIHOAWMC,ODAIHABQVKJNIY,0.803921568627451,+C2H4,28.031300127999998
enveda-np-examples,IVOMOUWHDPKRLL,XRILCFTWUCUKJR,0.7538461538461538,-C10H12N5O7P,-345.04743435399996
enveda-np-examples,IYGYMKDQCDOMRE,JZUTXVTYJDCMDU,0.7017543859649122,-CH4,-16.031300128000055
enveda-np-examples,JUVIOZPCNVVQFO,ZJMLELXRQUXRIU,0.819672131147541,-O,-15.994914620000031
enveda-np-examples,JXLYSJRDGCGARV,OGWKCGZFUXNPDA,0.883495145631068,+H2-O,-13.979264555999976
enveda-np-examples,JXSVIVRDWWRQRT,PRAUVHZJPXOEIF,0.8095238095238095,-O,-15.994914619999975
enveda-np-examples,JYGXADMDTFJGBT,HERCGHIBUWWDIX,0.8518518518518519,+O-CH2,1.9792645559999755
enveda-np-examples,KPYSYYIEGFHWSV,DAFOCGYVTAOKAJ,0.7,+Cl-H,33.961027648
enveda-np-examples,KQNZDYYTLMIZCT,IKUWMGOXYQGWPC,0.717391304347826,+H2,2.015650063999999
enveda-np-examples,LOIYMIARKYCTBW,JKDACPUPAMICIA,0.4117647058823529,+CH2-O,-1.979264556000004
enveda-np-examples,LPMXVESGRSUGHW,AZOXLPPOBHVORY,0.7108433734939759,+H2O,18.010564683999974
enveda-np-examples,LSQZJLSUYDQPKJ,AVKUERGKIZMTKX,0.84,+O,15.994914620000031
enveda-np-examples,LXNHXLLTXMVWPM,NHZMQXZHNVQTQA,0.7586206896551724,+O-HN,0.9840155880000054
enveda-np-examples,LZFZMUMEGBBDTC,GBXSMTUPTTWBMN,0.8113207547169812,-C2H4,-28.031300127999998
enveda-np-examples,MATGKVZWFZHCLI,NQWVSMVXKMHKTF,0.926829268292683,-CH2,-14.015650063999999
enveda-np-examples,MBNGWHIJMBWFHU,AOLOMULCAJQEIG,0.8571428571428571,-CH2,-14.015650063999999
enveda-np-examples,MFWNKCLOYSRHCJ,VIGVTDRZHFWDBM,0.74,+CH2,14.015650063999999
enveda-np-examples,MKUXAQIIEYXACX,HDOVUKNUBWVHOX,0.6274509803921569,-C5H9NO,-99.06841390800005
enveda-np-examples,MPDGHEJMBKOTSU,RMIVRCBSQPCSCQ,0.8135593220338984,-CH2,-14.015650063999999
enveda-np-examples,MXYUKLILVYORSK,OWGJQNXIWMMDTH,0.7435897435897436,-H2,-2.015650063999999
enveda-np-examples,NGSWKAQJJWESNS,WBYWAXJHAXSJNI,0.6666666666666666,+O,15.994914620000003
enveda-np-examples,NODILNFGTFIURN,XBGLCVZQMWKHFC,0.9761904761904762,-C5H8O4,-132.04225873600012
enveda-np-examples,NYHBQMYGNKIUIF,OTDJAMXESTUWLO,0.76,+O-S,-15.977156379999997
enveda-np-examples,OGWKCGZFUXNPDA,JXLYSJRDGCGARV,0.883495145631068,+O-H2,13.979264555999976
enveda-np-examples,OIGNJSKKLXVSLS,LRJOMUJRLNCICJ,0.7833333333333333,-C2H2O,-42.01056468400009
enveda-np-examples,OZWKMVRBQXNZKK,BRYLPYVVKWRBSW,0.5660377358490566,-C4H7NO3,-117.04259308399995
enveda-np-examples,PCZOHLXUXFIOCF,OYNSFDWALRRTFU,0.8181818181818182,-C2H2O,-42.010564683999974
enveda-np-examples,PFTAWBLQPZVEMU,RSYUFYQTACJFML,0.7894736842105263,+O,15.994914619999975
enveda-np-examples,PHLBKPHSAVXXEF,ORJUEHXQOBCAKN,0.711864406779661,-CH2,-14.015650063999942
enveda-np-examples,PMTMAFAPLCGXGK,IYEHRWJNUWAXAD,0.813953488372093,isomer (0),0.0
enveda-np-examples,PNVNVHUZROJLTJ,KYYIDSXMWOZKMP,0.717948717948718,+CH2,14.015650063999999
enveda-np-examples,PRAUVHZJPXOEIF,JXSVIVRDWWRQRT,0.8095238095238095,+O,15.994914619999975
enveda-np-examples,PSGAAPLEWMOORI,FRQMUZJSZHZSGN,0.7090909090909091,+C2H2O,42.01056468400003
enveda-np-examples,PSIFNNKUMBGKDQ,ZEUXAIYYDDCIRX,0.7580645161290323,+H2-O,-13.979264555999976
enveda-np-examples,QAIPRVGONGVQAS,YIFZKRGUGKLILR,0.6896551724137931,+O-CH2,1.979264556000004
enveda-np-examples,QANMHLXAZMSUEX,PPZNKEWLJJEHRV,0.4375,+CN2-O,24.011233379999993
enveda-np-examples,QCHFTSOMWOSFHM,JEKWFJIPBJGBJT,0.6222222222222222,+O-S,-15.977156379999997
enveda-np-examples,QEVHRUUCFGRFIF,ZCDNRPPFBQDQHR,0.8554216867469879,-C2H2O2,-58.00547930400012
enveda-np-examples,QFJCIRLUMZQUOT,HKVAMNSJSFKALM,0.8727272727272727,-C2H4O,-44.02621474800003
enveda-np-examples,QGXBDMJGAMFCBF,FDGQIVOIHOIMNK,0.6739130434782609,-CH2,-14.015650063999999
enveda-np-examples,QIVBCDIJIAJPQS,JLSKPBDKNIXMBS,0.7777777777777778,+O-HN,0.9840155880000054
enveda-np-examples,QXKHYNVANLEOEG,RAYQKHLZHPFYEJ,0.6216216216216216,-H4O,-20.026214748
enveda-np-examples,QYIYFLOTGYLRGG,ZAIPMKNFIOOWCQ,0.7735849056603774,+Cl-CH3,19.945377583999914
enveda-np-examples,RCINICONZNJXQF,TYLVGQKNNUHXIP,0.8888888888888888,+C2H2O,42.01056468399986
enveda-np-examples,RFDAIACWWDREDC,HAYYIOAHIPQKBA,0.9661016949152542,-C2H3NO,-57.02146371600003
enveda-np-examples,RHMXXJGYXNZAPX,UUNPIWCQMVNINR,0.7352941176470589,-CH2,-14.015650063999999
enveda-np-examples,RKUNBYITZUJHSG,FFTQFHULPHYOIS,0.7555555555555555,-C2H2O,-42.010564683999974
enveda-np-examples,RMMXLENWKUUMAY,RCOBUBSULFIXAR,0.7073170731707317,-C6H8O6,-176.03208797600018
enveda-np-examples,RONZAEMNMFQXRA,DAWYIZBOUQIVNX,0.6875,-O,-15.994914620000031
enveda-np-examples,RTIXKCRFFJGDFG,KZNIFHPLKGYRTM,0.8,-O,-15.994914620000031
enveda-np-examples,RUDATBOHQWOJDD,NVTDAUYTNRUBQY,0.82,-O,-15.994914619999975
enveda-np-examples,RXPRRQLKFXBCSJ,QMSXPSURJTUZMP,0.7936507936507936,-CH2O,-30.010564683999974
enveda-np-examples,RYMZZMVNJRMUDD,ATPFRGQBOVFFQM,0.828125,-O,-15.994914619999975
enveda-np-examples,RYYVLZVUVIJVGH,HGFWMGARSDHJFP,0.6176470588235294,-C2H4,-28.031300127999998
enveda-np-examples,RZJQGNCSTQAWON,KJGOARVXLMFYCA,0.42857142857142855,+O2S,63.96190023999998
enveda-np-examples,SHIBSTMRCDJXLN,XZTUSOXSLKTKJQ,0.7413793103448276,+O,15.994914619999975
enveda-np-examples,SQOJOAFXDQDRGF,FPUXKXIZEIDQKW,0.6666666666666666,+O,15.994914619999975
enveda-np-examples,STECJAGHUSJQJN,IDTQMAFSZYEUKJ,0.74,-C3H4O,-56.02621474800003
enveda-np-examples,STZYTFJPGGDRJD,YCLRVZOPBZJOCL,0.6986301369863014,+CH2,14.015650063999999
enveda-np-examples,SUBDBMMJDZJVOS,ZBFDAUIVDSSISP,0.6666666666666666,+CH-N,-0.9952489679999985
enveda-np-examples,TZBJGXHYKVUXJN,PJJGZPJJTHBVMX,0.8055555555555556,+O,15.994914620000031
enveda-np-examples,TZJALUIVHRYQQB,SVXJDTNFJXKATR,0.9078947368421053,-C6H10O5,-162.0528234200002
enveda-np-examples,UIKROCXWUNQSPJ,XOKCJXZZNAUIQN,0.5853658536585366,-O,-15.994914620000003
enveda-np-examples,ULGZDMOVFRHVEP,AGOYDEPGAOXOCK,0.922077922077922,-CH2,-14.015650063999942
enveda-np-examples,UZKQTCBAMSWPJD,HYVABZIGRDEKCD,0.775,+O,15.994914620000003
enveda-np-examples,VAOCPAMSLUNLGC,DUOHVNSMLSPTMI,0.8235294117647058,-CH2,-14.015650063999999
enveda-np-examples,VGEREEWJJVICBM,QWQGMMRHTWIOGH,0.7741935483870968,+O,15.994914619999975
enveda-np-examples,VHBFFQKBGNRLFZ,OPHKKQQCOYMLPW,0.75,-CH2,-14.015650063999999
enveda-np-examples,VHRSUDSXCMQTMA,MYYIMZRZXIQBGI,0.8135593220338984,+CH3-F,-3.974928123999973
enveda-np-examples,VMXUWOKSQNHOCA,WZLBVRXZNDXPPW,0.76,+CH2,14.015650063999999
enveda-np-examples,WCGUUGGRBIKTOS,NZCULBURCGAPSF,0.7966101694915254,-O,-15.994914619999975
enveda-np-examples,WJXSWCUQABXPFS,GLDQAMYCGOIJDV,0.6153846153846154,+HN-O,-0.9840155880000054
enveda-np-examples,WMBWREPUVVBILR,BMJHAAZDURGGSC,0.8571428571428571,-CH2,-14.015650063999999
enveda-np-examples,WOXKDUGGOYFFRN,VUKJGAVIWMPOOJ,0.8032786885245902,+CH-N,-0.9952489679999985
enveda-np-examples,WTDRDQBEARUVNC,OQALFHMKVSJFRR,0.7741935483870968,-C9H9NO2,-163.06332852799994
enveda-np-examples,WYJAPUKIYAZSEM,FDZNWDCMPOFZMN,0.8431372549019608,-CH2,-14.015650063999999
enveda-np-examples,XHCADAYNFIFUHF,WNBCMONIPIJTSB,0.9318181818181818,isomer (0),0.0
enveda-np-examples,XJLATMLVMSFZBN,HSLFSTFEVGMTFF,0.38095238095238093,+C3H6N2O2,102.042927432
enveda-np-examples,XKLMZUWKNUAPSZ,LDEJNELBMSFPDJ,0.660377358490566,+C7H6O,106.04186481200003
enveda-np-examples,XQCGNURMLWFQJR,QBILRDAMJUPXCX,0.8552631578947368,+CH2,14.015650063999942
enveda-np-examples,XQYZDYMELSJDRZ,ZOWYFYXTIWQBEP,0.725,-C4H8,-56.062600255999996
enveda-np-examples,XUFQPHANEAPEMJ,ZQHFZHPUZXNPMF,0.32432432432432434,+N-C6H2Br,-138.93091316400006
enveda-np-examples,XVPBINOPNYFXID,QMGGMESMCJCABO,0.6086956521739131,+H2,2.015650063999999
enveda-np-examples,XZTUSOXSLKTKJQ,SHIBSTMRCDJXLN,0.7413793103448276,-O,-15.994914619999975
enveda-np-examples,YGPSJZOEDVAXAB,VCKPUUFAIGNJHC,0.6388888888888888,-O,-15.994914620000003
enveda-np-examples,YKJYKKNCCRKFSL,JPQPWCGQXFYELU,0.7446808510638298,isomer (0),0.0
enveda-np-examples,YKPUWZUDDOIDPM,QVLMCRFQGHWOPM,0.7169811320754716,-C10H14,-134.10955044799994
enveda-np-examples,YKRGDOXKVOZESV,LATYEZNGPQKAIK,0.8787878787878788,-C7H4O,-104.02621474800003
enveda-np-examples,ZFXYFBGIUFBOJW,APIXJSLKIYYUKG,0.6216216216216216,-C3H6,-42.046950192
enveda-np-examples,ZJTJUVIJVLLGSP,HEYJGDLJGAFHKU,0.4090909090909091,+C3H2-O,22.020735443999996
enveda-np-examples,ZKLPARSLTMPFCP,ZQDWXGKKHFNSQK,0.7446808510638298,+O-H2,13.979264556000032
enveda-np-examples,ZRJBHWIHUMBLCN,BKVFIRMUQHJJEK,0.3770491803278688,-CH2,-14.015650064000027
enveda-np-examples,ZZVUWRFHKOJYTH,NUNIWXHYABYXKF,0.8064516129032258,+H-Br,-77.91051206800003
enveda-np-examples,AAWZDTNXLSGCEK,LDPLFHGGZNSKDS,0.46153846153846156,-C7H4O4,-152.01095860799998
enveda-np-examples,APAJFZPFBHMFQR,GCDBEYOJCZLKMC,0.8571428571428571,+O,15.994914620000003
enveda-np-examples,BBNQQADTFFCFGB,GUEIZVNYDFNHJU,0.6538461538461539,+O,15.994914620000031
enveda-np-examples,BDCDNTVZSILEOY,OVSQVDMCBVZWGM,0.9811320754716981,-CH2O,-30.010564683999974
enveda-np-examples,BMLIIPOXVWESJG,SEBFKMXJBCUCAI,0.6716417910447762,isomer (0),0.0
enveda-np-examples,CGTADGCBEXYWNE,IURNHYDSJVLLPN,0.8571428571428571,isomer (0),0.0
enveda-np-examples,CKEXCBVNKRHAMX,DJOJDHGQRNZXQQ,0.9024390243902439,+CH2,14.015650063999999
enveda-np-examples,CLEXYFLHGFJONT,QASFUMOKHFSJGL,0.704225352112676,+O-H2,13.979264555999976
enveda-np-examples,CMKFQVZJOWHHDV,NVVDQMVGALBDGE,0.6086956521739131,-H2,-2.015650063999999
enveda-np-examples,CRSFLLTWRCYNNX,RVWWDDKOKZXKCJ,0.8823529411764706,isomer (0),0.0
enveda-np-examples,DFMAXQKDIGCMTL,BQPRWZCEKZLBHL,0.7941176470588235,isomer (0),0.0
enveda-np-examples,DOFJNFPSMUCECH,MRIAQLRQZPPODS,0.8095238095238095,-CH2,-14.015650063999999
enveda-np-examples,DOUMFZQKYFQNTF,XHALVRQBZGZHFE,0.7608695652173914,-CH2,-14.015650064000056
enveda-np-examples,DUXQKCCELUKXOE,PXJGTASAGKWQQJ,0.8378378378378378,-C2H2O,-42.010564683999974
enveda-np-examples,DVGGLGXQSFURLP,IHBVMUCQCZEAPW,0.8428571428571429,-O2,-31.989829240000063
enveda-np-examples,FBWWXAGANVJTLU,MQGBHJVUCRXIRM,0.4520547945205479,-O,-15.994914619999975
enveda-np-examples,FSNCEEGOMTYXKY,QZGCHMZBGHVZFB,0.7073170731707317,-CH2,-14.015650063999999
enveda-np-examples,FVYXIJYOAGAUQK,VVOAZFWZEDHOOU,0.6875,isomer (0),0.0
enveda-np-examples,GRBXNADBNJGZRK,VNBOCIKTDWMWMX,0.7575757575757576,-O,-15.994914620000031
enveda-np-examples,GYSCAQFHASJXRS,JQUGYVKOYKGIRB,0.8536585365853658,-CH2,-14.015650063999942
enveda-np-examples,HELXLJCILKEWJH,BSVKOVOOJNJHBR,0.9710144927536232,-C6H10O5,-162.0528234200001
enveda-np-examples,HEYZWPRKKUGDCR,GWTQDEWQHCDBEI,0.6049382716049383,-C10H8O3,-176.04734411599998
enveda-np-examples,HGJXAVROWQLCTP,YGVHOSGNOYKRIH,0.6511627906976745,-H2,-2.015650063999942
enveda-np-examples,HSMPDPBYAYSOBC,HOHZJKQBJXVZSS,0.7906976744186046,-CO,-27.994914619999975
enveda-np-examples,HYBRYAPKQCZIAE,GPTFURBXHJWNHR,0.6909090909090909,+CH4,16.031300128000055
enveda-np-examples,IFIQVSCCFRXSJV,AMUBZPULDIMIKH,0.8448275862068966,-O,-15.994914619999975
enveda-np-examples,IKIIZLYTISPENI,DJSISFGPUUYILV,0.8703703703703703,-O,-15.994914619999975
enveda-np-examples,ILEDWLMCKZNDJK,CFVSMUGHMLAHRB,0.7241379310344828,+HO-Cl,-17.966113027999995
enveda-np-examples,IOUVKUPGCMBWBT,NLGUKXQDDTZCDG,0.8653846153846154,+O,15.994914619999975
enveda-np-examples,IQHUITKNHOKGFC,GJNDXQBALKCYSZ,0.8108108108108109,+O-CH2,1.9792645559999755
enveda-np-examples,JDUWHZOLEDOQSR,HYLKKEXCEIKCIN,0.8181818181818182,isomer (0),1.1368683772161603e-13
enveda-np-examples,JYXSWDCPHRTYGU,QFSDWLPMRWDFID,0.90625,-C6H10O5,-162.05282341999998
enveda-np-examples,KBDSLGBFQAGHBE,KLWSYWJRTXQLGN,0.7647058823529411,+H2-O,-13.979264556000032
enveda-np-examples,KKRXDNYRUZGPFM,UYRHHBXYXSYGHA,1.0,+C2H4,28.031300128000026
enveda-np-examples,KLLGGGQNRTVBSU,OXOPDAZWPWFJEW,0.8157894736842105,-C2,-24.0
enveda-np-examples,KSQNKZMAMGACTL,YYWUABJYAOCACI,0.5,-C7H3N,-101.026549096
enveda-np-examples,KTGFOCFYOZQVRJ,CNPNWGHRMBQHBZ,0.8055555555555556,+O-HN,0.9840155880000339
enveda-np-examples,KWBPKUMWVXUSCA,FHIREUBIEIPPMC,0.872093023255814,+H2-O,-13.97926455600009
enveda-np-examples,KYWSCMDFVARMPN,KQGDHYQRJRGMDG,0.8780487804878049,+O,15.994914620000031
enveda-np-examples,LESXFEZIFXFIQR,VWHGTYCRDRBSFI,0.8620689655172413,-C2H3NO,-57.021463716
enveda-np-examples,LUZSWWYKKLTDHU,JHXAZBBVQSRKJR,1.0,isomer (0),0.0
enveda-np-examples,LVVKXRQZSRUVPY,FVEMXQCEJGGXJB,0.8222222222222222,-CH2O,-30.010564683999974
enveda-np-examples,MALFODICFSIXPO,FSMHPYDCTDZJLV,0.7575757575757576,+O,15.994914620000031
enveda-np-examples,MBRLOUHOWLUMFF,NYBDJZVNEBTWCZ,0.7857142857142857,-O,-15.994914620000003
enveda-np-examples,MGJLSBDCWOSMHL,FIIYLNUSFHWRAF,0.8793103448275862,-C6H10O5,-162.05282341999992
enveda-np-examples,NGOLMNWQNHWEKU,FCSKUNOKIVAIKK,0.847457627118644,-CH2,-14.015650063999999
enveda-np-examples,NTBUBTCXACOEEC,ASFZQCLAQPBWDN,0.675,-O,-15.994914619999975
enveda-np-examples,NWBJYWHLCVSVIJ,BUDWTFCZGZYQHZ,0.7142857142857143,-O,-15.994914620000003
enveda-np-examples,OQIQSTLJSLGHID,XWIYFDMXXLINPU,0.7719298245614035,-O,-15.994914620000031
enveda-np-examples,ORJVQPIHKOARKV,RUZIUYOSRDWYQF,0.7954545454545454,-C2H4O2,-60.021129368000004
enveda-np-examples,PLAPMLGJVGLZOV,SGEWCQFRYRRZDC,0.8269230769230769,+O,15.994914619999975
enveda-np-examples,QPCYNIYZPDJCMB,RFVMVHYMAGKNDK,0.7755102040816326,+CH2,14.015650063999999
enveda-np-examples,RCFGIEPQSDGMJJ,KFLQGJQSLUYUBF,0.6585365853658537,+O-H2,13.979264555999976
enveda-np-examples,RGNXWPVNPFAADO,KEZLDSPIRVZOKZ,0.7837837837837838,+O,15.994914620000031
enveda-np-examples,RNKMOGIPOMVCHO,RATQVALKDAUZBW,0.8604651162790697,-C7H4O4,-152.01095860800012
enveda-np-examples,RODXRVNMMDRFIK,SYTYLPHCLSSCOJ,0.9032258064516129,isomer (0),0.0
enveda-np-examples,RWQKHEORZBHNRI,BPZZWRPHVVDAPT,0.8333333333333334,-C2H4,-28.031300128000055
enveda-np-examples,RXGUTQNKCXHALN,VSHUQLRHTJOKTA,0.7894736842105263,-O,-15.994914619999975
enveda-np-examples,RZGFUGXQKMEMOO,ZNJFBWYDHIGLCU,0.717948717948718,+O,15.994914620000003
enveda-np-examples,SDIVYZXRQHWCKF,VARHXCYGZKSOOO,0.5,+O,15.994914620000003
enveda-np-examples,SEEGHKWOBVVBTQ,XRIRDTGIFOWQDB,0.7586206896551724,-O,-15.994914620000031
enveda-np-examples,SGEWCQFRYRRZDC,PLAPMLGJVGLZOV,0.8269230769230769,-O,-15.994914619999975
enveda-np-examples,SLYDIPAXCVVRNY,BCXXBFMWUYYHIF,0.78125,+CH2,14.015650063999999
enveda-np-examples,SNGHLUWTFLYPMT,KLWSYWJRTXQLGN,0.6486486486486487,isomer (0),0.0
enveda-np-examples,SQFSKOYWJBQGKQ,KZBAXKKOXPLOBX,0.875,-CH2,-14.015650063999999
enveda-np-examples,TWDKBDSVUUKABK,APLKWZASYUZSBL,0.5263157894736842,+C7H3N,101.02654909599994
enveda-np-examples,UEDUENGHJMELGK,RLLCWNUIHGPAJY,0.9701492537313433,-C6H10O5,-162.0528234200002
enveda-np-examples,UIDGLYUNOUKLBM,POMAQDQEVHXLGT,0.8888888888888888,-C6H10O4,-146.05790880000018
enveda-np-examples,UPALKCDWIDYZDP,ZLLQQKITWRWKTD,0.627906976744186,+Cl-HO,17.966113027999995
enveda-np-examples,URFCJEUYXNAHFI,FTVWIRXFELQLPI,0.8157894736842105,-O,-15.994914620000031
enveda-np-examples,UYRHHBXYXSYGHA,KKRXDNYRUZGPFM,1.0,-C2H4,-28.031300128000026
enveda-np-examples,VNONINPVFQTJOC,LRRDDWMXYOSKIC,0.9759036144578314,+CH2,14.015650063999942
enveda-np-examples,VRSRXLJTYQVOHC,AEQDJSLRWYMAQI,0.673469387755102,+CH2,14.015650063999999
enveda-np-examples,WIONIXOBNMDJFJ,ALLQMEDAYDKMIO,0.6578947368421053,-CH2O,-30.010564684000002
enveda-np-examples,WSQWAMGRHJQANC,BJBUTJQYZDYRMJ,0.9,+CH2,14.015650063999999
enveda-np-examples,XFZJEEAOWLFHDH,MOJZMWJRUKIQGL,0.9795918367346939,-C15H12O6,-288.0633881040002
enveda-np-examples,XGYIMTFOTBMPFP,OIRDTQYFTABQOQ,0.6888888888888889,-O,-15.994914620000003
enveda-np-examples,XJQPQKLURWNAAH,VQEONGKQWIFHMN,1.0,+CH2,14.015650063999999
enveda-np-examples,XOJVHLIYNSOZOO,AEMJDNJKSCBKRL,1.0,isomer (0),0.0
enveda-np-examples,XUCIJNAGGSZNQT,ZKSZEJFBGODIJW,0.8636363636363636,+C6H10O5,162.05282341999987
enveda-np-examples,XYYAFLHHHZVPRN,XWGNIHFUPLLNBR,0.48148148148148145,-CH2O2,-46.00547930399998
enveda-np-examples,YRRAGUMVDQQZIY,ZDOTZEDNGNPOEW,0.7567567567567568,+O,15.994914619999975
enveda-np-examples,YWJXCIXBAKGUKZ,GDYGAIKPBLFCKR,0.7391304347826086,+CH2,14.015650063999942
enveda-np-examples,ZBHUUXLHDOUMKM,OBGPEBYHGIUFBN,0.8301886792452831,+C5H8,68.062600256
enveda-np-examples,ZGLXUQQMLLIKAN,RFDMNXDDRXVJTM,0.8235294117647058,+CH2,14.015650063999999
enveda-np-examples,ZHSOTLOTTDYIIK,AUYYCJSJGJYCDS,0.7674418604651163,+H-I,-125.89664796800014
enveda-np-examples,ZNJFBWYDHIGLCU,GEWDNTWNSAZUDX,0.725,-CH2,-14.015650063999999
enveda-np-examples,ZTHLHHDJRXJGRX,SIVAITYPYQQYAP,0.8095238095238095,-CH2,-14.015650063999999
enveda-np-examples,GGJRAQULURVTAJ,HZZOQGNNMUPCCV,1.0,-C8H14,-110.10955044799994
enveda-np-examples,HUSISCNTLUEZCN,OBLUCMMNMFITHB,0.9811320754716981,+H2,2.015650064000056
enveda-np-examples,KTZNZCYTXQYEHT,OPJNODHFKFAIBH,0.775,-C12H13NO3,-219.089543276
enveda-np-examples,PZPPOCZWRGNKIR,ZRZWBWPDBOVIGQ,0.6231884057971014,-CH2,-14.015650064000056
enveda-np-examples,SPJFYYJXNPEZDW,AVAMAXIWCFLWKK,1.0,-C6H12,-84.093900384
enveda-np-examples,CJHYKSSBQRABTM,ZUILGDNVKPMVIA,0.8767123287671232,-C6H10O5,-162.0528234200001
enveda-np-examples,LLQCRTZROWMVOL,IRPFOXRBPHCCTG,0.5,-H2O,-18.010564683999974
enveda-np-examples,QKXGRPHIBLICSC,WIGGVNIABVHHCS,0.7833333333333333,+H2,2.015650063999999
enveda-np-examples,WQMLFJWIKARBFW,VPUNMTHWNSJUOG,0.8714285714285714,-CH2,-14.015650064000056
enveda-np-examples,XEVQXKKKAVVSMW,IMKHDCBNRDRUEB,0.5277777777777778,+O,15.994914620000003
enveda-np-examples,XNXXZRQPTAQILV,UVZZDDLIOJPDKX,0.7051282051282052,-O,-15.994914619999975
enveda-np-examples,YHKYFYCSTJGMID,QNQBPPQLRODXET,0.671875,isomer (0),0.0
enveda-np-examples,ATBZZQPALSPNMF,JENFZXAOWFNHSE,0.8095238095238095,isomer (0),0.0
enveda-np-examples,QQTZGKRXYRFKIF,NGTQGIQBGFCNOR,0.803030303030303,+H2,2.015650063999999
enveda-np-examples,QJPCKAJTLHDNCS,ODJLBQGVINUMMR,0.7857142857142857,+H2-O,-13.979264556000032
enveda-np-examples,XRWQBDJPMXRDOQ,WPKQVDYSPWCVGM,0.875,-O,-15.994914620000031
enveda-np-examples,YZMKFMIZNSOPSN,KLWSYWJRTXQLGN,0.7222222222222222,+H2,2.015650063999999
public NP-like (NP-likeness > 1),NZIUAKAVCDSTOY,IFOFKWFZEXWKAY,0.9558823529411765,-CH2,-14.015650063999942
public NP-like (NP-likeness > 1),JMOCWOYRIKUIDQ,ABLMAVDEGLIKGN,1.0,-C4H8,-56.06260025599994
public NP-like (NP-likeness > 1),FUWBBIWGILZPAC,GVKKJJOMQCNPGB,0.7,+O-H2,13.979264556000032
public NP-like (NP-likeness > 1),BJJCTZMDJVSWSU,ZKRHPAJKFZVMHG,0.8923076923076924,-CO,-27.994914619999975
public NP-like (NP-likeness > 1),OBVDHQULOOHPKB,AFRFUBXURIJHOA,1.0,-C2H4,-28.031300127999998
public NP-like (NP-likeness > 1),CEJSYHIZUAMEQV,JZWLSXINEVHWEP,0.7049180327868853,+C3-H2,33.984349936
public NP-like (NP-likeness > 1),BOLYIYCSCKSMCJ,DRLYFKUSNMYYFW,0.8909090909090909,+O-CH2,1.9792645559999755
public NP-like (NP-likeness > 1),XNHKMZHWRNMFCU,GTQKOJVFDJDUGN,0.7441860465116279,+O-HN,0.9840155879999202
public NP-like (NP-likeness > 1),GKOAKWSMCSQKMH,SUTALUMKMRSKIF,0.9272727272727272,isomer (0),0.0
public NP-like (NP-likeness > 1),WEHIVLIYJXYHDZ,WGYMEBRBQICDPH,0.8115942028985508,-H2,-2.015650064000056
public NP-like (NP-likeness > 1),VRLUPHLVMKNQDL,APXSPVANQBXYRY,0.8484848484848485,-C2H3NO,-57.02146371600003
public NP-like (NP-likeness > 1),GCXGPFZVUODKKF,QGKQXZFZOIQFBI,0.6511627906976745,+CH2,14.015650063999999
public NP-like (NP-likeness > 1),OROGSEYTTFOCAN,OGDVEMNWJVYAJL,0.8035714285714286,-CH2,-14.015650063999999
public NP-like (NP-likeness > 1),BYXUAMYDPJGJNM,HZGGLLIOCMSPGP,0.9259259259259259,+C8H13NO5,203.07937251600003
public NP-like (NP-likeness > 1),VOIZOAKLDPULIT,QMUDUFVPVMRWAV,0.8833333333333333,+CH2-O,-1.9792645559999755
public NP-like (NP-likeness > 1),DUNFAZHEVVYXGG,CBJNLOVRAFQEQH,0.7945205479452054,+CH2O,30.010564683999974
public NP-like (NP-likeness > 1),MQLSOVRLZHTATK,MPCHHOVJEMEKKG,0.8545454545454545,-CH2,-14.015650063999999
public NP-like (NP-likeness > 1),GTUGBRJEKVKOKQ,GMVPRGQOIOIIMI,0.9782608695652174,-C2H4,-28.031300127999998
public NP-like (NP-likeness > 1),YSEVFKWFUGTGAQ,QGXBDMJGAMFCBF,0.6382978723404256,+C,12.0
public NP-like (NP-likeness > 1),WRLSMXLTDIMCNI,WVFDPCYTNIXGHI,0.9032258064516129,+O-CH2,1.9792645559999755
public NP-like (NP-likeness > 1),NTZCFZIEUJGSQA,ZQDCMFHXUJCDNU,0.5833333333333334,-H2O,-18.010564683999974
public NP-like (NP-likeness > 1),CSGSKMJWQQEEQK,DVSPQPSLJGJCEC,0.6923076923076923,isomer (0),0.0
public NP-like (NP-likeness > 1),FAIKEEBTQSPEQQ,KGLCWNCCGPKCQB,1.0,+CH2,14.015650064000056
public NP-like (NP-likeness > 1),QULHJOBNDRLGEO,YSRDZMUUCGRZDR,0.8,-CH2,-14.015650063999999
public NP-like (NP-likeness > 1),XUVNNGIUBRUUMD,UKQPDPRZBKPZHA,0.8,-C3H4,-40.03130012800011
public NP-like (NP-likeness > 1),OCQIYDBQGXNBHK,IVFYLRMMHVYGJH,0.5882352941176471,isomer (0),0.0
public NP-like (NP-likeness > 1),KAJMZANRKFVVKV,LSMKTLJKBSXMMR,0.925,-O,-15.994914620000031
public NP-like (NP-likeness > 1),UBQBKOBGHRTZRG,ZDQSOHOQTUFQEM,0.8636363636363636,-CH2,-14.01565006400017
public NP-like (NP-likeness > 1),MAACOUPDBRTVKZ,FGJNOXMHWXEMHU,0.8472222222222222,-O,-15.994914619999918
public NP-like (NP-likeness > 1),BWMFRQKICHXLSH,NXCYBYJXCJWMRY,0.673469387755102,-C2H2O,-42.010564683999974
public NP-like (NP-likeness > 1),KPPBSXVQPGVPRR,JREDFFDGXSQDOD,0.8857142857142857,+H2-O,-13.979264555999976
public NP-like (NP-likeness > 1),IBGBGRVKPALMCQ,AXMVYSVVTMKQSL,0.6153846153846154,-C2H2,-26.015650064
public NP-like (NP-likeness > 1),COZVCMSRTUAQHU,MDFFNDBAEOHIDY,0.7647058823529411,+CH2O,30.010564683999974
public NP-like (NP-likeness > 1),DXQHDILKRYSUPK,GVERAYRFYVBXKO,0.7543859649122807,+O-H2,13.979264556000032
public NP-like (NP-likeness > 1),MYVXUEQXDQOBDW,YKNOKTANOCJTSD,0.85,+H4-C2,-19.968699872000002
public NP-like (NP-likeness > 1),PKPHZFVECLENRP,NFQFDMJGZPLWGI,0.7037037037037037,-O,-15.994914620000031
public NP-like (NP-likeness > 1),LSOWKZULVQWMLY,OEHNRRIAWYVZFG,1.0,+C6H8,80.062600256
public NP-like (NP-likeness > 1),KKPGEUZMHRXIDU,PSLXJVRNKMGRNH,0.8918918918918919,+C2,23.999999999999886
public NP-like (NP-likeness > 1),SNZZAHRDXCGWEM,MHXCIKYXNYCMHY,0.9130434782608695,-CH2,-14.015650063999999
public NP-like (NP-likeness > 1),VMSLCPKYRPDHLN,LSDULPZJLTZEFD,0.7777777777777778,+O-C5H8,-52.067685635999965
public NP-like (NP-likeness > 1),WJLHDYQXCJXZGV,SYLIRTRYLBYOBO,0.8305084745762712,+CH2,14.015650063999999
public NP-like (NP-likeness > 1),QRGYALCTZSFKCA,UEKGNKXQXAINHA,0.8448275862068966,-C2H2O2,-58.005479304000005
public NP-like (NP-likeness > 1),FSYDWKPCKNCRDI,SBZWTSHAFILOTE,0.5681818181818182,-O,-15.994914619999975
public NP-like (NP-likeness > 1),BUZICZZQJDLXJN,MLYMSIKVLAPCAK,0.5416666666666666,+O-C3H6,-26.052035571999994
public NP-like (NP-likeness > 1),GSSPKCPIRDPBQE,GEXAPRXWKRZPCK,0.4375,-H2,-2.015650063999999
public NP-like (NP-likeness > 1),JBXVELNBSTVSHK,CGJPKNZEGFWWCO,1.0,-C2H4,-28.031300127999998
public NP-like (NP-likeness > 1),ZHVWWEYETMPAMX,WIYUZYBFCWCCQJ,0.7222222222222222,+O-HN,0.9840155880000339
public NP-like (NP-likeness > 1),ISULEKCXAHGCKA,RFAKCRPORBRWJX,0.8333333333333334,+O,15.994914619999918
public NP-like (NP-likeness > 1),MOWHNRMSYAXBPH,CDOSHBSSFJOMGT,0.4318181818181818,+C5H4O2,96.021129368
public NP-like (NP-likeness > 1),PJTCHTICLZAQNK,JACNBJFTXZEQNC,0.5230769230769231,isomer (0),0.0
public NP-like (NP-likeness > 1),PSZBCORWZMVATQ,ZLQYEKDHCDLAGO,0.8857142857142857,-O,-15.994914620000031
public NP-like (NP-likeness > 1),KBGNBPGXVKPRQI,PHKYZFGDNGACRM,0.625,-CH2O,-30.010564683999974
public NP-like (NP-likeness > 1),XDWFOSIXGINYNC,LVROXDRMMJVBGH,1.0,-C4H8,-56.06260025600011
public NP-like (NP-likeness > 1),SPSWAOUJDYQZHR,OSFCFXQMAHURHU,0.8333333333333334,-O,-15.994914619999975
public NP-like (NP-likeness > 1),VNTDWOKCKOGMPX,VNVWHMGDHZPSCD,0.5454545454545454,-H2,-2.015650064000056
public NP-like (NP-likeness > 1),JBRPFYYLEQERPG,IDEHSDHMEMMYIR,0.8292682926829268,+C2H2O,42.010564683999974
public NP-like (NP-likeness > 1),IFWPFGIHYPPJOP,DAXYUDFNWXHGBE,0.6571428571428571,isomer (0),1.1368683772161603e-13
public NP-like (NP-likeness > 1),WUGDNVYHMVWTAP,JYVLOGILHBWLAE,0.9367088607594937,-C2H2O,-42.01056468400009
public NP-like (NP-likeness > 1),YIIODJYLEHCFRZ,WAABTQYXHWIWME,0.5871559633027523,-C6H8O3,-128.0473441160001
public NP-like (NP-likeness > 1),YBXUUELSZBVEKX,XDGRXQNYJMQLPU,0.8125,+C2H2O,42.010564683999974
public NP-like (NP-likeness > 1),LTUWGHVUPWBTQX,RIZAHVBYKWUPHQ,0.7530864197530864,+H2,2.015650063999942
public NP-like (NP-likeness > 1),LVFJANAMCQTFNV,WTAVEKBGEXLMTO,0.7962962962962963,+C3H6O,58.04186481199997
public NP-like (NP-likeness > 1),DTGPXHDRUSYIIK,QYKVHEQRAXPEEL,0.9508196721311475,-CH2O,-30.010564684000087
public NP-like (NP-likeness > 1),WVQNTSUEZKEYGL,PFSDJENVVWEERX,0.9230769230769231,-C8H16,-112.12520051199994
public NP-like (NP-likeness > 1),UOJQVKJSJVULOG,CWKGVEOWMUZLOW,0.7575757575757576,+C3H7N3-O3S,5.107182364000096
public NP-like (NP-likeness > 1),CTJZWFCPUDPLME,CISFAPDYRQPRCZ,0.6666666666666666,-C5H4O2,-96.02112936799989
public NP-like (NP-likeness > 1),GDKYFVYJOABXKN,BJWQSQOWGBUSFC,0.9215686274509803,-C8H5NO2Br2,-304.8687026000002
public NP-like (NP-likeness > 1),YTHKMAIVPFVDNU,XMJAJFVLHDIEHF,0.6027397260273972,+C8H8O6,200.032087976
public NP-like (NP-likeness > 1),YUCRNFKCIQHUGC,PJAUYMUVXITNMD,0.9402985074626866,-C2H4,-28.031300127999657
public NP-like (NP-likeness > 1),KKDRQZCQNSHBHY,DJEFKGJBMQEDCR,0.8245614035087719,+C3H4,40.03130012799994
public NP-like (NP-likeness > 1),DEUDBHJBUOYXEA,QRRWKPWXGSMFSW,0.7837837837837838,+C6H10-O,66.08333570000002
public NP-like (NP-likeness > 1),WBPYTXDJUQJLPQ,KCJJINQANFZSAM,0.7521367521367521,-C7H10O2,-126.06807956
public NP-like (NP-likeness > 1),VVPPKGFUMJBZSU,FPIPGXGPPPQFEQ,0.625,+C3H7NO2S,121.01974946399991
public NP-like (NP-likeness > 1),CJGVDSGIQZDLDO,GQQZXRPXBDJABR,1.0,-C2H4,-28.031300127999998
public NP-like (NP-likeness > 1),SYXFLGVZXNKIOY,JYFOSWJYZIVJPO,0.6909090909090909,+C7H4O3,136.01604398799992
public NP-like (NP-likeness > 1),CAULGCQHVOVVRN,UJRRNBNNVPPTBX,0.41304347826086957,-C5H8,-68.06260025600002
public NP-like (NP-likeness > 1),LMWDPSXUGSTACD,MDIRDFOZMJDCMK,0.3902439024390244,+C7H13O-N3S,39.115347036
public NP-like (NP-likeness > 1),MSMSZYRAKVDRNE,BNQUZMFMILATTF,0.9682539682539683,-C4H12,-60.093900383999994
public NP-like (NP-likeness > 1),BEHIONSZUBFJLA,GWQICLAGXZQERP,0.8857142857142857,isomer (0),0.0
public NP-like (NP-likeness > 1),JKRDADVRIYVCCY,KIHBGTRZFAVZRV,1.0,-C10H20,-140.15650063999996
public NP-like (NP-likeness > 1),UGEKKXLEYACFTD,JJOLHRYZQSDLSA,0.75,-O,-15.994914619999975
public NP-like (NP-likeness > 1),MEPLRNRRXIMSDV,MPFPPDUCAIWNJM,0.859375,-CH2,-14.015650063999999
public NP-like (NP-likeness > 1),ASFORWUCPCKFPY,GUJLPHKLMYGZJB,0.62,-C30H58O3,-466.43859571599984
public NP-like (NP-likeness > 1),BGSOJVFOEQLVMH,ALEXXDVDDISNDU,0.7777777777777778,+O2P-C2H,37.95576583799988
public NP-like (NP-likeness > 1),AGBCLJAHARWNLA,UZIOUZHBUYLDHW,0.9375,-O,-15.994914620000031
public NP-like (NP-likeness > 1),ZICDJKZDHVLVOD,LLXVPTXOKTYXHU,0.891566265060241,isomer (0),0.0
public NP-like (NP-likeness > 1),NRZUDIYVZCKVDP,XQJIILAERQSYBD,0.8666666666666667,+O-HN,0.9840155880000339
public NP-like (NP-likeness > 1),ARYCMKPCDNHQCL,HJCIUNMVLYBADX,0.7777777777777778,+O,15.994914619999975
public NP-like (NP-likeness > 1),AOYNUTHNTBLRMT,GZCGUPFRVQAUEE,0.6,+F-HO,1.9956635679999977
public NP-like (NP-likeness > 1),FPUXKXIZEIDQKW,LMEHVEUFNRJAAV,0.6833333333333333,-O,-15.994914620000088
public NP-like (NP-likeness > 1),SHCBCKBYTHZQGZ,PYXFVCFISTUSOO,0.7719298245614035,+O,15.994914619999975
public NP-like (NP-likeness > 1),AMHWKCPVHOWZAS,APDKROSAEBFSIA,0.7246376811594203,isomer (0),0.0
public NP-like (NP-likeness > 1),OWHASZQTEFAUJC,YQFCSOPLXLDHPK,0.9339622641509434,-CH2,-14.015650063999828
public NP-like (NP-likeness > 1),HEGSGKPQLMEBJL,JDRSMPFHFNXQRB,1.0,-C2H4,-28.03130012799994
public NP-like (NP-likeness > 1),FIIYLNUSFHWRAF,MGJLSBDCWOSMHL,0.8793103448275862,+C6H10O5,162.05282341999992
public NP-like (NP-likeness > 1),SIMPNXWTAVEOTO,ZZDVZVBAZHPHLY,0.813953488372093,-CH2,-14.015650063999999
public NP-like (NP-likeness > 1),DFOCUWZXJBAUSQ,HGNHIFJNOKGSKI,1.0,isomer (0),0.0
public NP-like (NP-likeness > 1),QAOYQEIOBPZFPB,DFLHJZQZIPIWSG,1.0,-CH2,-14.015650064000056
public NP-like (NP-likeness > 1),IJJFWUJRFABXCN,RPMNUQRUHXIGHK,0.8923076923076924,-O,-15.994914619999918
public NP-like (NP-likeness > 1),QIQNNBXHAYSQRY,ABDMBNAKYBUEEX,0.7027027027027027,-CH2,-14.015650063999999
public NP-like (NP-likeness > 1),BNWJOHGLIBDBOB,KRJIWNLPONWPOO,0.6410256410256411,-H2,-2.015650063999999
public NP-like (NP-likeness > 1),JLPNKKDTFUXAEB,PIZSXZDEEAYMHE,0.8571428571428571,-H2,-2.015650064000056
public NP-like (NP-likeness > 1),YHHBMMBBNSQBRT,KPKZJLCSROULON,0.9642857142857143,+C2H4,28.031300127999884
public NP-like (NP-likeness > 1),UGTKBLXBTMTJHX,QMTCISZTKGKKTL,0.8235294117647058,+O-HN,0.9840155880000907
public NP-like (NP-likeness > 1),STACHDUHGOCYFP,LWYNGDLSBSXGBG,0.7846153846153846,-CH2O,-30.010564683999974
public NP-like (NP-likeness > 1),BGKHCLZFGPIKKU,STQVEMJKKQYNQQ,0.7692307692307693,-C2H4,-28.031300127999998
public NP-like (NP-likeness > 1),WAEXKFONHRHFBZ,OROGSEYTTFOCAN,0.6716417910447762,+C5H6O6,162.0164379119999
public NP-like (NP-likeness > 1),XSXIVVZCUAHUJO,HOBAELRKJCKHQD,1.0,+H2,2.015650063999999
public NP-like (NP-likeness > 1),NEBGXSKAVWNGNU,YJXVFRWCHMYWTD,0.8461538461538461,+F-H,17.990578187999972
public NP-like (NP-likeness > 1),RDUAKQUSLVHHOC,UEYWXBQABUNMMN,0.8181818181818182,-C5O,-75.99491462000003
public NP-like (NP-likeness > 1),KIJCKCLHIXLFEW,DYOKDAQBNHPJFD,0.7727272727272727,-H2,-2.015650063999942
public NP-like (NP-likeness > 1),ACPAJGMMTDTAEW,FPIVCKLVSVCJHW,0.7325581395348837,+CN-H,24.995248968000055
public NP-like (NP-likeness > 1),COIHTPZGABOQCQ,SETWPKONPADPDJ,0.27692307692307694,-C7H12,-96.09390038399994
public NP-like (NP-likeness > 1),ZIGDYHKZBWSCQD,AVYCQKFNYLKPAW,0.9245283018867925,+C2H4,28.031300127999998
public NP-like (NP-likeness > 1),BQIVXBUAUNSLAJ,XUPOZHDUFRMVTF,0.515625,isomer (0),0.0
public NP-like (NP-likeness > 1),PKICXNXDFYYYGH,MOCOVNGOINOTNW,0.6833333333333333,+H2-O,-13.979264555999976
public NP-like (NP-likeness > 1),IBNYGHYDOSWFHJ,ZAUMFTVHLHASMN,0.4745762711864407,+O2,31.989829240000006
public NP-like (NP-likeness > 1),VBMXIMQNIRYKMK,XCYPSOHOIAZISD,0.6764705882352942,-O,-15.994914620000003
public NP-like (NP-likeness > 1),FLVYXUQAAOIESE,CQJPSSJEHVNDFL,0.7428571428571429,+C2H2,26.015650064000056
public NP-like (NP-likeness > 1),KEGMXBFYNIHYTQ,GREUGUDXFLGVRA,1.0,-CH2,-14.015650063999999
public NP-like (NP-likeness > 1),OSICWVVWEXKSBD,GJSSYQDXZLZOLR,0.6060606060606061,+C5H8,68.062600256
public NP-like (NP-likeness > 1),FYZYXYLPBWLLGI,IBFYXTRXDNAPMM,0.8947368421052632,+C6H10O5,162.05282341999998
public NP-like (NP-likeness > 1),FLJRXICXLUZYBE,UYQGVDXDXBAABN,0.9,isomer (0),0.0
public NP-like (NP-likeness > 1),YVHLLZXSGPDXOA,LIJMMUDJSMCVDJ,0.875,isomer (0),0.0
public NP-like (NP-likeness > 1),KTZXEYGDCLLQMH,HEDMFNAWESICHB,0.8888888888888888,+O-H2,13.979264555999976
public NP-like (NP-likeness > 1),MRNNMFMPNANLHB,GCBHOICQSSPFDL,0.3918918918918919,+C10H4O4,188.0109586079999
public NP-like (NP-likeness > 1),FTOVMLMCLNHVRG,GYAHIBHXBPHEQP,0.855072463768116,+H2S-O2,1.9978918239999075
public NP-like (NP-likeness > 1),HNOSJVWYGXOFRP,GSXGAZVWBLDJCJ,0.828125,-CH2,-14.015650063999999
public NP-like (NP-likeness > 1),JKQXZKUSFCKOGQ,YYAZSYBBIFIQJT,0.9459459459459459,+H2O,18.010564684000087
public NP-like (NP-likeness > 1),NSNGIRMJTMEZBF,ATAOZISPQIWZMM,0.4426229508196721,isomer (0),0.0
public NP-like (NP-likeness > 1),ZNEBXONKCYFJAF,DDCYKEYDTGCKAS,1.0,isomer (0),0.0
public NP-like (NP-likeness > 1),FWDXZNKYDTXGOT,OQWKEEOHDMUXEO,0.7906976744186046,+C4O2,79.98982923999995
public NP-like (NP-likeness > 1),QKPKGDDHOGIEOO,FNJRUYGFVNGXTL,0.8392857142857143,-O,-15.994914619999975
public NP-like (NP-likeness > 1),JWIYLOHVJDJZOQ,CQKHENXHLAUMBH,0.68,-CH2,-14.015650063999999
public NP-like (NP-likeness > 1),VMKBMHANIBJAMY,KBTQMAFDKPKMEJ,0.7037037037037037,+C15H24O5,284.16237386799986
public NP-like (NP-likeness > 1),RSWBAMSGCBURMC,YQONPRHPBDROEF,1.0,+C2H2,26.015650064000056
public NP-like (NP-likeness > 1),OXFPYCSNYOFUCH,BKBYHSYZKIAJDA,0.7592592592592593,-O,-15.994914620000031
public NP-like (NP-likeness > 1),KANPTSQTXUUWJP,MLCMEHUPTMULKN,0.7606837606837606,isomer (0),0.0
public NP-like (NP-likeness > 1),KEYWNLWTPIAJKO,MYFGUDMPIBZEGG,1.0,+C2H4,28.031300127999998
public NP-like (NP-likeness > 1),GKAJCVFOJGXVIA,SKQIOEZYEYGYEH,0.8653846153846154,-C6H10O5,-162.05282342000004
public NP-like (NP-likeness > 1),SNNRXIOWEMKFFZ,FTNJWQUOZFUQQJ,0.8690476190476191,-CO2,-43.98982924000006
public NP-like (NP-likeness > 1),LCVACABZTLIWCE,LDVWEIPWETUXNJ,0.48148148148148145,isomer (0),0.0
public NP-like (NP-likeness > 1),OJCKRNPLOZHAOU,ALFUZUYJAXAEKE,0.27380952380952384,+N-C3H5O4,-91.01570963999995
public NP-like (NP-likeness > 1),ZTYPRVNFNKGSDK,NETSQGRTUNRXEO,0.46511627906976744,+O,15.994914620000003
public NP-like (NP-likeness > 1),YYPGFVKLIUMIEL,MXTWKFQBYULPCY,0.72,-CH4,-16.03130012800011
public NP-like (NP-likeness > 1),XVZIHFQXIIWIHO,BECNNJLLIXQSGY,0.4507042253521127,+O-CH6,-2.0520355719999657
public NP-like (NP-likeness > 1),QJMXHGRSTYIVBE,XCYFSKKZKGHHRG,0.9027777777777778,-CH2,-14.015650064000056
public NP-like (NP-likeness > 1),MUNWAHDYFVYIKH,CMUNUTVVOOHQPW,0.45161290322580644,+O,15.994914620000003
public NP-like (NP-likeness > 1),IXBNVIUXRPISES,QXVSHNTUBNPXND,0.8648648648648649,+C2H3NO,57.02146371599997
public NP-like (NP-likeness > 1),FYKXUGIGKHKTDH,RNMOYYIVANEQIG,0.5333333333333333,+C3H6,42.04695019199994
public NP-like (NP-likeness > 1),CDKNUFNIFGPFSF,NYLJGSLNIOEAHY,0.835820895522388,+C2H2OS,73.982635684
public NP-like (NP-likeness > 1),VGALEQRDKRZJFD,DOAJFZJEGHSYOI,0.7090909090909091,isomer (0),0.0
public NP-like (NP-likeness > 1),QXOXODCLNBXHKD,PYVRVRFVLRNJLY,1.0,+CH2,14.015650063999999
public NP-like (NP-likeness > 1),RKWHWFONKJEUEF,SBBFXSBQYRSIPP,0.9811320754716981,+CH2O,30.010564683999974
public NP-like (NP-likeness > 1),RZFGPAMUAXASRE,UMCBDWHORFFLCD,0.6444444444444445,-CH2,-14.015650063999999
public NP-like (NP-likeness > 1),WTYYPLMAODUDGW,IPQKDIRUZHOIOM,0.7894736842105263,isomer (0),5.684341886080802e-14
public NP-like (NP-likeness > 1),JJKBYUGMLIRMKO,LGCVHGQURUDXEB,0.8507462686567164,-C2H2O,-42.010564683999974
public NP-like (NP-likeness > 1),DGABKXLVXPYZII,XAOYWKYKYAAHMJ,0.8,-C5H7NO3,-129.04259308399992
public NP-like (NP-likeness > 1),MOOJMRSFZYXYDP,AKIRMBMADXTLAC,0.4126984126984127,-C5H4,-64.03130012799994
public NP-like (NP-likeness > 1),CISFAPDYRQPRCZ,CTJZWFCPUDPLME,0.6666666666666666,+C5H4O2,96.02112936799989
public NP-like (NP-likeness > 1),SUHOQUVVVLNYQR,JZNWSCPGTDBMEW,0.6285714285714286,?,43.05422664409002
public NP-like (NP-likeness > 1),JHNVCKNCEVZGGC,JZIYNZGPIKGKQC,0.6857142857142857,+CH2O,30.010564683999974
public NP-like (NP-likeness > 1),XGYYXBDYFNKQER,UAJNJKVPALBSLH,0.7027027027027027,-CH2O,-30.010564683999974
public NP-like (NP-likeness > 1),VTVIAUVVYCCQQJ,CPYITNBHBNSZEL,0.6140350877192983,+C5H8,68.06260025599994
public NP-like (NP-likeness > 1),UQEBFWWGYUKZKS,DOUBHKWINICANZ,1.0,-C2H2,-26.015650064000056
public NP-like (NP-likeness > 1),JQFRAIFJNILXER,JGXFMIJHKASCIZ,0.7301587301587301,+C4H6O4,118.02660867200001
public NP-like (NP-likeness > 1),NCYSTSFUYSFMEO,KAQKFAOMNZTLHT,0.7457627118644068,-H2,-2.015650063999999
public NP-like (NP-likeness > 1),YNIWMLHSONPLJN,MUCOHWBULSBLLZ,0.8,+C2H4,28.03130012800011
public NP-like (NP-likeness > 1),WBFSAFNEOJWXJW,UPTNXXBINLOTFN,1.0,+C2H4,28.031300127999998
public NP-like (NP-likeness > 1),USZYSDMBJDPRIF,ZJBMQVPEJHVSQA,0.6739130434782609,+C12H18O4,226.1205090560003
public NP-like (NP-likeness > 1),QABASLXUKXNHMC,KGCBATGZRGGGQG,0.7741935483870968,-C6H10O5,-162.0528234200001
public NP-like (NP-likeness > 1),WELCNKRQSNXMDQ,SPQIFYGJYQZMOT,0.7678571428571429,-C2H2O,-42.01056468400003
public NP-like (NP-likeness > 1),KWVISVAMQJWJSZ,MCQNPWNREVNWDQ,0.75,-C2H2O,-42.010564683999974
public NP-like (NP-likeness > 1),CRPQZKBTVRNJPK,AXSLKOJPXNZXDK,1.0,+C8H16,112.12520051199999
public NP-like (NP-likeness > 1),WBDDWIKJZNNKBQ,WCHBFWOEFOZHMK,0.813953488372093,isomer (0),-1.1368683772161603e-13
public NP-like (NP-likeness > 1),UNMLVGNWZDHBRA,UDCWMKJVKMPGDB,0.9264705882352942,-C6H10O5,-162.05282341999987
public NP-like (NP-likeness > 1),VBTJCNBNATWYNG,BUAACCTZRHRKAS,1.0,+C2H2,26.015650064000056
public NP-like (NP-likeness > 1),FOHXFLPXBUAOJM,LLVOJEYSNCNXJN,0.9423076923076923,-C6H10O5,-162.05282342000004
public NP-like (NP-likeness > 1),CEQFJBVHSIPOPQ,WKSNGSPNQSMRBC,0.7333333333333333,+CH2O,30.01056468400003
public NP-like (NP-likeness > 1),UCDVIBNDYLUWFP,WHSUEVLJUHPROF,0.5471698113207547,-H2O,-18.01056468400003
public NP-like (NP-likeness > 1),KRSBHLMRTWAXTC,XPORNVNQXGCFIS,0.7746478873239436,isomer (0),0.0
public NP-like (NP-likeness > 1),FPMOROOPDIFSMA,HERICYNRBVMDFO,1.0,-CH2O,-30.010564683999974
public NP-like (NP-likeness > 1),OIUBYZLTFSLSBY,YLWQTYZKYGNKPI,0.8596491228070176,isomer (0),0.0
public NP-like (NP-likeness > 1),QHLDWKHEJZETQA,ZUILGDNVKPMVIA,0.7831325301204819,+C6H10O5,162.0528234200002
public NP-like (NP-likeness > 1),GFMYIOGFYYHKLA,BAHUBXAYVOCLNA,0.7543859649122807,isomer (0),5.684341886080802e-14
public NP-like (NP-likeness > 1),MXHMJIKONWDSAS,PXHRFYHFGSFKEB,0.8769230769230769,+C3H6-O,26.052035571999966
public NP-like (NP-likeness > 1),VMPZDTGNRJJRDR,PHEGFTJXMWUIMN,0.6944444444444444,+S-CH3N,2.945521904000003
public NP-like (NP-likeness > 1),OHLQBKZXSJYBMK,FHGZOCAZNHYWAL,0.5789473684210527,-C2H2O,-42.01056468399992
public NP-like (NP-likeness > 1),HYVHGKDHDRBYPY,LRRJYOPCACBLEA,0.6615384615384615,+H2O2,34.005479304000005
public NP-like (NP-likeness > 1),LAZLDWXSSDNWRZ,IXSVOCGZBUJEPI,0.7666666666666667,isomer (0),0.0
public NP-like (NP-likeness > 1),IBSNNVHJJNLMJW,NVTNXPADRDASMP,0.6666666666666666,+C2H6,30.046950191999997
public NP-like (NP-likeness > 1),RZXXXVCPLIEYOK,CBEFWCLRPKIYCH,1.0,+C5H10,70.07825032000017
public NP-like (NP-likeness > 1),MMFMSRQVRZJFCQ,BEFBCLTWLOLKAQ,0.6341463414634146,-C2O3,-71.98474385999998
public NP-like (NP-likeness > 1),QVVPJFBYFYYVDM,AXXBADPZGFAAHF,0.6888888888888889,-C2H4,-28.031300127999998
public NP-like (NP-likeness > 1),CUJYYVNWNPLKFR,UVYVLBIGDKGWPX,0.8202247191011236,isomer (0),0.0
public NP-like (NP-likeness > 1),POXKBPUNCDMQMW,MLCZRFXGJOUFHE,0.5652173913043478,+Cl-C4H9O,-38.096487227999944
public NP-like (NP-likeness > 1),VMFFESMCXOCOIZ,HKYRAGBVPCSLII,0.8787878787878788,+O-HN,0.9840155879999202
public NP-like (NP-likeness > 1),WHNAJPFARNBVDZ,HUYOUKKMFHFSIU,0.5576923076923077,+C4H8O3,104.04734411599992
public NP-like (NP-likeness > 1),RCTKRNCKOYYRIO,QCTMYNGDIBTNSK,0.9302325581395349,isomer (0),0.0
public NP-like (NP-likeness > 1),KDYGOTULHKNOFI,ZYEOLMDPAUHXEQ,0.75,-C5H10,-70.07825032
public NP-like (NP-likeness > 1),JNZBACSLMIGXCA,ARHZXCIVYQVVOK,0.5540540540540541,isomer (0),0.0
public NP-like (NP-likeness > 1),KXSDPILWMGFJMM,SVURIXNDRWRAFU,0.3611111111111111,-C5H8,-68.062600256
public NP-like (NP-likeness > 1),WRTWKAQFZYXAEJ,FIDUIAPDSKSUGO,0.5531914893617021,+H2O2,34.00547930400003
public NP-like (NP-likeness > 1),AJVXYSXLPADTCV,VDHYPSXGMGKEHS,0.7469879518072289,+C3H4,40.031300128
public NP-like (NP-likeness > 1),RTMDAGNQLZXLOG,POYWSZZWEBUIGY,0.8734177215189873,-C2H3NO,-57.02146371599997
public NP-like (NP-likeness > 1),WWTHYNDEENJLNT,XMGVDYBLSLSWOQ,0.8113207547169812,-CH2,-14.015650063999999
public NP-like (NP-likeness > 1),GMCGZPQYTRHQRU,LVTJOONKWUXEFR,0.9239130434782609,+O,15.994914620000145
public NP-like (NP-likeness > 1),SQTAVUCHOVVOFD,IZVFFXVYBHFIHY,0.578125,+O2-H4,27.95852911199995
public NP-like (NP-likeness > 1),MWKOCMVMTHRMGZ,XUEWAMZWAWHUPZ,0.9078947368421053,+C2H2O,42.01056468400009
public NP-like (NP-likeness > 1),OBSYBRPAKCASQB,WWNYZTBMVRRLJM,0.5263157894736842,+C2H2O2,58.005479304000005
public NP-like (NP-likeness > 1),URFCJEUYXNAHFI,FTVWIRXFELQLPI,0.8157894736842105,-O,-15.994914620000031
public NP-like (NP-likeness > 1),IETZAWFZIAOWQX,FBUBVLUPUDBFME,0.7586206896551724,-CH2,-14.015650063999999
public NP-like (NP-likeness > 1),KSNLKLIQGHRTKX,BWWQJPMOEXIEGF,0.8024691358024691,+O,15.994914619999918
public NP-like (NP-likeness > 1),XLEYFDVVXLMULC,GKSGTWUNURZTKD,0.6666666666666666,-CH2,-14.015650063999999
public NP-like (NP-likeness > 1),QVQTXPJAUGJTGQ,MQVJIHLUOAYPHF,0.7894736842105263,+CH2,14.015650063999999
public NP-like (NP-likeness > 1),AHLPHDHHMVZTML,KDXKERNSBIXSRK,0.8571428571428571,-CH2,-14.015650063999999
public NP-like (NP-likeness > 1),BWUQAWCUJMATJS,FQPSOJRHFJUUMC,1.0,isomer (0),5.684341886080802e-14
public NP-like (NP-likeness > 1),YNMMSSYXBYTABV,ATASRQYZQYFECN,0.8783783783783784,-CH2,-14.015650064000056
public NP-like (NP-likeness > 1),SXYMMDGPXYVCER,RKWHWFONKJEUEF,0.8666666666666667,+C6H10O5,162.05282342000004
public NP-like (NP-likeness > 1),QFKRKMXPKBHGGO,ZSRVBNXAPSQDFY,0.5522388059701493,+C8H10O3,154.06299417999992
public NP-like (NP-likeness > 1),BDLSDHWCOJPHIE,HKOIXWVRNLGFOR,0.6333333333333333,+CH2O,30.010564683999974
public NP-like (NP-likeness > 1),CXSXBHMYYCPTHP,WRYJYFCCMSVEPQ,0.9382716049382716,+C6H10O5,162.0528234200002
public NP-like (NP-likeness > 1),NQGPNQJTMGFHLB,JIFCZFANTRUDJZ,0.9538461538461539,+CH2,14.015650063999999
public NP-like (NP-likeness > 1),BSOQXXWZTUDTEL,SNTUQIQTAZQYIG,0.8095238095238095,isomer (0),0.0
public NP-like (NP-likeness > 1),NIFKNZQRXACCCT,BVUFCTJBJVGJGJ,0.6206896551724138,+O-HN,0.9840155880000054
public NP-like (NP-likeness > 1),DACVCMJSASEFMJ,SQIQZZJGWUWAFZ,0.9636363636363636,+C2H2,26.015650064000056
public NP-like (NP-likeness > 1),UETZJEZFLKASPR,NVEQFIOZRFFVFW,0.6842105263157895,+O-CH2,1.979264556000004
public NP-like (NP-likeness > 1),JFOILMZFESGPDU,NGTHIBFWOPPSSB,0.47126436781609193,+O2-H2,29.97417917600012
public NP-like (NP-likeness > 1),UDXATPDMXVSNBT,CCXLATGAVVWXBE,0.8767123287671232,-H2,-2.015650064000056
public NP-like (NP-likeness > 1),IKIIZLYTISPENI,DJSISFGPUUYILV,0.8703703703703703,-O,-15.994914619999975
public NP-like (NP-likeness > 1),WOBPBTDFDODUKX,DIPFIEWKTZWRRS,0.8245614035087719,-CH2O,-30.010564683999974
public NP-like (NP-likeness > 1),IUGGVSLEUIOOAV,AEVYRIHKGPBTQS,0.6808510638297872,+H2,2.015650063999999
public NP-like (NP-likeness > 1),CBJRVSWMDLZAQD,DJSLHAARKMNBDB,0.5512820512820513,-C20H28O4,-332.19875937599994
public NP-like (NP-likeness > 1),GNDDBOHLMOANGU,XPLMUADTACCMDJ,0.8,-C6H10O4,-146.05790879999995
public NP-like (NP-likeness > 1),MNDYLEKBHLHJLY,IDHWXSORJXHAOU,0.5263157894736842,isomer (0),-5.684341886080802e-14
public NP-like (NP-likeness > 1),ZHVZVHMDHAWEBG,IYLRRIUNGGQRTN,0.65625,-H2,-2.015650063999999
public NP-like (NP-likeness > 1),RGAPGIRIYHJSJY,LULXDGNUFGVYDS,1.0,+C2H4,28.031300127999998
public NP-like (NP-likeness > 1),IUOXDQMRWDBYKS,OALVVIGUCSHCRI,0.890625,+C4H4,52.031300128
public NP-like (NP-likeness > 1),SKHJNNFXCKTDBG,FHKHGNFKBPFJCB,0.9058823529411765,-C6H10O4,-146.05790880000018
public NP-like (NP-likeness > 1),ZZYHFDBRMVNLIF,KRFOKEDPULULSH,0.8088235294117647,-CH6O,-34.04186481199997
public NP-like (NP-likeness > 1),OBIHMDTYFRWHQR,JVCWPDHNHIGMTK,0.7857142857142857,+C2H4O4,92.01095860800007
public NP-like (NP-likeness > 1),DQNIDSLDXGTEPL,GPSKVSZZHKDRDQ,0.4935064935064935,isomer (0),0.0
public NP-like (NP-likeness > 1),UXVRTOKOJOMENI,IXAQOQZEOGMIQS,1.0,isomer (0),0.0
public NP-like (NP-likeness > 1),JYFOSWJYZIVJPO,QUOZWMJFTQUXON,0.8222222222222222,+O-CH2,1.9792645559999755
public NP-like (NP-likeness > 1),WUQMVSOZWZOUJR,LPEAVAOTAWKUPC,0.5625,+H2,2.015650063999942
public NP-like (NP-likeness > 1),NJMQSVWMCODQIP,GZSQKOFXMZDKPV,0.8076923076923077,-CH2,-14.015650063999999
public NP-like (NP-likeness > 1),QFTPTUOKFIIFJH,IXQBRUSHWUDFSM,0.746031746031746,-C5H8O4,-132.0422587359999
public NP-like (NP-likeness > 1),TXWOJUKUJKANMH,QTSQCCVLTMKKDP,0.38181818181818183,+CH3NS-O3,13.013876236000016
public NP-like (NP-likeness > 1),PJILNYZHCHGJIN,WLZDJBOPVJQGLD,0.9615384615384616,-C3H4O3,-88.01604398799986
public NP-like (NP-likeness > 1),YEJRWHAVMIAJKC,OZJPLYNZGCXSJM,0.8235294117647058,-CH2,-14.015650063999999
public NP-like (NP-likeness > 1),ZTRWPEHMGCHTIT,NPDSHTNEKLQQIJ,1.0,+C2H4,28.031300127999998
public NP-like (NP-likeness > 1),GEDMEICHLBASCW,GGVNWPODIOWRDK,0.9518072289156626,-C2H2,-26.015650063999942
public NP-like (NP-likeness > 1),QUEDXNHFTDJVIY,GZIFEOYASATJEH,0.7254901960784313,+CH2,14.015650063999999
public NP-like (NP-likeness > 1),GWQOKSGICREUKH,NNSJJWBUAVGBQP,0.7540983606557377,+H2,2.015650063999999
public NP-like (NP-likeness > 1),IZJDSNVAUKJYHG,LIYPIPVWOHUWMD,0.7735849056603774,+HO3P,79.96633052199991
public NP-like (NP-likeness > 1),LBCSKUSUYQVKDB,GZVMBXDQUQRICT,0.9285714285714286,-C6H10O5,-162.0528234200002
public NP-like (NP-likeness > 1),ISHXRANDGDVGJS,VZXPWVDKXCYHSI,0.7857142857142857,+O,15.994914619999975
public NP-like (NP-likeness > 1),MVWXLRYZCZSBKW,AKFIXMYXISUTAF,0.8857142857142857,-CH2,-14.015650064000056
public NP-like (NP-likeness > 1),YUGLDRNZSJJFIK,LJYPJWICCCIAKW,0.5074626865671642,-C4H8O,-72.05751487599997
public NP-like (NP-likeness > 1),MTCQCYKBECZRBE,NAAUOFNNKYXWIW,0.8484848484848485,+C3H6,42.046950192
public NP-like (NP-likeness > 1),RALTUMFCLLNZRF,HQEBGENSMXBRMP,1.0,+C2H4,28.031300127999998
public NP-like (NP-likeness > 1),WGGZRKVUOFMQHM,AIHWGPJJINPTRP,0.7735849056603774,+O,15.994914619999975
public NP-like (NP-likeness > 1),QZAPUYRZDNSINH,VUYYJRNODWFNJB,1.0,-C2H4,-28.03130012800011
public NP-like (NP-likeness > 1),VQQGPFFHGWNIGX,OHJWWOZXCKEOGK,0.9302325581395349,isomer (0),0.0
public NP-like (NP-likeness > 1),QPMKRRUDQIKGNH,RAKJVIPCCGXHHS,0.7804878048780488,+C5H8,68.06260025599997
public NP-like (NP-likeness > 1),CQQZWXWVSLDDGA,BPRHQHXQQWBJNT,0.82,isomer (0),0.0
public NP-like (NP-likeness > 1),VNGUCOGHCJHFID,YOQAQNKGFOLRGT,0.7068965517241379,-H2O,-18.010564683999974
public NP-like (NP-likeness > 1),XBTXTLKLSHACSS,JXOHGGNKMLTUBP,0.2702702702702703,+N-HO2,-18.994580272000007
public NP-like (NP-likeness > 1),LEOFPCKFKFVFOL,NJRFVURYVWPLKB,0.35294117647058826,+O-C5H6,-50.052035571999994
public NP-like (NP-likeness > 1),ZYZXZTFXCPYPOH,BQPAYARYCXZJTR,0.9393939393939394,-C5H8O4,-132.0422587359999
public NP-like (NP-likeness > 1),NABPSKKFOWENEB,DEUSODBYLVUUQI,0.9761904761904762,+CH2,14.015650063999942
public NP-like (NP-likeness > 1),TXFHOGSJIZXREA,WSIQTSRSAGNRDB,0.8235294117647058,-C2H2O,-42.01056468400003
public NP-like (NP-likeness > 1),GVLISDGZEVBRHD,RNKRCAUAEHLABL,0.8433734939759037,+O-C2H2,-10.02073544399991
public NP-like (NP-likeness > 1),RGVBNBFNSBMXID,KTCKNHCDUKONFQ,0.5892857142857143,+C3H2O2,70.00547930399995
public NP-like (NP-likeness > 1),SRGOJUDAJKUDAZ,ORQXBVXKBGUSBA,0.875,-C2H4,-28.031300127999998
public NP-like (NP-likeness > 1),ONVABDHFQKWOSV,NIKHGUQULKYIGE,0.6888888888888889,+H2-O2,-29.974179176000007
public NP-like (NP-likeness > 1),YMWJTRFMJWSJCS,NLULZNBCVJHZQQ,0.8421052631578947,-O,-15.994914619999918
public NP-like (NP-likeness > 1),OFGYEWSOWYMHFE,MTTUVGLGBORPBI,0.6621621621621622,+C6H8O6,176.03208797599996
public NP-like (NP-likeness > 1),HTCUURQJNZBKIA,JZCRGJSEBZCNAR,0.775,-C10H16O3,-184.10994437199986
public NP-like (NP-likeness > 1),OHFNMJLLKAYZIA,ZFHQNTDKIPBLQC,0.671875,isomer (0),0.0
public NP-like (NP-likeness > 1),JGXFMIJHKASCIZ,GAMYVSCDDLXAQW,0.847457627118644,+CH2O,30.010564683999974
public NP-like (NP-likeness > 1),MMHTXEATDNFMMY,LRVMOUROAVXZBI,0.7872340425531915,+CH2,14.015650063999999
public NP-like (NP-likeness > 1),YOXRCWBQUFOFDB,LFWLYNKBYSIXAH,0.8658536585365854,+C3H2O3,86.00039392400004
public NP-like (NP-likeness > 1),YIQRSAKVWZVLDN,DDUHZTYCFQRHIY,0.6730769230769231,-CH2,-14.015650063999999
public NP-like (NP-likeness > 1),LENNRXOJHWNHSD,GEFQWZLICWMTKF,0.6451612903225806,+CH2,14.015650063999999
public NP-like (NP-likeness > 1),YKUOLKCFJOBRLX,HIQWMEGAZGGCPV,0.8918918918918919,-O,-15.994914620000031
public NP-like (NP-likeness > 1),YSOKENZJQWPLRA,AJERVVHSERWGFL,0.7777777777777778,-O,-15.994914619999975
public NP-like (NP-likeness > 1),JZCRGJSEBZCNAR,VNBPNPCSBYXRNC,1.0,-C20H32O6,-368.2198887440002
public NP-like (NP-likeness > 1),AEMFNILZOJDQLW,RZRPTBIGEANTGU,0.6976744186046512,+H2-O,-13.979264555999976
public NP-like (NP-likeness > 1),LGIPKUHFCLCHJK,CFYLSUZUMMPFNC,1.0,-C2H4,-28.031300127999884
public NP-like (NP-likeness > 1),VTDBDVABTGGRMO,VKVBSQRURLRCHO,0.8548387096774194,-C6H10O5,-162.0528234200001
public NP-like (NP-likeness > 1),KNGWIQNCSUFYHU,KPLBOWKEQXYXSD,0.9056603773584906,-C3H6,-42.04695019199994
public NP-like (NP-likeness > 1),YZABVDSJBDBKPD,ORJMOWYWYBXFBE,0.7419354838709677,+C2H2O,42.01056468400003
public NP-like (NP-likeness > 1),LONBSPWPPNYRFU,HRBMXGCIASCLFB,1.0,-C3H6,-42.046950192
public NP-like (NP-likeness > 1),JYNZPXSRTWSMPG,SHRUKDVTMUBNTL,0.7346938775510204,-C2H6O,-46.041864812000085
public NP-like (NP-likeness > 1),KKYYAPSZCXJWRK,RKUXPGNDCWRNHP,0.8507462686567164,-C2H3NO,-57.02146371600003
public NP-like (NP-likeness > 1),BNTSBBGKFQEZMC,VWFSSUCTNGJWMR,0.7692307692307693,-C12H22O,-182.16706532400002
public NP-like (NP-likeness > 1),VJLWJTZPZRXBSJ,ILBBUABYDDWOOM,0.75,-C2H4,-28.031300127999998
public NP-like (NP-likeness > 1),CBMYJHIOYJEBSB,WDTAJXMIXADUTH,0.7297297297297297,+O-HN,0.984015587999977
public NP-like (NP-likeness > 1),XLRKFSDSKCYZBE,SWTDXMBCOHIACK,0.5679012345679012,-H2,-2.0156500640001127
public NP-like (NP-likeness > 1),LNCJLBSCTQTIGW,KHVOTABIRNIZBV,1.0,-C2H4,-28.031300127999998
public NP-like (NP-likeness > 1),CJUHWKPMXGYAGR,JIHNIFVHUVCKQA,0.8382352941176471,+C3H6,42.046950192000054
public NP-like (NP-likeness > 1),SQVLFJQJOPEBAA,GWYVXPNMQFBXRS,0.8620689655172413,+O,15.994914619999975
public NP-like (NP-likeness > 1),MKNGATFAUPNAHP,SWPAIUOYLTYQKK,0.5797101449275363,+C6H8O6,176.032087976
public NP-like (NP-likeness > 1),YBLCFZUEDVPCGH,AKOODYJUSBQMNM,0.9830508474576272,+C4H4,52.031300128
public NP-like (NP-likeness > 1),XTWQFJODFQFTIT,KPCPRCRZARJYDU,0.828125,-C5H8O4,-132.042258736
public NP-like (NP-likeness > 1),YQHBJMHUMJXFDN,KPXIBWGPZSPABK,0.6031746031746031,+CH2O,30.010564683999974
public NP-like (NP-likeness > 1),ASKKBGQVSVTIAW,PZZRDJXEMZMZFD,0.75,+CH2,14.015650063999999
public NP-like (NP-likeness > 1),UBEMSBNKOSVIQI,RJVBVECTCMRNFG,0.9512195121951219,-CH2,-14.015650064000056
public NP-like (NP-likeness > 1),YWINRZWIJRZTLR,WJBAVHUIDSLIOW,1.0,-C2H4,-28.031300127999998
public NP-like (NP-likeness > 1),AGOBJWRKGBQRQV,CFLMKSATCSSDCC,0.7625,+C2H4,28.031300127999998
public NP-like (NP-likeness > 1),CIYLTHWUJCCASO,QRWNMJBTANFMHA,0.8372093023255814,-CH2,-14.015650063999999
public NP-like (NP-likeness > 1),RETJLKUBHXTIGH,JNNRILAYMZYEQB,0.8833333333333333,isomer (0),0.0
public NP-like (NP-likeness > 1),XJKITIOIYQCXQR,FXKDHZXYYBPLHI,0.9516129032258065,-H2,-2.015650063999942
public NP-like (NP-likeness > 1),KWMFYVTUWHYGQK,QUYAEOSQFKMXDN,0.5641025641025641,+O,15.994914619999975
public NP-like (NP-likeness > 1),JBQJQRQPOXLFNB,AFRGWGGHJYMSDU,0.9027777777777778,+O,15.994914620000031
public NP-like (NP-likeness > 1),VNZIPGYJEBOLLL,DSBJENZBPWHFBT,0.7903225806451613,+C2H4S-O,44.00845650800005
public NP-like (NP-likeness > 1),IILQILGCNGUUHT,KBMIVGVAJKVWBU,0.7142857142857143,-H2,-2.015650063999999
public NP-like (NP-likeness > 1),SAORJUUJHIHDBZ,IKUWMGOXYQGWPC,0.6363636363636364,-C2H2,-26.015650064
public NP-like (NP-likeness > 1),AGIQIKMGJVLKMA,MTIXBBDFRVGBOQ,0.6938775510204082,-H2,-2.015650063999999
public NP-like (NP-likeness > 1),KBFQQKDBYAQJJS,QYOAOUSBEQVWNW,0.575,+O,15.994914619999975
public NP-like (NP-likeness > 1),AYUZIJGYLYOQRO,HSBPDPSFUYOBLQ,1.0,+C2H4,28.031300127999998
public NP-like (NP-likeness > 1),HAQWFFXPDUUPGS,CAWSRJXHPNTOPQ,1.0,-C10H20,-140.15650064000005
public NP-like (NP-likeness > 1),IVOMOUWHDPKRLL,XRILCFTWUCUKJR,0.7538461538461538,-C10H12N5O7P,-345.04743435399996
public NP-like (NP-likeness > 1),WDLVFABDCXUTOY,IJMGPKZDOWELNX,0.575,+C15H22O8,330.131467664
public NP-like (NP-likeness > 1),PBPYEEMQIFDGSQ,RMMXLHZEVYNSJO,0.6086956521739131,+O,15.994914620000031
public NP-like (NP-likeness > 1),LEQAKWQJCITZNK,UXAFRQPVHYZDED,0.8356164383561644,+S-O,15.977156379999997
public NP-like (NP-likeness > 1),NTYUVNILMFXXRA,ISDWYSGTYITCHG,0.6788990825688074,?,-3.02402367591003
public NP-like (NP-likeness > 1),LKOCXGZSSYQSLN,IOYVXXQKVQKQIG,0.5576923076923077,+O,15.994914620000031
public NP-like (NP-likeness > 1),LWHLMCCRIWZBQO,LWJFULOPSWJZSL,0.8524590163934426,-C3H4,-40.031300128
public NP-like (NP-likeness > 1),GNZZTPXDWIYYFG,CZRVQRFJRNRLLK,0.8194444444444444,+O,15.994914619999975
public NP-like (NP-likeness > 1),BEJNERDRQOWKJM,RLWWKLWEBQOOAB,0.5806451612903226,-CH2,-14.015650063999999
public NP-like (NP-likeness > 1),WQZGKKKJIJFFOK,HMFHBZSHGGEWLO,0.9411764705882353,+CH2O,30.010564684000002
public NP-like (NP-likeness > 1),HRNMOJZLZGYPOJ,RVSYWRBZSPBTQV,0.8055555555555556,+C2H2O,42.01056468399992
public NP-like (NP-likeness > 1),QPOVVWNZICKRPM,BARZJLALPXZLMN,0.5172413793103449,isomer (0),0.0
public NP-like (NP-likeness > 1),KKWJCGCIAHLFNE,CAHGCLMLTWQZNJ,0.7068965517241379,+O,15.994914620000031
public NP-like (NP-likeness > 1),SUYRLXYYZQTJHF,DAIKHDNSXMZDCU,0.5980392156862745,+C6H15NO2S,165.08234972000002
public NP-like (NP-likeness > 1),SDEUJZQQWGXEEM,JYESOAFLKFHYHP,0.65,+H2O2,34.00547930400006
public NP-like (NP-likeness > 1),WTTUCZFXXPBCMB,NLFUQHCGODFTIB,0.8823529411764706,-C9H15NO5,-217.09502257999998
public NP-like (NP-likeness > 1),QKBNQKFVZBEPIH,FCWFCYFJTWKGBL,0.8823529411764706,isomer (0),0.0
public NP-like (NP-likeness > 1),PDQFXBTWLAVCPI,HTBFHIDOEDNZQZ,0.8307692307692308,-H2,-2.015650064000056
public NP-like (NP-likeness > 1),RHKBTXOPFCECMC,ODEIHSBBRGGUKW,0.7777777777777778,+CH2,14.015650063999942
public NP-like (NP-likeness > 1),ADWARAKZGQFXEL,GTJPHZMORIYVET,0.77,-C4H16,-64.12520051199988
public NP-like (NP-likeness > 1),FFYIZOYJCCKMDJ,ZJBYWYMWLGWVKS,1.0,isomer (0),0.0
public NP-like (NP-likeness > 1),DKQVGAXXYPCQSY,BSNPPGOUOBVIOM,1.0,-C5H6,-66.04695019200005
public NP-like (NP-likeness > 1),RIKWDZWVHUIUAM,JJRYPZMXNLLZFH,0.7,+C2H2,26.015650064
public NP-like (NP-likeness > 1),DPFRFXVTZUXYTC,WCCLEVMDEUCMHT,0.8795180722891566,-C6H10O4,-146.05790879999995
public NP-like (NP-likeness > 1),WEHZDNHJZBEGME,HQUVEBJUUSKUCJ,0.7037037037037037,-C16H26O5,-298.178023932
public NP-like (NP-likeness > 1),HWVINTCETUZLTE,MIIPQIZLIFAQGW,0.8260869565217391,+O,15.994914620000031
public NP-like (NP-likeness > 1),SZINUGQCTHLQAZ,CNZIQHGDUXRUJS,0.6885245901639344,isomer (0),0.0
public NP-like (NP-likeness > 1),ZIOIITMDKMWZOA,LULQRLKBANNSOX,0.8556701030927835,-O,-15.994914620000031
public NP-like (NP-likeness > 1),QYECIBJZFSVSHH,CQFZDNWCTZWQSH,0.8153846153846154,isomer (0),0.0
public NP-like (NP-likeness > 1),NDUAXKHGCJIYEQ,YKNOKTANOCJTSD,0.8631578947368421,-CH2,-14.015650064000056
public NP-like (NP-likeness > 1),DXBGTODWNFZHCD,YUDPTGPSBJVHCN,0.6181818181818182,isomer (0),0.0
public NP-like (NP-likeness > 1),JJDJDEBZMAOSOZ,UGLOEJBCUMSVOU,0.7777777777777778,-C2H4O4,-92.0109586079999
public NP-like (NP-likeness > 1),GDMMTHYWZIXWDS,COOBKIBQQIIVKX,0.7571428571428571,isomer (0),0.0
public NP-like (NP-likeness > 1),QAFGBLDGRLFICB,FUZMQNZACIFDBL,0.8636363636363636,-CH2,-14.015650063999942
public NP-like (NP-likeness > 1),AIFXMSDWXBFQTF,VGTFZDMSOFAHED,0.5333333333333333,isomer (0),0.0
public NP-like (NP-likeness > 1),WQHSFXIKEKTHRC,UEKGNKXQXAINHA,0.9137931034482759,+CH2,14.015650063999942
public NP-like (NP-likeness > 1),NLULZNBCVJHZQQ,SRFLUVLZTIKMBH,0.8695652173913043,+O,15.994914619999918
public NP-like (NP-likeness > 1),NYCXYIWXBJWWIL,LHDWRKICQLTVDL,0.5636363636363636,+H2,2.015650063999999
public NP-like (NP-likeness > 1),JAAFNWYGLROOGI,VMLNPJDEXLLCQG,0.5135135135135135,+H2,2.015650063999999
public NP-like (NP-likeness > 1),QPBNFQKLPIXNFL,LBVPDFGFLMFDPI,0.74,-CH2,-14.015650064000056
public NP-like (NP-likeness > 1),GCKDIZIMDJMLTE,LXNXTSIUFPSZKD,0.6981132075471698,+C3H6N2,70.053098192
public NP-like (NP-likeness > 1),HJEXOQUMFMERIM,XQVKQEFQGYTUAR,0.6781609195402298,-H2,-2.015650064000056
public NP-like (NP-likeness > 1),LMODRHQVKHDWTE,FIJFPUAJUDAZEY,1.0,+CH2,14.015650063999942
public NP-like (NP-likeness > 1),PGRWVCGZKIXMQW,CAIDWUCHPKFSPM,0.8723404255319149,+CH2-O,-1.9792645559999755
public NP-like (NP-likeness > 1),UTKRDXOBEDLIPI,RONSFNBPQWXAQJ,0.8640776699029126,-CH2O2,-46.00547930400012
public NP-like (NP-likeness > 1),MNLWZCYHJPEFDE,PUNXZEDIXYLVKL,0.8985507246376812,+CH2-O,-1.9792645559999755
public NP-like (NP-likeness > 1),AHKUFTRUMQKIPH,RDUNXXWNAKBVER,0.7407407407407407,-O,-15.994914619999975
public NP-like (NP-likeness > 1),NYMLDQLMTURXIA,IDYHKRQBCCKKSO,0.8703703703703703,+CH2,14.015650063999942
public NP-like (NP-likeness > 1),ZHOUHFMRWBOCFO,MHJYRHBCBPGGHL,0.6612903225806451,+CH2-O,-1.9792645559999755
public NP-like (NP-likeness > 1),LPMXVESGRSUGHW,AZOXLPPOBHVORY,0.7108433734939759,+H2O,18.010564683999974
public NP-like (NP-likeness > 1),LLMOGLMRIDXCMB,YEXLJVGASFWPAZ,0.48,+C2H2,26.015650064
public NP-like (NP-likeness > 1),IYSPOGZRUUAITO,FRMQRDZATLVXNN,0.7321428571428571,-C3H6,-42.046950192
public NP-like (NP-likeness > 1),VQHYUBJDKHMCEY,YNKJSQIXVXWFBK,0.5128205128205128,+H2O,18.010564683999917
public NP-like (NP-likeness > 1),RSYXNOFUKBLVPO,KTHRGKVVBHBAMS,0.9310344827586207,-CH2O,-30.010564683999974
public NP-like (NP-likeness > 1),NTBUBTCXACOEEC,ASFZQCLAQPBWDN,0.675,-O,-15.994914619999975
public NP-like (NP-likeness > 1),GPSKVSZZHKDRDQ,DQNIDSLDXGTEPL,0.4935064935064935,isomer (0),0.0
public NP-like (NP-likeness > 1),PCZOHLXUXFIOCF,OYNSFDWALRRTFU,0.8181818181818182,-C2H2O,-42.010564683999974
public NP-like (NP-likeness > 1),ZTOQINYSKGGCMJ,ZRMJBQAVFXBGBY,0.8387096774193549,+CH4S-O2,16.013541887999963
public NP-like (NP-likeness > 1),QQLYOKNVUBMTBS,BNAMVTAFTPGYKU,0.9032258064516129,-CH2,-14.015650063999999
public NP-like (NP-likeness > 1),WLSOGIGMSWCVID,ZLLQQKITWRWKTD,0.7727272727272727,+C11H10O5,222.05282341999987
public NP-like (NP-likeness > 1),IOXLWJVSXQSQJA,PUAWEASSENEAHB,0.8484848484848485,+CH2,14.015650063999999
public NP-like (NP-likeness > 1),MFIXKYXSBNIMPX,UYVBMGULWGRDQT,0.9285714285714286,+O,15.994914619999918
public NP-like (NP-likeness > 1),ONEVFKLUHNNRNQ,LYENYJFQVIXEAI,0.7016129032258065,+Cl-H,33.96102764800003
public NP-like (NP-likeness > 1),OGQDEDRDGGGLEX,KZKXUTZZQAKVQL,0.8902439024390244,-C2H3NO,-57.02146371599997
public NP-like (NP-likeness > 1),UBAHMWZNPCOXFM,DQYCIJJXVFRXIA,0.7380952380952381,-C2H2O2,-58.00547930399995
public NP-like (NP-likeness > 1),BNTPVRGYUHJFHN,MAZWDMBCPDUFDJ,0.9545454545454546,-C4H8,-56.062600255999996
public NP-like (NP-likeness > 1),GNFYUVRTHDXQNH,ZWZHWBIJDFMLEY,0.41304347826086957,-C2H2O2,-58.00547930399995
public NP-like (NP-likeness > 1),VPZATESDAQJEKC,AJRMYQPBZONDNK,0.8709677419354839,+CH2,14.015650063999999
public NP-like (NP-likeness > 1),SWNBFQKIMCBNRL,OWUREPXBPJFMOK,0.8205128205128205,isomer (0),0.0
public NP-like (NP-likeness > 1),MBJUDFCXTUSNFA,WWOGFSBVRNWZBV,0.9333333333333333,-C28H46N2O20,-730.2643918719984
public NP-like (NP-likeness > 1),VAFAXNHOIDDOAS,FDLLEBFMOIHMNM,0.6461538461538462,+CH4O,32.02621474799997
public NP-like (NP-likeness > 1),HERXNVRVRJLKGB,FFGMIROFHQNSJF,1.0,-CH2,-14.015650064000056
public NP-like (NP-likeness > 1),HLXRWTJXGMHOFN,LPOVXLVQNSEZGE,0.7288135593220338,isomer (0),0.0
public NP-like (NP-likeness > 1),YLZIYXWGQDMXKO,HWYFAYZAEZPAHD,0.9354838709677419,-CH2O,-30.010564683999974
public NP-like (NP-likeness > 1),UBQMBIFYXNOHMG,NKISQZKBGVJCKA,0.8222222222222222,-CH2,-14.015650063999999
public NP-like (NP-likeness > 1),BWUMQHHQRFRBKZ,ZEKXCIHGJAZTEW,0.8548387096774194,+CH2,14.015650063999999
public NP-like (NP-likeness > 1),MVGFIPNJBNBHNC,LVROXDRMMJVBGH,1.0,-C8H16,-112.12520051200033
public NP-like (NP-likeness > 1),JSXABGGDWOZDCP,CJLHTKGWEUGORV,0.4423076923076923,+O-H2,13.979264555999976
public NP-like (NP-likeness > 1),JWZBXKZZDYMDCJ,PDEKSQPGUZKWQD,0.8,-CH2,-14.015650063999999
public NP-like (NP-likeness > 1),PZMKVXLYUUFZPT,CBOSLVQFGANWTL,0.6461538461538462,isomer (0),-5.684341886080802e-14
public NP-like (NP-likeness > 1),FPMQKXQOBKDVHF,JLYBBRAAICDTIS,0.7121212121212122,-H2,-2.015650063999999
public NP-like (NP-likeness > 1),PLDAGHDCRWQEDU,AFACCKBWLMKMSL,1.0,-CH2,-14.015650063999999
public NP-like (NP-likeness > 1),HAIWUXASLYEWLM,RFSUNEUAIZKAJO,0.875,+CH2O,30.010564684000002
public NP-like (NP-likeness > 1),HWTDKFDMLPVUTI,FIUUKCBXWMVWIG,0.7884615384615384,+CH2,14.015650063999999
public NP-like (NP-likeness > 1),UKXXEFZFOOWTQU,PDXCTXGHQPPODN,0.8625,-O,-15.994914620000031
public NP-like (NP-likeness > 1),OAGXTVOZBKKJKA,ZBFSUZGUYFFWGY,0.8055555555555556,+O,15.994914619999975
public NP-like (NP-likeness > 1),FFGMIROFHQNSJF,HERXNVRVRJLKGB,1.0,+CH2,14.015650064000056
public NP-like (NP-likeness > 1),XGWYBQCOZNQQHX,SFZVDNKTWPZIJG,0.8648648648648649,-CO2,-43.98982924000006
public NP-like (NP-likeness > 1),YQXRWGSCINHGRZ,IXSXATBJPMWJIR,0.625,+O2S-C4H7N,-5.095948984000017
public NP-like (NP-likeness > 1),AFCDXKGLUDDXCK,IDTDRZPBDLMCLB,0.8166666666666667,+CH2,14.015650064000056
public NP-like (NP-likeness > 1),XSMHNBNTCRXBRA,URYKCNZOZDJLBE,0.9705882352941176,-C2H2,-26.015650064000056
public NP-like (NP-likeness > 1),BVRHGBHZAQNORL,PMBOOVZSTMWOFS,0.8780487804878049,isomer (0),0.0
public NP-like (NP-likeness > 1),FBRAWBYQGRLCEK,HUYVOKGTJJWNAG,0.726027397260274,isomer (0),0.0
public NP-like (NP-likeness > 1),NSWWTQXKRHICLB,RTKKWALHIFLWFN,0.8787878787878788,+H3N-O2,-14.963280143999896
public NP-like (NP-likeness > 1),UIERETOOQGIECD,HNEGQIOMVPPMNR,0.5555555555555556,+H2-O2,-29.974179176000007
public NP-like (NP-likeness > 1),GXEIJYZRCDTJTE,WKQNRCYKYCKESD,1.0,+C4H6,54.04695019199994
public NP-like (NP-likeness > 1),QHOOOTIFRLZXNC,QVCMHGGNRFRMAD,0.6607142857142857,+C,12.0
public NP-like (NP-likeness > 1),LELIMMPCIOEWFG,CUGGKIILVINTTG,0.8823529411764706,-CH2,-14.015650064000056
public NP-like (NP-likeness > 1),LUEWUZLMQUOBSB,FYGDTMLNYKFZSV,1.0,+C6H10O5,162.0528234200001
public NP-like (NP-likeness > 1),QJHQBRAKKPPNBR,KEYWNLWTPIAJKO,1.0,isomer (0),0.0
public NP-like (NP-likeness > 1),YVMXKGHILUYSGB,YRLONYYTFCQJCC,0.9206349206349206,-CH2,-14.015650063999999
public NP-like (NP-likeness > 1),NFGXHKASABOEEW,FZRBKIRIBLNOAM,0.48148148148148145,+CH6O,34.04186481199997
public NP-like (NP-likeness > 1),QNTCPRXCVAXEJC,UAVAEWGJORGZNS,0.8867924528301887,+Br-H,77.91051206800012
public NP-like (NP-likeness > 1),ZSWXIMXLLJRVFT,MSUVUDCULKNUJL,0.8421052631578947,?,-30.010564684000087
public NP-like (NP-likeness > 1),DTYJSYMMNJFNCQ,BUFDCOQRWVWTCJ,1.0,+C2H2,26.015650063999942
public NP-like (NP-likeness > 1),ODRFGSPTMBKUAY,LXBKBIJODOOVOX,0.845360824742268,+C5H8O4,132.042258736
public NP-like (NP-likeness > 1),WYSRAMKKFNDRPR,CPSJADJRZYHWCV,0.8070175438596491,-C2H2O,-42.01056468400003
public NP-like (NP-likeness > 1),KDFKJOFJHSVROC,BMCZTYDZHNTKPR,0.9130434782608695,isomer (0),5.684341886080802e-14
public NP-like (NP-likeness > 1),QYQQQPNALPPCSD,HHJJTYMYHYKVOT,0.9545454545454546,isomer (0),0.0
public NP-like (NP-likeness > 1),IYLRRIUNGGQRTN,ZHVZVHMDHAWEBG,0.65625,+H2,2.015650063999999
public NP-like (NP-likeness > 1),YSFPWLQJKYZZEG,INHVGPIPHZJQOP,0.6938775510204082,+O,15.994914619999975
public NP-like (NP-likeness > 1),SOVOCMGDFRGRKF,IMKJGXCIJJXALX,0.4074074074074074,+C4O2,79.98982923999995
public NP-like (NP-likeness > 1),QSCIDKJZGZYKSP,NLPSSNXRGVDJMP,0.5760869565217391,+C9H6O,130.04186481200009
public NP-like (NP-likeness > 1),IQFYYKKMVGJFEH,KTCKNHCDUKONFQ,0.7608695652173914,-CH2,-14.015650064000027
public NP-like (NP-likeness > 1),JKQYCXJUHYTQOP,MAKMINQMKSULBY,0.664,?,161.04554696790956
public NP-like (NP-likeness > 1),NHHGGMFSLITSLS,RFDJTQJCRRRVOJ,0.9016393442622951,+CH2-O,-1.9792645560000324
public NP-like (NP-likeness > 1),QZUORFHTBYGMJJ,PWKMCTSCOMHDIZ,0.6388888888888888,+O2-CH4,15.958529111999951
public NP-like (NP-likeness > 1),FVLKKDOSERAWCX,RLBRTTMIQNFABU,0.7441860465116279,+O,15.994914619999975
public NP-like (NP-likeness > 1),MNGUOJFSPDEZLA,SLWCVFLNZDOMEZ,0.9367088607594937,+C12H18O10,322.0899967760005
public NP-like (NP-likeness > 1),CWORGVRJZYKBGS,ZXAGLUIVEUDJAR,0.660377358490566,+H2,2.015650064000056
public NP-like (NP-likeness > 1),DMASLKHVQRHNES,JKQXZKUSFCKOGQ,0.813953488372093,-O,-15.994914620000031
public NP-like (NP-likeness > 1),KBPHJBAIARWVSC,ODGGKCNQKSEQNL,0.8448275862068966,-O,-15.994914619999918
public NP-like (NP-likeness > 1),QIEOAEKNEKYVTH,AHLBWJHZDLMJOJ,0.8888888888888888,+O,15.994914620000031
public NP-like (NP-likeness > 1),YDQWDHRMZQUTBA,DGGHVFUGMGGLON,0.7027027027027027,+O,15.994914620000031
public NP-like (NP-likeness > 1),UBCKYWKJKPMKAA,GKZJJTPLDUGBOT,0.7169811320754716,+H2,2.015650063999999
public NP-like (NP-likeness > 1),HSNZZMHEPUFJNZ,BJHIKXHVCXFQLS,0.8571428571428571,+CH2O,30.010564684000002
public NP-like (NP-likeness > 1),CZQLULNMKQAIQL,RNNVXCSFOWGBQP,0.7540983606557377,-C2H2O,-42.01056468400003
public NP-like (NP-likeness > 1),XJWFGTKGCRMVQL,VOXZDWNPVJITMN,0.5862068965517241,+C5H7NO,97.05276384399997
public NP-like (NP-likeness > 1),HIQWMEGAZGGCPV,YKUOLKCFJOBRLX,0.8918918918918919,+O,15.994914620000031
public NP-like (NP-likeness > 1),UZYFNQCWJLIAKE,PMWDZCANQJYEEV,0.7931034482758621,-HO3P,-79.96633052199991
public NP-like (NP-likeness > 1),SGPLNSURQYXVNX,GMBQZIIUCVWOCD,0.6,+N2,28.006148000000053
public NP-like (NP-likeness > 1),NKBFJMGSDFOQKF,JEIOYRCLCZRFJO,0.4838709677419355,+CH4,16.031300127999884
public NP-like (NP-likeness > 1),GKKUYSPFHPZFKX,YNQHQDWMPGETHU,0.8169014084507042,+O-H2,13.979264555999976
public NP-like (NP-likeness > 1),XNRNNGPBEPRNAR,RJHNVFKNIJQTQF,0.8113207547169812,+C2H4,28.031300127999998
public NP-like (NP-likeness > 1),ULVKMRNLBMAPTI,AEDDIBAIWPIIBD,0.6851851851851852,isomer (0),0.0
public NP-like (NP-likeness > 1),UBVJDBFJGYOVQT,LCTZNILDEIKRTA,0.8070175438596491,-CH2,-14.015650063999999
public NP-like (NP-likeness > 1),RAGQWYIPCPFTJC,YFHHIZGZVLHBQZ,0.8703703703703703,+HN-O,-0.984015587999977
public NP-like (NP-likeness > 1),HIIOXIIATFQRFL,RJQSKSPNULYBRI,0.7368421052631579,-C2H4,-28.031300128000026
public NP-like (NP-likeness > 1),MBTAFMZUDOUGPS,VVVMDYGNIVXIIG,0.5609756097560976,+H2,2.015650063999999
public NP-like (NP-likeness > 1),ZFHQNTDKIPBLQC,OHFNMJLLKAYZIA,0.671875,isomer (0),0.0
public NP-like (NP-likeness > 1),IVUFRBWVXKXZMM,KEWUFEUQBHLPEX,0.45901639344262296,+O2,31.98982923999995
public NP-like (NP-likeness > 1),GXYWZNJCGCCUAH,DNFJSIPZGYBGON,0.6753246753246753,+C2H2O2,58.005479304000005
public NP-like (NP-likeness > 1),YGGNZIGOWDYFPI,FGLJNFBRBQTLFZ,1.0,isomer (0),1.1368683772161603e-13
public NP-like (NP-likeness > 1),CBPIZTNTZKKYKN,UPNVKIZABMRHNR,0.55,+C5H10O,86.07316493999997
public NP-like (NP-likeness > 1),CDYGRHOHQUXDMN,FEMTVABTBAWCEK,0.7258064516129032,+C2H2O2,58.005479304000005
public NP-like (NP-likeness > 1),WUKYEOQJBJKFPH,SBTQTMDQJJRJDA,0.2804878048780488,+C2O-H3N,22.96836552399992
public NP-like (NP-likeness > 1),JLMWCKYUUMRSRK,KVSLFKRSBHIWMO,0.8478260869565217,+CH2O,30.010564683999974
public NP-like (NP-likeness > 1),KVTYWHGIZSCFLG,ZDIOCINAHISORH,0.8928571428571429,-C2H2O,-42.01056468400003
public NP-like (NP-likeness > 1),SVWYOGCKJVQALA,JGUYJMIAKPTIAH,1.0,+C4H8,56.062600255999996
public NP-like (NP-likeness > 1),LYCCSNYEMCXNRM,JGDCRWYOMWSTFC,0.684931506849315,+C8H12O3,156.07864424400003
public NP-like (NP-likeness > 1),XGAZVNBIWTUFAV,KMKFOIBUKYMVRJ,0.6578947368421053,-H2,-2.015650064000056
public NP-like (NP-likeness > 1),RVHBZEQSKCGIES,CFQNEULSTAUSCW,1.0,isomer (0),1.1368683772161603e-13
public NP-like (NP-likeness > 1),GXNFPEOUKFOTKY,ACTIUHUUMQJHFO,1.0,-C20H32,-272.250401024
public NP-like (NP-likeness > 1),FPHGVRVUOXZPPO,IFRKCNPQVIJFAQ,0.7297297297297297,+O,15.994914619999975
public NP-like (NP-likeness > 1),ZBXWGKPUSLRPHX,YCFQXQCEEPCZMO,0.7464788732394366,isomer (0),0.0
public NP-like (NP-likeness > 1),MCVMRSJKBHYURY,ZAPQUMCEMOGHEH,0.9705882352941176,+C2H2,26.015650064000056
public NP-like (NP-likeness > 1),HOMYIYLRRDTKAA,AXSLKOJPXNZXDK,1.0,isomer (0),0.0
public NP-like (NP-likeness > 1),RYBHZNMPMHOBAR,QATUWZPYBIHFFR,0.8571428571428571,-CH2,-14.015650063999999
public NP-like (NP-likeness > 1),FQQQKGAFQIIGLQ,DSSLARKCOKEORS,1.0,-C2H4,-28.03130012799994
public NP-like (NP-likeness > 1),DCLHFFDLHGUMDU,PAZOLAPVCOLMKJ,0.7358490566037735,-C2H2O,-42.01056468400003
public NP-like (NP-likeness > 1),QKVNMVAISCKGFO,CWCXONZIEDNVKI,0.4406779661016949,+H-Br,-77.91051206799995
public NP-like (NP-likeness > 1),QESVANXQYJTAGJ,LDUWZDLQTJPRSA,0.7733333333333333,+O,15.994914620000031
public NP-like (NP-likeness > 1),ICYIIQLBUYFUAV,BITPRCODIALMOV,0.40789473684210525,-C6H10O5,-162.0528234200001
public NP-like (NP-likeness > 1),RWCVSDKDFSVZNF,ZJBMQVPEJHVSQA,0.6388888888888888,-C8H15NO2,-157.11027871999988
public NP-like (NP-likeness > 1),RBXVTEUAOTYIME,QPFFEVMIQIJTGZ,0.8333333333333334,+CH2,14.015650063999999
public NP-like (NP-likeness > 1),VMWNWJGIYSEZAR,CRYJONMQBOHMKJ,1.0,-C3H6,-42.04695019199994
public NP-like (NP-likeness > 1),NHFBZKDNOHBTOX,CRYJONMQBOHMKJ,1.0,-C2H4,-28.031300127999998
public NP-like (NP-likeness > 1),DWAHICXXUQSHSM,FTILDQKJSKFQSY,0.7671232876712328,+CH2O,30.01056468400003
public NP-like (NP-likeness > 1),VHNLJRRECIZZPX,COUKTHZXLGYKPK,0.696969696969697,-C9H8O3,-164.04734411599992
public NP-like (NP-likeness > 1),VDBCMUZSRZGQBK,NGOLMNWQNHWEKU,0.8333333333333334,+CH2,14.015650063999999
public NP-like (NP-likeness > 1),LCOCGOGMNZCKGK,OEIFJXNZZYYHED,0.4375,+H2,2.015650063999999
public NP-like (NP-likeness > 1),JQZMBVCHIJERNH,SORYERHBQFTRIK,0.5555555555555556,-C5H6,-66.046950192
public NP-like (NP-likeness > 1),LNHTXDQCOOJNSA,AFRFUBXURIJHOA,1.0,-C13H26,-182.20345083200004
public NP-like (NP-likeness > 1),MWMIRIBJWGECFI,WBHHMMIMDMUBKC,0.6052631578947368,-C7H14,-98.10955044799996
public NP-like (NP-likeness > 1),JJPMVSRTRMLHST,JKQXZKUSFCKOGQ,0.7446808510638298,+O,15.994914619999918
public NP-like (NP-likeness > 1),JGHTWRZCNLXYPF,ZJXVNNSMRGTDBI,0.6486486486486487,+Cl-H,33.96102764799997
public NP-like (NP-likeness > 1),LXLRCWVAWYFQIU,YLZUMNXGXFXZNQ,0.8095238095238095,+O,15.994914620000031
public NP-like (NP-likeness > 1),NNHXYVFRCVYJNX,VBMZLLCXWPVECC,0.9206349206349206,-H2,-2.015650063999942
public NP-like (NP-likeness > 1),ZDOTZEDNGNPOEW,YRRAGUMVDQQZIY,0.7567567567567568,-O,-15.994914619999975
public NP-like (NP-likeness > 1),XVDZSHAEMLKCIW,WSNJPVCNURDQDC,0.8387096774193549,+Cl-HO,17.966113027999995
public NP-like (NP-likeness > 1),OQNCJYKKNNGSMH,XXNYZYBYNFRERU,0.7222222222222222,+CH2O,30.010564683999974
public NP-like (NP-likeness > 1),DJOWNPDCKNABLK,RPXILZGWYCOHSG,0.7352941176470589,+C3H6-O2,10.05712095200002
public NP-like (NP-likeness > 1),OXSZHYWOGQJUST,NBVNAFAEYGKTPJ,0.4666666666666667,+O,15.994914620000003
public NP-like (NP-likeness > 1),XWGNIHFUPLLNBR,XYYAFLHHHZVPRN,0.48148148148148145,+CH2O2,46.00547930399998
public NP-like (NP-likeness > 1),XLUAWXQORJEMBD,UBLWFFBGMBRBMC,0.7714285714285715,+CH2-O,-1.979264556000004
public NP-like (NP-likeness > 1),JJDWUNURSIGGCK,AYBHLNMQTQBJBX,1.0,+C8H14,110.10955044800005
public NP-like (NP-likeness > 1),ZWYLEOBXJAYRRH,BTBUAOLEQZGZMP,0.975609756097561,-C8H16,-112.12520051199994
public NP-like (NP-likeness > 1),YJXDGWUNRYLINJ,HCEYJYMNIQHPPK,0.7647058823529411,+C2H2O,42.010564683999974
public NP-like (NP-likeness > 1),SUPPZMKSIYUTNV,GPAKQPYYBQJQGJ,0.8275862068965517,-CH2O,-30.010564683999974
public NP-like (NP-likeness > 1),LYRBZVWRTAFWPO,QGQUHXSBTSDAML,0.7407407407407407,+CH2,14.015650063999999
public NP-like (NP-likeness > 1),UUVZFEKQXCDLFH,QVDBEKZVHIJGPW,0.7160493827160493,+C11H8-O,124.06768563600014
public NP-like (NP-likeness > 1),ZRXNFSPTIPVYQO,IDPKZLRKPIYZSS,0.8157894736842105,-O,-15.994914619999918
public NP-like (NP-likeness > 1),DRKPZVVNEGETTG,PSFZYOUCEGTRJM,0.8809523809523809,+CH2,14.015650063999999
public NP-like (NP-likeness > 1),WLNUMGITYHBIGP,LTHODZSXHQIRPR,1.0,+C2H4,28.031300127999998
public NP-like (NP-likeness > 1),SWAJPHCXKPCPQZ,FURUXTVZLHCCNA,0.8571428571428571,-O,-15.994914620000003
public NP-like (NP-likeness > 1),KFKPXJMUSFQBMP,RLMKXBKISNGGAK,0.9696969696969697,+C2H2,26.015650064000056
public NP-like (NP-likeness > 1),WFAAGXPGVHXCKA,NWAGJEHYRXNHPW,0.6491228070175439,-C5H6O2,-98.036779432
public NP-like (NP-likeness > 1),PHCSXGHZIAKXHR,VNQRSFQBEKLVHZ,0.7246376811594203,+H2,2.015650063999999
public NP-like (NP-likeness > 1),PEJTUVSFNXVAAV,ZRXNFSPTIPVYQO,0.7702702702702703,+CH5-NO3,-44.94869270000015
public NP-like (NP-likeness > 1),GTDIWCITYRGAKM,NGPDZEACIWDCKX,0.47058823529411764,-H2,-2.015650063999999
public NP-like (NP-likeness > 1),ZVRXLGKUWKBQFA,GQEOLYBERRZZCE,0.5609756097560976,-C7H14O,-114.10446506799994
public NP-like (NP-likeness > 1),OXDNVTMQSGECGI,PPMPLIBYTIWXPG,1.0,+C2H4,28.031300128000055
public NP-like (NP-likeness > 1),GENYSLRBRFXSJH,KZVOHANKAKKFOK,0.3829787234042553,+CHN,27.010899031999998
public NP-like (NP-likeness > 1),JRRMRNWFUWPVMZ,MNIQHDPPWTZUMG,1.0,+C4H8,56.062600255999996
public NP-like (NP-likeness > 1),PGYAYSRVSAJXTE,SZCBXWMUOPQSOX,0.6862745098039216,isomer (0),0.0
public NP-like (NP-likeness > 1),PZHLAACPVXQFMN,YEUQVGFODWMSBW,0.7066666666666667,-CH2O,-30.010564683999974
public NP-like (NP-likeness > 1),UOXRPRZMAROFPH,MXAFDFDAIFZFET,1.0,-C2H4,-28.031300127999998
public NP-like (NP-likeness > 1),IDSLCYURGAOTOA,GGJRAQULURVTAJ,1.0,+C4H4,52.03130012799994
public NP-like (NP-likeness > 1),CANKROYVEPINSI,BWJAVNUITZYXPB,0.8333333333333334,-O,-15.994914619999918
public NP-like (NP-likeness > 1),WMBOCUXXNSOQHM,LGRFSURHDFAFJT,0.4642857142857143,+C4H8-O,40.06768563600002
public NP-like (NP-likeness > 1),AJFPOVBARCSOLH,VXPARNCTMSWSHF,0.6666666666666666,-O,-15.994914620000003
public NP-like (NP-likeness > 1),CVPVGRDVSAJUQS,CMTSHPFXBUQFIX,0.6666666666666666,-C2H2O,-42.01056468400003
public NP-like (NP-likeness > 1),XSDVSOQSNGGUFY,PXGPLTODNUVGFL,0.9787234042553191,+C2H4,28.031300127999998
public NP-like (NP-likeness > 1),VKIWHVZSAQORAL,BBJQPKLGPMQWBU,1.0,+C5H10,70.07825031999994
public NP-like (NP-likeness > 1),FEPPPEIKWVLILF,MAALFCWFHOASHB,0.696078431372549,+O-C3H4,-24.036385507999967
public NP-like (NP-likeness > 1),RJFVWGBZBUWHAM,PEFFBGFCZXFQSX,0.7142857142857143,isomer (0),0.0
public NP-like (NP-likeness > 1),MOMLZMUMGPQVNW,PXROFEBBOMOICG,0.9210526315789473,+C5H8,68.062600256
public NP-like (NP-likeness > 1),OZJPLYNZGCXSJM,CICCYHMSMANUGA,1.0,-C15H24O6,-300.15728848799995
public NP-like (NP-likeness > 1),MWWQKONGFKUAEK,PJZOOODNAVNNIE,0.9122807017543859,-C19H30N2O12,-478.1798744000003
public NP-like (NP-likeness > 1),VMYKQFBIKRNRBI,KGMGEWNUTMTPIJ,0.8723404255319149,+O-C5H4,-48.03638550800008
public NP-like (NP-likeness > 1),IHBGHNWUFNXKJX,RJFFPCHJOFXZQD,1.0,-O,-15.994914620000031
public NP-like (NP-likeness > 1),DTGZHCFJNDAHEN,AUVVAXYIELKVAI,0.8909090909090909,-CH2,-14.015650063999999
public NP-like (NP-likeness > 1),LJDAYEAXTWNKEL,CUAPOUHDJKWLOB,0.44680851063829785,isomer (0),0.0
public NP-like (NP-likeness > 1),DQYACEDUQHWXQZ,YQEMAEKYNNOCBY,0.9204545454545454,-CH2O,-30.010564683999974
public NP-like (NP-likeness > 1),FUSADYLVRMROPL,ORXQGKIUCDPEAJ,0.7708333333333334,-CH2,-14.015650063999999
public NP-like (NP-likeness > 1),LHNFRFAOVVPESM,UOEFDXYUEPHESS,0.6388888888888888,+C2HN,39.010899032
public NP-like (NP-likeness > 1),PPHWDUZMWNUINO,KGWATBYKCMCFLC,0.6612903225806451,+S,31.97207099999997
public NP-like (NP-likeness > 1),GJYJIIZMSBDMGT,RBIKMLZICCKZKT,0.8269230769230769,isomer (0),0.0
public NP-like (NP-likeness > 1),BFSYFTQDGRDJNV,AZNNXXAGUKKLKC,0.6341463414634146,+C2H2O2,58.00547930399998
public NP-like (NP-likeness > 1),OQDYIJYNQXLBMK,PNRZJIZSDSCWEH,0.7846153846153846,+CH2O,30.010564683999974
public NP-like (NP-likeness > 1),VEDMFBFXMWYLEO,SRWJHXOWRICQFZ,0.7160493827160493,-H2,-2.015650064000056
public NP-like (NP-likeness > 1),KFKSQOIZZRZEFC,QOIHIEPXTNMSSM,0.3698630136986301,-C6H14O6,-182.0790381679999
public NP-like (NP-likeness > 1),POSJOOWBIBDQRR,PDVBXFORJHQVEI,0.4528301886792453,-H2O2,-34.005479304000005
public NP-like (NP-likeness > 1),YNDFKLFQXINGHN,WHXAHEFPHFIHPO,0.85,+CH2,14.015650063999999
public NP-like (NP-likeness > 1),DQRGQQAJYRBDRP,PRFXRIUZNKLRHM,0.7307692307692307,-H2,-2.015650063999999
public NP-like (NP-likeness > 1),DLCVFIMWFKVRTM,FSNITHOUQGJHTR,0.775,-CH2,-14.015650063999999
public NP-like (NP-likeness > 1),CPCRJSQNWHCGOP,UVBUBMSSQKOIBE,0.9107142857142857,-O,-15.994914620000145
public NP-like (NP-likeness > 1),DIPALNDKWHCLEA,HCRQWBBNINIIPL,0.7142857142857143,-C5H8,-68.062600256
public NP-like (NP-likeness > 1),ATAIRWBABKGUFL,VXNANBMCYPZBSM,0.4189189189189189,-H2,-2.015650063999999
public NP-like (NP-likeness > 1),VEZRSCFWYNSNPR,WWSUFZCWOJULTK,0.8367346938775511,isomer (0),0.0
public NP-like (NP-likeness > 1),CLOUCVRNYSHRCF,JWDDEDFQFOCWRN,0.8035714285714286,+H2-O2,-29.974179176000007
public NP-like (NP-likeness > 1),BNIKDYQNYAMOLS,PNQWGELVHAMZKR,0.9032258064516129,+O5-C6H14,-6.134977347999893
public NP-like (NP-likeness > 1),LPCRSLMVMNEPGT,BZNOZGOVIXEHMX,0.8805970149253731,+CH2,14.015650064000056
public NP-like (NP-likeness > 1),KLAGYIBJNXLDTL,FAARLWTXUUQFSN,0.875,+CH2,14.015650063999942
public NP-like (NP-likeness > 1),QRPLZGZHJABGRS,RZZLMGATMUAJPX,1.0,-CH2,-14.015650063999999
public NP-like (NP-likeness > 1),AFDQSGCRFSQQDQ,QYYXQWVXWIYWSE,0.6853932584269663,+H2O,18.010564683999974
public NP-like (NP-likeness > 1),AULGWFLYFARBJA,QKFAFBKKSKHJCY,0.85,-O,-15.994914620000031
public NP-like (NP-likeness > 1),DVZBMOOXMSOABX,AXSLKOJPXNZXDK,1.0,+C7H12,96.093900384
public NP-like (NP-likeness > 1),JLKWLPLEMBUFOD,CIQDSZUZMUTHGY,0.9038461538461539,+O2,31.98982923999995
public NP-like (NP-likeness > 1),UYCLHXRXVKWWPD,YYPVYHKEQSRCOM,0.8571428571428571,+CH2,14.015650063999999
public NP-like (NP-likeness > 1),UALHYEJYHBBBDV,PGPCDGYBAWZHBZ,0.847457627118644,-C2H2O,-42.010564683999974
public NP-like (NP-likeness > 1),IBYJYYWXLNYMJG,SBNYIBUYPAIQOI,0.5416666666666666,+S,31.972071000000028
public NP-like (NP-likeness > 1),ZNVUQZAVBXKEGF,MHXCIKYXNYCMHY,0.6557377049180327,+C9H6O2,146.03677943199995
public NP-like (NP-likeness > 1),RVCRIPILOFSMFG,CMOLUFWHADIFGS,0.7543859649122807,-O,-15.994914619999918
public NP-like (NP-likeness > 1),CAHYNKXKNFDVGO,WFSMMEZFGMSEMB,0.7941176470588235,+C2,24.0
public NP-like (NP-likeness > 1),HKZCFYIVMLZKKX,MWDNWQAVYQDZQI,0.2857142857142857,+O-C4H8,-40.067685635999965
public NP-like (NP-likeness > 1),RDDYRPUWTUWGER,BXKZSDVPBFDTEK,1.0,-H2,-2.015650064000056
public NP-like (NP-likeness > 1),XUXVJGJVEMFJNF,NUXNXQANIVHKMI,0.8208955223880597,isomer (0),0.0
public NP-like (NP-likeness > 1),IUJLIWQDGYFELW,LXYJZECGEIAZOD,0.8854166666666666,-CH2O,-30.010564683999974
public NP-like (NP-likeness > 1),WJPVKUVGEXPERP,YAWLRXDFXGPUIR,0.7721518987341772,+C2HN,39.010899032
public NP-like (NP-likeness > 1),YAZIZQKDCOMBCP,OQWOHRPOYAVIOK,0.825,?,-28.031300127999998
public NP-like (NP-likeness > 1),HMBIZKIMBKJWBP,PFVDCJQHRIRZMX,0.8983050847457628,-C9H10,-118.07825032
public NP-like (NP-likeness > 1),KPWZUIKRIDBRAR,NCXBAFRWWQVEJY,0.813953488372093,-C2H4,-28.03130012799994
public NP-like (NP-likeness > 1),OICIAYRGTXPUNW,HULPONUAINYLQQ,0.828125,+C2H2O,42.010564683999974
public NP-like (NP-likeness > 1),ZCKDCRKBURQZPT,JMFRWRFFLBVWSI,0.625,-CH2,-14.015650063999999
public NP-like (NP-likeness > 1),HLORMQRMDNZHJH,RMNPQEWLGQURNX,0.8571428571428571,+O-HN,0.9840155879999202
public NP-like (NP-likeness > 1),GHBZVNHEVHMKOB,VZPSCITXDMDLDC,0.8448275862068966,+CH2,14.015650063999999
public NP-like (NP-likeness > 1),UKRXAPMQXXXXTD,DBPLZAFLPDHBAS,0.8333333333333334,+C2H2,26.015650063999942
public NP-like (NP-likeness > 1),IDYHKRQBCCKKSO,NYMLDQLMTURXIA,0.8703703703703703,-CH2,-14.015650063999942
public NP-like (NP-likeness > 1),PFEDOONBTJJKHZ,ZFHSKBJBODQVBX,0.39622641509433965,+H2O,18.010564684000002
public NP-like (NP-likeness > 1),TYPSVDGIQAOBAD,FBMORZZOJSDNRQ,0.4339622641509434,-O2,-31.989829240000006
public NP-like (NP-likeness > 1),ATVXWIBQUWJBAT,MFIJTASICGGFJA,0.8333333333333334,+C2H4,28.03130012800011
public NP-like (NP-likeness > 1),LVFCLUMIBMHAFL,XNHKMZHWRNMFCU,0.6904761904761905,-O,-15.994914619999975
public NP-like (NP-likeness > 1),KRKNYBCHXYNGOX,YUTUUOJFXIMELV,0.6521739130434783,-CH2,-14.015650063999999
public NP-like (NP-likeness > 1),DNISTMYBAOCXPD,KQRPHHDERPYSPX,0.7297297297297297,isomer (0),0.0
public NP-like (NP-likeness > 1),PULWRMOKQNWQBD,QAIPRVGONGVQAS,0.6571428571428571,+C8H6O2,134.03677943199995
public NP-like (NP-likeness > 1),OBATZBGFDSVCJD,JAYAGJDXJIDEKI,0.8863636363636364,-C2H2O,-42.01056468400009
public NP-like (NP-likeness > 1),QLJOSZATCBCBDR,ZWKFENYDXISLGK,0.2711864406779661,+CH2,14.015650063999942
public NP-like (NP-likeness > 1),PLGNVFSTPJUFKJ,VMCFTVWDHVWSOB,0.8253968253968254,-CH2,-14.015650064000056
public NP-like (NP-likeness > 1),OSHUXHAVLGMFIO,AYBHLNMQTQBJBX,1.0,+C8H14,110.10955044800005
public NP-like (NP-likeness > 1),LGJJYEZJYXOSAQ,WTYWMHXEEXFHAD,0.8095238095238095,+C4H8,56.062600255999996
public NP-like (NP-likeness > 1),QSBIUKCZJBBYIL,MQBKACDMFLVGJA,0.6428571428571429,+C10H16O6,232.0946882320003
public NP-like (NP-likeness > 1),NZIDLHYOWGCCCH,MEHHCBRCXIDGKZ,0.7755102040816326,+C5H8,68.06260025599994
public NP-like (NP-likeness > 1),OWKKDQUOKXQRTF,CBEFWCLRPKIYCH,1.0,+C2H4,28.031300127999998
public NP-like (NP-likeness > 1),KFOTVHQUFWAKNY,LFFQVHXIFJLJSP,0.782608695652174,+CH2,14.015650063999828
public NP-like (NP-likeness > 1),KIZBWUUJNJEYCM,WMMOMSNMMDMSRB,0.7857142857142857,+O,15.994914620000031
public NP-like (NP-likeness > 1),YPMUZVRAVKLKGC,JALRWYVGDVPEFZ,0.9080459770114943,-C2,-24.0
public NP-like (NP-likeness > 1),ZZZRUAITSXLWBH,OVIWLBQFYMOVOF,0.6447368421052632,-C6H13N,-99.10479941599993
public NP-like (NP-likeness > 1),WQCJOKYOIJVEFN,JOVYBWHPTQRVNZ,0.8222222222222222,-CH2,-14.015650063999999
public NP-like (NP-likeness > 1),FBJQEBRMDXPWNX,DLRVVLDZNNYCBX,1.0,+C6H10O5,162.05282341999987
public NP-like (NP-likeness > 1),SXOVHHHRXOYVGV,CKASNEFFHUIZEG,0.46296296296296297,+C5H4O,80.02621474799994
public NP-like (NP-likeness > 1),RJULKXOWLDKOQV,CZIBJLCOBSDECU,1.0,+C2H2,26.015650063999942
public NP-like (NP-likeness > 1),LISORJXNPJCXRG,PUWBJSCWMUZYEA,0.8135593220338984,+C2H4O2,60.02112936799995
public NP-like (NP-likeness > 1),INMMQDYNIXQKAI,TZJQZEIJEWUTCW,0.75,+H2-O,-13.979264555999976
public NP-like (NP-likeness > 1),POYIZOSTYKKRNT,PDBJJFJKNSKTSW,0.84,+O-HN,0.984015587999977
public NP-like (NP-likeness > 1),FPHCVTCCOAXJFD,CQZVAOMHRXGKDD,1.0,-C2H4,-28.031300127999998
public NP-like (NP-likeness > 1),FPYJFEHAWHCUMM,AZQWKYJCGOJGHM,0.35714285714285715,+O-C2H2,-10.020735443999996
public NP-like (NP-likeness > 1),QDBZGOIMALIBKV,BBLGCDSLCDDALX,0.8813559322033898,+C3H4,40.031300128000055
public NP-like (NP-likeness > 1),HJOVHMDZYOCNQW,JGJWPKCFHNLLHY,0.375,-C12H9N,-167.07349928800002
public NP-like (NP-likeness > 1),YKBRODKARMTLPL,JOIWQICOBJLMOP,0.890625,isomer (0),0.0
public NP-like (NP-likeness > 1),GMJDEOWOJAKXGU,OZJNTRHEJUGEMQ,0.7625,+C4H8O3,104.04734411600009
public NP-like (NP-likeness > 1),JNSBCCXCRAPAIK,NJICGAVMYWKCMW,0.4647887323943662,+O2,31.98982923999995
public NP-like (NP-likeness > 1),OMFMRYFFZXXOPU,CQUSHZSCDGSFBF,0.865979381443299,+O-H2,13.97926455600009
public NP-like (NP-likeness > 1),GHZYCHXISZLQFT,NKDFYOWSKOHCCO,0.6986301369863014,+C7H4O,104.02621474799997
public NP-like (NP-likeness > 1),BGXODHLJNXZNNX,PCBOSULUBLQWFE,0.8723404255319149,+C2H2,26.015650064
public NP-like (NP-likeness > 1),CARHNHLNEMHHBV,JQKUKOAWUJMWNB,0.881578947368421,-O,-15.994914620000031
public NP-like (NP-likeness > 1),CXOWUUUBWJFSRU,RFXAHIIJEKSSSM,0.4166666666666667,+C2H3N,41.026549096
public NP-like (NP-likeness > 1),FKJKPVPLMKVFNV,VUSSAOWUDZVBCT,0.7777777777777778,+C3H8-O2,12.072771015999933
public NP-like (NP-likeness > 1),UOWGLBYIKHMCIS,NUYFKDBCHFKOBT,0.7777777777777778,-C2H2O,-42.010564683999974
public NP-like (NP-likeness > 1),SGGVMWHZMJQSER,RYPJZFBYDMVTPD,0.8142857142857143,+H2-O2,-29.974179175999893
public NP-like (NP-likeness > 1),RQQOEIJLJPCYJR,UTSVPXMQSFGQTM,0.7735849056603774,-CH2,-14.015650063999942
public NP-like (NP-likeness > 1),COBSHSDADSYWJI,APZBLWQCTHVAMR,0.7843137254901961,-C2H2O,-42.01056468400009
public NP-like (NP-likeness > 1),DWTTZBARDOXEAM,NFEVFCAOVZCHBN,0.8780487804878049,+C2H4O,44.026214747999916
public NP-like (NP-likeness > 1),JGPIHQFACCYGRW,VXGMVWGRXUEYKE,0.765625,-C,-12.0
public NP-like (NP-likeness > 1),VYGRYVGDPYFVCA,KEGDHFMPWJTRFP,0.6,+CH2-S,-17.956420935999972
public NP-like (NP-likeness > 1),MPYSZNHNOUOLSB,BVEVSYQMQABMQM,0.5882352941176471,isomer (0),0.0
public NP-like (NP-likeness > 1),LVCOULPPYIUFAD,AJQHGNTXDMMXFV,1.0,+C3H4,40.031300128
public NP-like (NP-likeness > 1),UKJMISFXPQGTPF,KISJFUMXCJBLJV,0.7191011235955056,+H2,2.015650064000056
public NP-like (NP-likeness > 1),NXVJTGLCCSFGAT,VJJPUSNTGOMMGY,0.6410256410256411,-C,-12.0
public NP-like (NP-likeness > 1),XAFFULPVQSAGOV,VPOHEDQKGWFUNE,1.0,+C3H4,40.031300128
public NP-like (NP-likeness > 1),PPKAMEPSZYNWAZ,XOFWBALXPOHHAW,0.9016393442622951,+CH2,14.015650063999999
public NP-like (NP-likeness > 1),IIMPGJMHQMBXKL,RZBFPDQKWUWUCK,0.7142857142857143,+H2,2.015650064000056
public NP-like (NP-likeness > 1),ALERZNQPBWWLMW,IGQSSJMCEJLHAO,0.9142857142857143,-C4H8O3,-104.0473441160002
public NP-like (NP-likeness > 1),HRFSSDXPHTZMLA,AIONOLUJZLIMTK,0.8666666666666667,+CH2,14.015650063999999
public NP-like (NP-likeness > 1),KRZBCHWVBQOTNZ,CWVRJTMFETXNAD,0.8913043478260869,+C9H6O3,162.03169405199998
public NP-like (NP-likeness > 1),UCSJYZPVAKXKNQ,ASXBYYWOLISCLQ,0.5342465753424658,-H2,-2.015650064000056
public NP-like (NP-likeness > 1),QJRVMRSNTLYPQD,FZAVQTYIBVEBHF,0.6635514018691588,+C9H4O2,144.0211293679995
public NP-like (NP-likeness > 1),BFCZPWYLRHFBNO,MQEPWBMWFIVRPS,0.5319148936170213,+C2H4,28.031300127999998
public NP-like (NP-likeness > 1),UBXDWYFLYYJQFR,KWCCUYSXAYTNKA,0.6428571428571429,isomer (0),0.0
public NP-like (NP-likeness > 1),VWUXBMIQPBEWFH,VOXZDWNPVJITMN,0.43661971830985913,+C14H23OSF5,334.13897745599996
public NP-like (NP-likeness > 1),AJQHGNTXDMMXFV,CRPBODKATIQZAB,1.0,-C3,-36.0
public NP-like (NP-likeness > 1),DQELZTNDZRPVSR,NNDIXBJHNLFJJP,0.7857142857142857,-C,-12.0
public NP-like (NP-likeness > 1),WZHCMAFZIFECCV,RWPUAUNPEMCSNR,0.631578947368421,+C25H23N3O3,413.173941596
public NP-like (NP-likeness > 1),RPYHJEFMMXMMHG,LVTJOONKWUXEFR,1.0,+O,15.994914620000145
public NP-like (NP-likeness > 1),HNLDBJMVKYEERT,DPOINJQWXDTOSF,0.7959183673469388,+O,15.994914620000031
public NP-like (NP-likeness > 1),GVINBTLECODQSG,BYLXXZYUDXCZFN,1.0,-C4H4,-52.031300128
public NP-like (NP-likeness > 1),NVLTWXMZECWWPC,OPHQOIGEOHXOGX,0.7407407407407407,-CH2,-14.015650063999999
public NP-like (NP-likeness > 1),QCZUWKYBDIHUEP,RNWRZMCJFWSZOX,0.620253164556962,+O,15.994914619999975
public NP-like (NP-likeness > 1),LDEAULZGVXUSJZ,BNQUZMFMILATTF,1.0,+C2H2,26.015650064000056
public NP-like (NP-likeness > 1),LELLSYYSZQISHN,REIZDYUGEPBIJP,0.6568627450980392,-H4,-4.031300127999884
public NP-like (NP-likeness > 1),ROZAFJXVUNORLT,BHMBVRSPMRCCGG,0.8,+CH2-O,-1.9792645559999187
public NP-like (NP-likeness > 1),JFCFGYGEYRIEBE,WKPWGQKGSOKKOO,0.8282828282828283,+C4H8S,88.03467125599991
public NP-like (NP-likeness > 1),BHTRKEVKTKCXOH,CJLZGUJUXDRHJQ,0.7121212121212122,-CH2,-14.015650063999942
public NP-like (NP-likeness > 1),OOGAQHVYHLPICD,GPMDJOOLATZDQL,1.0,-C2H4,-28.031300127999998
public NP-like (NP-likeness > 1),PVPDIJGSCANSAG,LDAXQCVBWKSHLB,0.7962962962962963,-O2,-31.989829240000006
public NP-like (NP-likeness > 1),XUNJGSUVBZMUDR,FQWLMRXWKZGLFI,0.7222222222222222,+C14H10O3,226.06299418000003
public NP-like (NP-likeness > 1),RIDVTZFZNVTJNB,LWGVMGMSKOZWLV,0.7777777777777778,+O-C3H6,-26.052035571999994
public NP-like (NP-likeness > 1),DRRRARWGCRPATB,CFRJFTPTDARZKT,0.5849056603773585,isomer (0),0.0
public NP-like (NP-likeness > 1),UUGITDASWNOAGG,BBDAGFIXKZCXAH,0.7272727272727273,+O-HN,0.9840155880000054
public NP-like (NP-likeness > 1),SGSNFWBUTGZVOW,DMLHPCALHMPJHS,0.6410256410256411,+C2H2O,42.010564684
public NP-like (NP-likeness > 1),NVDZRSWQWPPKAI,SDBITTRHSROXCY,0.7037037037037037,+O,15.994914619999975
public NP-like (NP-likeness > 1),QWSYKJZSJYRUSS,GRVRRAOIXXYICO,0.7796610169491526,+O,15.994914619999975
public NP-like (NP-likeness > 1),NGQXJSTYWWTPOG,UEJGTZNBGJMUFW,0.4791666666666667,+H2O,18.010564684000002
public NP-like (NP-likeness > 1),BKUPZHCMTLXWET,UTTBUMIEHWNKLK,0.8783783783783784,+O,15.994914620000145
public NP-like (NP-likeness > 1),MLPRJPSMAFZPLA,NAACPBBQTFFYQB,1.0,+C2H2,26.015650064000056
public NP-like (NP-likeness > 1),IGRDBEMCJRHUEY,LGXPOZBUEUBJEU,0.918918918918919,+C2H2,26.01565006399983
public NP-like (NP-likeness > 1),PPVKYWCOGMIQAF,NANWRELIDMJBBY,0.7971014492753623,-CH2,-14.015650063999999
public NP-like (NP-likeness > 1),PJAUYMUVXITNMD,YUCRNFKCIQHUGC,0.9402985074626866,+C2H4,28.031300127999657
public NP-like (NP-likeness > 1),XFDQJKDGGOEYPI,VEVZSMAEJFVWIL,0.7073170731707317,+CH2,14.015650064000056
public NP-like (NP-likeness > 1),LDBVYQSHIPCQPT,RIHQHYIWKHVLRH,0.7704918032786885,-CH2O,-30.01056468400003
public NP-like (NP-likeness > 1),BGGYAYMMFYBWEX,OTZRAYGBFWZKMX,0.75,+C2H2O,42.010564683999974
public NP-like (NP-likeness > 1),GXPHKUHSUJUWKP,BJWJSFCBOIUATF,0.6376811594202898,isomer (0),0.0
public NP-like (NP-likeness > 1),QEANLIISUSNNDX,DYSOIAQEKRDXRB,0.5,-C2H4O,-44.02621474800003
public NP-like (NP-likeness > 1),BOTWFXYSPFMFNR,MBWXNTAXLNYFJB,0.4782608695652174,-C11H6O,-154.04186481199997
public NP-like (NP-likeness > 1),GTQFLIHNFVGJPN,LGCVHGQURUDXEB,0.9692307692307692,-H2,-2.015650064000056
public NP-like (NP-likeness > 1),ZHQGREQIJCCKHT,QQUHMASGPODSIW,0.873015873015873,+C7H4O,104.02621474800003
public NP-like (NP-likeness > 1),JEZPHDPYUQKBJL,GASDAELZDHCDQE,1.0,+C8H16,112.12520051199988
public NP-like (NP-likeness > 1),GTASPYCELGDMNM,TWDKEWYUAIMHMA,0.3541666666666667,+CH2,14.015650063999999
public NP-like (NP-likeness > 1),MYFGUDMPIBZEGG,KEYWNLWTPIAJKO,1.0,-C2H4,-28.031300127999998
public NP-like (NP-likeness > 1),GKTBYSDRDZQYGA,ACTNZSWYRLVQQF,0.9027777777777778,+H2,2.015650064000056
public NP-like (NP-likeness > 1),VPMAKNFZLTXMJN,ADLLDQQQFSDNDP,0.8723404255319149,-CH4,-16.03130012799994
public NP-like (NP-likeness > 1),FYMVLOXRVLSINK,PMYMMQNSAGKMHX,0.7454545454545455,-H2O,-18.01056468399986
public NP-like (NP-likeness > 1),WXMARHKAXWRNDM,HDXIQHTUNGFJIC,0.8888888888888888,-C6H10O4,-146.05790879999995
public NP-like (NP-likeness > 1),SELXBNJIEIRRMW,WOKHREABHMWBBE,0.3625,+O2Cl-C2H5,37.919556759999864
public NP-like (NP-likeness > 1),WVDLPXKUDQYIEY,RZYQLUPPJFXCIZ,0.7551020408163265,+H-Cl,-33.96102764799997
public NP-like (NP-likeness > 1),ZPONYTJVDJQCGE,VOEVEGPMRIYYKC,1.0,-C6H8,-80.06260025599988
public NP-like (NP-likeness > 1),IULVDUKMOFVJSI,ZECARAIVKQNUDH,1.0,-C2H2,-26.015650063999942
public NP-like (NP-likeness > 1),OKPSCKUJXYCMPR,BSVKOVOOJNJHBR,0.9428571428571428,-C12H20O10,-324.1056468400003
public NP-like (NP-likeness > 1),RKOYHULKZRXPHN,CRYJONMQBOHMKJ,1.0,-C3H6,-42.04695019199994
public NP-like (NP-likeness > 1),MAWCJLLSYLMLHT,ULPUBSPPYRXUOZ,0.8636363636363636,+CH2,14.015650063999942
public NP-like (NP-likeness > 1),FCRHNFKAESWHCM,GKDNAMAZIOEMKB,1.0,-C2H4,-28.031300127999998
public NP-like (NP-likeness > 1),HAYLVXFWJCKKDW,IPQKDIRUZHOIOM,0.8928571428571429,+C6H10O5,162.05282341999998
public NP-like (NP-likeness > 1),PCMUPOUDXMFDRE,ZQOKLOPATOTAEE,0.7123287671232876,+CH2,14.015650063999999
public NP-like (NP-likeness > 1),SYFJYRUTNACAQV,YIIRVUDGRKEWBV,0.3974358974358974,+C8H11N-O3,73.10440549200013
public NP-like (NP-likeness > 1),QCIILLDRJZPUDI,IEPKWJCBNGNVDF,0.8923076923076924,-CH2,-14.015650063999942
public NP-like (NP-likeness > 1),YEKBEKHJTFUTFO,OMWFESIOSNTYSJ,0.8888888888888888,+O,15.994914619999975
public NP-like (NP-likeness > 1),IXUNZKARBRITGN,QERHBVOJJKVACB,0.8172043010752689,-C6H12O4,-148.07355886400023
public NP-like (NP-likeness > 1),UBBRXVRQZJSDAK,DQNGMIQSXNGHOA,0.4666666666666667,+C12H12,156.093900384
public NP-like (NP-likeness > 1),JKCIUIFXYRQALX,MRLXXQBBRNRWDA,0.5272727272727272,+O2,31.989829240000006
public NP-like (NP-likeness > 1),RJWJHRPNHPHBRN,GLACGTLACKLUJX,0.6724137931034483,-C7H4O2,-120.02112936799995
public NP-like (NP-likeness > 1),KIKDCPYSYOMXEJ,FPPWIEZFMZZUPL,0.8043478260869565,+CH2,14.015650063999999
public NP-like (NP-likeness > 1),XQPQKPDEDMGAPV,VVYCRPVWBIEKIW,0.5227272727272727,+H2,2.015650063999999
public NP-like (NP-likeness > 1),OBBKIKZFVSBXJQ,MIJTXBNFQDJTPL,0.7916666666666666,-C2H4O,-44.02621474800003
public NP-like (NP-likeness > 1),JJOLHRYZQSDLSA,LQIPGPPZCXJWKY,0.7872340425531915,-CH2,-14.015650063999999
public NP-like (NP-likeness > 1),XTWYTFMLZFPYCI,ZKHQWZAMYRWXGA,0.9807692307692307,-HO3P,-79.96633052199991
public NP-like (NP-likeness > 1),DDPWULUXEIJJJT,DDOBHJBXVWLWOD,0.9824561403508771,+CH2,14.015650064000056
public NP-like (NP-likeness > 1),USWREHCYFADCCQ,AEWQTVJXZCQGIY,1.0,+C4H8,56.062600255999996
public NP-like (NP-likeness > 1),LPYVRTMCNJPGMF,GCOSLHRJBVGUAR,0.9583333333333334,+C2H4,28.031300127999998
public NP-like (NP-likeness > 1),TWCDZKHIMGWLQI,FMLMRONCWGONGX,0.7954545454545454,+O,15.994914619999975
public NP-like (NP-likeness > 1),IMBXEJJVJRTNOW,PLBHSZGDDKCEHR,0.8059701492537313,+C2H2O2,58.00547930399995
public NP-like (NP-likeness > 1),LHMAOTGLCCYXLP,DLQATWWCHPSFGH,0.6666666666666666,+CH2,14.015650063999999
public NP-like (NP-likeness > 1),RXAXTTGJEMODPY,RIRIPDPAMZKRKD,0.9253731343283582,-C6H10O5,-162.0528234200001
public NP-like (NP-likeness > 1),IWAMRLLDACBOHC,CXVVBSBNUPVLGJ,1.0,+C3H6,42.046950192000054
public NP-like (NP-likeness > 1),VFJXUDDNYBFDSQ,LKFWZOSEJIOGAU,0.828125,-H2,-2.015650064000056
public NP-like (NP-likeness > 1),HUBUCUOTSSVULF,OGHKMYABKJLKTL,0.8117647058823529,+CH2O2,46.00547930399989
public NP-like (NP-likeness > 1),GFPSWBAAJFSDOH,NEFYSBQJYCICOG,0.7866666666666666,+C2H2O,42.010564683999974
public NP-like (NP-likeness > 1),DOUQNGAJTIRQPP,UBTOXVLVFCOIGT,0.8125,-C2H2O,-42.010564683999974
public NP-like (NP-likeness > 1),JENQKQULWYRSBC,MLESJYFEMSJZLZ,0.8421052631578947,-C4H6O,-70.04186481199997
public NP-like (NP-likeness > 1),XDKYBPGIBVMHHB,XBFSDEKOTLYPJU,0.8235294117647058,-C5H8,-68.062600256
public NP-like (NP-likeness > 1),GYEMMOVQTXDCHG,NFYYATWFXNPTRM,0.5072463768115942,+H2,2.015650063999999
public NP-like (NP-likeness > 1),WEKCEGQSIIQPAQ,FFDULTAFAQRACT,0.9361702127659575,-C6H10O5,-162.0528234200002
public NP-like (NP-likeness > 1),RRAFCDWBNXTKKO,ZYEMGPIYFIJGTP,0.7096774193548387,-CH2,-14.015650063999999
public NP-like (NP-likeness > 1),JTDBVAYGXJVBEC,LLSJTZKYHAGGNT,0.6829268292682927,+C2H2O,42.010564684
public NP-like (NP-likeness > 1),CMVGCHSJDXKPBB,DPVOVCRNFWGEFP,1.0,+CH2,14.015650063999999
public NP-like (NP-likeness > 1),ZKWQQXZUCOBISE,CXEGAUYXQAKHKJ,0.897196261682243,+CO,27.994914620000145
public NP-like (NP-likeness > 1),KKOLMSSIDZXPLS,BPWYDRTYBYRFDY,0.8902439024390244,-C6H10O5,-162.0528234200002
public NP-like (NP-likeness > 1),AKRQWYTYCZTTAV,AZFBLLCNOQPJGJ,0.8543689320388349,isomer (0),-2.2737367544323206e-13
public NP-like (NP-likeness > 1),KUYNOZVWCFXSNE,BDNWJTRKUBXAGH,0.6875,-CO,-27.99491462000003
public NP-like (NP-likeness > 1),AACJEKDWEMQBCY,DSUKBLPUEMZQIX,1.0,+C2H4,28.03130012800011
public NP-like (NP-likeness > 1),UMVWYQXKBPJMOF,CXQWRCVTCMQVQX,0.6136363636363636,-H2,-2.015650063999999
public NP-like (NP-likeness > 1),RKCMTKXTIVZCTQ,BAZNCZDJJNWDIP,0.8981481481481481,-CH2,-14.015650063999942
public NP-like (NP-likeness > 1),NQFUSWIGRKFAHK,MOILFCKRQFQVFS,0.4,-H2O,-18.010564684000002
public NP-like (NP-likeness > 1),PHHHAJWYTORSPI,QGJVWWYHCKFTME,1.0,-C2H4,-28.031300127999884
public NP-like (NP-likeness > 1),RNCGDQLZIATDOU,KRQRRZFXHYYNSO,0.8536585365853658,+CH2,14.015650064000056
public NP-like (NP-likeness > 1),HFVMLYAGWXSTQI,RAJWOBJTTGJROA,0.6086956521739131,-O,-15.994914619999975
public NP-like (NP-likeness > 1),GBSCMXQJQWGPNK,OCBUCWCECAWLJA,0.8235294117647058,+CH2-O,-1.9792645560000324
public NP-like (NP-likeness > 1),DYXKRHPEHKNOMX,AWTYZEFUAMGAJL,0.9102564102564102,-H2,-2.015650063999942
public NP-like (NP-likeness > 1),KOATXBNOVXBDJE,JBDGZKVMZJQSNZ,0.36,+CO2-H4,39.95852911199995
public NP-like (NP-likeness > 1),OPMNROCQHKJDAQ,YIZSKLHCDNIMHK,0.45,-C2H2O,-42.010564684
public NP-like (NP-likeness > 1),IHJZMOGSKONRAO,XUMPSBPCFSDVSE,1.0,+CH2,14.01565006400017
public NP-like (NP-likeness > 1),LQQPBZXRTDBTDG,OHEFFKYYKJVVOX,0.358974358974359,+C7H8O,108.057514876
public NP-like (NP-likeness > 1),DYJUFZBKFKDQDT,VBYKDXNTIBDRNW,0.45098039215686275,-C4H10,-58.078250319999995
public NP-like (NP-likeness > 1),ROQSFVIIHOMWHH,JFEGOSMNEXLZRW,1.0,isomer (0),0.0
public NP-like (NP-likeness > 1),QPXXPLNAYDQELM,LOLJEILMPWPILA,0.7142857142857143,+H2,2.015650063999999
public NP-like (NP-likeness > 1),ZQTAMPRZFOOEEP,WRGQSWVCFNIUNZ,0.9285714285714286,-H2,-2.015650063999999
public NP-like (NP-likeness > 1),KIGCGZUAVODHMD,HAVWRBANWNTOJX,0.7058823529411765,-O,-15.994914620000003
public NP-like (NP-likeness > 1),JGEUGLGUZJPPMW,BISRQGZVKGLCMW,0.717391304347826,-CH2N2,-42.02179806399994
public NP-like (NP-likeness > 1),KLUTZDJBVDPOFE,ALKTVPFKDYZFGA,0.9230769230769231,isomer (0),-5.684341886080802e-14
public NP-like (NP-likeness > 1),AVSXSVCZWQODGV,HVYWMOMLDIMFJA,0.7543859649122807,-H2,-2.015650063999999
public NP-like (NP-likeness > 1),FFCIPADJQJYGOF,HZZUCTPESWQFAJ,1.0,-H4,-4.031300127999998
public NP-like (NP-likeness > 1),ISMTYWQWKQRTNM,UWNADLMLMRTPFL,0.8,+CH2O,30.010564683999974
public NP-like (NP-likeness > 1),IUCHKMAZAWJNBJ,WJQOMUVKRDJBGZ,0.8421052631578947,-C6H10O5,-162.0528234200001
public NP-like (NP-likeness > 1),XBSQTYHEGZTYJE,ZRMJBQAVFXBGBY,0.8103448275862069,-C2H3NO,-57.02146371599997
public NP-like (NP-likeness > 1),AFHCRQREQZIDSI,CDTIMEVVBBGLIF,0.8301886792452831,-O,-15.994914619999975
public NP-like (NP-likeness > 1),FOBFRBSEEIJDPN,WZUVPPKBWHMQCE,0.38596491228070173,+H2,2.015650063999999
public NP-like (NP-likeness > 1),QYAFHHVSVPBLGQ,BMBUWKNHXZNMFT,1.0,-C,-12.0
public NP-like (NP-likeness > 1),QWDVADZDZQUQKT,BFADAESIWVHAFH,1.0,-C3H6,-42.04695019200017
public NP-like (NP-likeness > 1),ZDWLALGTXWZOEY,JQCUSGKZTBCFPV,0.631578947368421,-C2H2O,-42.01056468400009
public NP-like (NP-likeness > 1),OIWOHHBRDFKZNC,VOWAEIGWURALJQ,0.4117647058823529,-C10H10O2,-162.06807956
public NP-like (NP-likeness > 1),QOCBLJWPUILPNE,DVICWXUADSCSLL,0.7142857142857143,+H2O,18.010564683999974
public NP-like (NP-likeness > 1),DSDNAKHZNJAGHN,HOFKXXHAUVGETP,0.37142857142857144,+C3O-H12,39.90101423600004
public NP-like (NP-likeness > 1),DFYQOVFLWLMANN,KECDSXXVJVYTON,0.8888888888888888,-C4H6O4,-118.02660867199984
public NP-like (NP-likeness > 1),ZMZMXCXGNAAIDX,MWGRRKDIJLJLMO,0.625,+C6H3NO,105.02146371600003
public NP-like (NP-likeness > 1),OOEOVXMORBPOKC,VKFZVQCKAPPEFZ,0.5535714285714286,isomer (0),0.0
public NP-like (NP-likeness > 1),INAPMGSXUVUWAF,MCKAJXMRULSUKI,0.8888888888888888,-HO3P,-79.96633052199991
public NP-like (NP-likeness > 1),QHOKDYBJJBDJGY,RGZIXZYRGZWDMI,1.0,isomer (0),0.0
public NP-like (NP-likeness > 1),PANKHBYNKQNAHN,NESPPCWGYRQEJQ,0.5121951219512195,+O2-C20H28,-236.2292716560001
public NP-like (NP-likeness > 1),GWVGVAPNTKLROZ,ZTDRTMVBTLHQII,0.7894736842105263,+O,15.994914619999975
public NP-like (NP-likeness > 1),QCYWFLSSYDZMGC,GCOSLHRJBVGUAR,0.8958333333333334,-C2H4,-28.03130012799994
public NP-like (NP-likeness > 1),FBSKJMQYURKNSU,SDRRSTAVRUERNC,0.9285714285714286,-C6H10O5,-162.0528234200002
public NP-like (NP-likeness > 1),CCXXIROIENJKKR,NLGUKXQDDTZCDG,0.7222222222222222,-C2H4,-28.03130012799994
public NP-like (NP-likeness > 1),KVKJZZMEYYZNDI,CBTFERBMQQAROP,0.6666666666666666,+C2HN-O,23.015984412000023
public NP-like (NP-likeness > 1),LFYJYTPXXOPJHC,QHMLUNJRKDDPSR,0.851063829787234,+HN,15.010899031999884
public NP-like (NP-likeness > 1),OEIFJXNZZYYHED,QBJXYRWUKSOXQY,0.5172413793103449,+O-H2,13.979264556000004
public NP-like (NP-likeness > 1),OZJCGTVVJDALBR,KNZZAAGBIUZSNV,0.4444444444444444,+C9H8O2,148.0524294959999
public NP-like (NP-likeness > 1),XQMZRINLFAOTEN,QPBNFQKLPIXNFL,0.6271186440677966,+C3H4O2S,103.99320036799998
public NP-like (NP-likeness > 1),FBRVDSHLPLXKQA,IOOKJGQHLHXYEF,0.7142857142857143,+C5H8,68.06260025599994
public NP-like (NP-likeness > 1),RLTNQOUWXZXZCS,LLPRITPJQPQXIR,0.8961038961038961,+O,15.994914620000031
public NP-like (NP-likeness > 1),BXUGQFINZUXAKN,JLSVDPQAIKFBTO,0.7758620689655172,-CH2,-14.015650063999999
public NP-like (NP-likeness > 1),GGWWAFAYNMIPPN,NARQRJFIZNOSJV,0.9436619718309859,+C6H8O6,176.03208797600007
public NP-like (NP-likeness > 1),DORXSGNLYSHRET,DRMBEWVFWBEMRS,0.7164179104477612,+C4H8N2,84.06874825599999
public NP-like (NP-likeness > 1),NYVGKWVPLDGOBS,DZEPISXWRUMGFN,0.7741935483870968,isomer (0),0.0
public NP-like (NP-likeness > 1),IDELKDHPYWOGHF,PECPYUZNUJVSEI,0.9444444444444444,-H4,-4.031300127999998
public NP-like (NP-likeness > 1),DEMQJEXKIJFBRD,YAFVVJNTIALWDB,0.7142857142857143,+H2,2.015650063999999
public NP-like (NP-likeness > 1),QJHRNPQXCMXOOH,DBHKHNGBVGWQJE,1.0,+C2H4,28.031300127999998
public NP-like (NP-likeness > 1),DTOSIQBPPRVQHS,HQPCSDADVLFHHO,1.0,-C2H2,-26.015650064
public NP-like (NP-likeness > 1),ZCOLJUOHXJRHDI,XJAZCXFILUKYFS,0.8771929824561403,-C6H10O5,-162.05282341999992
public NP-like (NP-likeness > 1),KDZUJZSBNBCYEK,FBFVXSBCWUNIQI,0.8735632183908046,+CH2O,30.01056468399986
public NP-like (NP-likeness > 1),UNHSTWUAQGWRPY,OKIHRVKXRCAJFQ,0.8202247191011236,+C9H12O7,232.05830272400055
public NP-like (NP-likeness > 1),DBODJJZRZFZBBD,XRARAKHBJHWUHW,0.8571428571428571,+CH2,14.015650063999999
public NP-like (NP-likeness > 1),GEFQWZLICWMTKF,LENNRXOJHWNHSD,0.6451612903225806,-CH2,-14.015650063999999
public NP-like (NP-likeness > 1),MDUQIEXQKMPARD,NBOVGEUANNHLCZ,0.7538461538461538,-HN,-15.010899032000054
public NP-like (NP-likeness > 1),JRNZEGAFLBTZDT,DZUXGQBLFALXCR,0.7916666666666666,+O,15.994914620000031
public NP-like (NP-likeness > 1),AQXXGIBOZQZSAT,DJZCTUVALDDONK,0.897196261682243,-CH2,-14.015650064000056
public NP-like (NP-likeness > 1),ROPRRXYVXLDXQO,QULMFYLWLOKODU,0.9591836734693877,+C2H2,26.015650064
public NP-like (NP-likeness > 1),SVUCHDWERCNRRQ,HRFOGYPOKSDIAQ,0.8103448275862069,+N-CHO,-14.999665651999976
public NP-like (NP-likeness > 1),MBPVESDJPICYKG,DCGHXGQTWWDGTQ,1.0,-CH4,-16.031300128000566
public NP-like (NP-likeness > 1),MEHHCBRCXIDGKZ,NZIDLHYOWGCCCH,0.7755102040816326,-C5H8,-68.06260025599994
public NP-like (NP-likeness > 1),LGIYTHZRYQJCFL,NECFIDNKSQAEQJ,0.8307692307692308,-C2H3NO,-57.02146371600003
public NP-like (NP-likeness > 1),RUNVSEADKFBSKC,MWDOECWTJSBVGC,0.8356164383561644,-O,-15.994914620000031
public NP-like (NP-likeness > 1),DCNLLBVWQNTIMR,ZAYHYNGKERKFHJ,0.851063829787234,+H2,2.015650064000056
public NP-like (NP-likeness > 1),HVBACKJYWZTKCA,SSBZLMMXFQMHDP,0.6730769230769231,+C2H2O,42.010564683999974
public NP-like (NP-likeness > 1),ZBYCJCQAJQXWSF,RSGGBTKQVAPKCH,0.8,isomer (0),0.0
public NP-like (NP-likeness > 1),SITLREUMPRXNMS,DOFHBPYYAMNAKG,0.84,+CH3-NO2,-30.96942814399995
public NP-like (NP-likeness > 1),LWYAMIUSVGPFKS,YAVQULWQXQRTKS,0.6666666666666666,+CH2,14.015650064000056
public NP-like (NP-likeness > 1),BHXRCUVVPSNNTR,BCYVGELNSHVBDS,1.0,-C3H4,-40.031300128
public NP-like (NP-likeness > 1),QKEJRKXVLGOJMB,LIIOJBIJVPGVGO,0.8705882352941177,+C2H2O,42.0105646840002
public NP-like (NP-likeness > 1),MKPZLFSGCUYQEY,SAORJUUJHIHDBZ,0.5897435897435898,-C4H6,-54.046950192
public NP-like (NP-likeness > 1),JFVYXJKGJMUGRG,AGOYDEPGAOXOCK,0.7674418604651163,-CH4O,-32.02621474800003
public NP-like (NP-likeness > 1),BYOXXAISBYDIEU,KXWWWRVUYQUXMN,0.5671641791044776,+C2O2,55.98982923999995
public NP-like (NP-likeness > 1),TXZUPPVCNIMVHW,ZJOJKSKTNZMQCX,0.8666666666666667,+C6H10O4,146.05790880000006
public NP-like (NP-likeness > 1),DTFARBHXORYQBF,JUVIOZPCNVVQFO,0.7096774193548387,+H2,2.015650064000056
public NP-like (NP-likeness > 1),MDFCJNFOINXVSU,FIDOCHXHMJHKRW,0.8227848101265823,-C2H2O,-42.010564683999974
public NP-like (NP-likeness > 1),XUOQKQRMICQUQC,VCJRIJKZDDFALD,0.660377358490566,-C2H4O,-44.02621474799997
public NP-like (NP-likeness > 1),GDVRUDXLQBVIKP,LYGRISUQIZNHGM,0.7619047619047619,-C7H4O4,-152.0109586079999
public NP-like (NP-likeness > 1),WNGMEQXERFPHIP,LCVJEYNJCXTRIQ,0.2909090909090909,+O,15.994914620000088
public NP-like (NP-likeness > 1),MFFCZSWTQMCKFP,KKSDGJDHHZEWEP,0.6428571428571429,+O,15.994914620000003
public NP-like (NP-likeness > 1),IBJRJSQUSVUUDO,QVSFEOQJKPOOHP,0.5714285714285714,-C6H10O,-98.07316494
public NP-like (NP-likeness > 1),XWFDREYZNGAQBP,FXOWIGCIDJMTMG,0.7857142857142857,-C23H31NO3,-369.2303938520003
public NP-like (NP-likeness > 1),XMKCZQYMYWDHHG,CCSTXGOVTSAXFT,0.8382352941176471,-O,-15.994914620000031
public NP-like (NP-likeness > 1),PZBUXFYJDYWNLM,KZLFHCYMZPZVRP,0.8181818181818182,+H2,2.015650063999999
public NP-like (NP-likeness > 1),SENBGIVJJSWTOR,FMWIGZBSYCRAKW,0.7424242424242424,-H2,-2.015650063999999
public NP-like (NP-likeness > 1),KHYSBNREYPBDKG,JJWITJNSXCXULM,0.8181818181818182,+CH2,14.015650063999999
public NP-like (NP-likeness > 1),YZEHYCFUHYWTHK,DBJVCFMGLSHGCI,1.0,+C3H6,42.046950192000054
public NP-like (NP-likeness > 1),SEYJJRRZTHFAPX,MWDNWQAVYQDZQI,0.47058823529411764,-H2O,-18.010564683999974
public NP-like (NP-likeness > 1),JUOSIPJKJLUJCA,YLRJRFOZRJMCAN,0.8522727272727273,?,30.0105646840002
public NP-like (NP-likeness > 1),ZXERDUOLZKYMJM,DKPMWHFRUGMUKF,0.8076923076923077,+C2H4-O,12.036385507999967
public NP-like (NP-likeness > 1),YRTJDWROBKPZNV,VXPBDCBTMSKCKZ,0.7307692307692307,-H2,-2.015650063999999
public NP-like (NP-likeness > 1),NSKYXNSUFHSXLD,RTLDNEJLAASRHU,0.8428571428571429,+H-NO,-28.990163587999973
public NP-like (NP-likeness > 1),OXECOPOCYBGSHC,XVFZDEUNUPHRNX,0.8243243243243243,-O,-15.994914620000031
public NP-like (NP-likeness > 1),OZDABLANSWPSGY,INSAQPSCUXYJAY,0.47619047619047616,+C14H18O5,266.11542367600003
public NP-like (NP-likeness > 1),SCAGQTBCGKJURA,AJTULIWKBMDPCJ,0.6891891891891891,isomer (0),0.0
public NP-like (NP-likeness > 1),OBZMXIHZRUNYOT,APJDQUGPCJRQRJ,0.7291666666666666,-H2,-2.015650063999999
public NP-like (NP-likeness > 1),BLVKAHRSISMCIC,XZHPXLOGJFNJCK,0.8,+O,15.994914619999975
public NP-like (NP-likeness > 1),RASDSYVFPYABDW,CRDPBNXZCCAKEM,1.0,+C3H7N,57.05784922400005
public NP-like (NP-likeness > 1),PAHUDTYHVXPIHF,CIMJAIJSTAYYPA,0.8923076923076924,-H2,-2.015650063999942
public NP-like (NP-likeness > 1),XVYHBBAKYWDFRE,WRQPROLXESIJKE,0.8275862068965517,+C21H20O9,416.11073222000016
public NP-like (NP-likeness > 1),INOCLZXAGNEECH,XQVYCMYBNRTKCR,0.8428571428571429,-H2,-2.015650063999942
public NP-like (NP-likeness > 1),QMUITAHSZWMILL,OVYRGVPJGVCXJE,0.7321428571428571,+CH2O,30.010564683999917
public NP-like (NP-likeness > 1),NSYZCCDSJNWWJL,TYQXKHPOXXXCTP,0.8764044943820225,+C3H4O2,72.02112936800017
public NP-like (NP-likeness > 1),RSCCIJPPQBFPAK,ARRNWLFGLUXSFU,1.0,+C8H14,110.10955044799982
public NP-like (NP-likeness > 1),IHGAMZBDEOTTEW,VVZWHOMBDMMRSC,0.828125,+CH2,14.015650063999999
public NP-like (NP-likeness > 1),BFDLDIKIPJXHON,GXDXOYYVPOQAPN,0.9263157894736842,-C3H6O3,-90.03169405199992
public NP-like (NP-likeness > 1),SJZZRXMQSAXCFD,JQMQKOQOLPGBBE,0.639344262295082,+O,15.994914619999975
public NP-like (NP-likeness > 1),RNXNKBVWIKGQBM,VUODZOQOGUXJRS,0.8333333333333334,+CH2,14.015650063999999
public NP-like (NP-likeness > 1),OMAUFXPNQZSYAH,WGYMEBRBQICDPH,0.8208955223880597,isomer (0),0.0
public NP-like (NP-likeness > 1),RRKQZNOIKZVBIH,OCWSXSDYCJXNAF,0.8656716417910447,-C10H16,-136.125200512
public NP-like (NP-likeness > 1),PYMYPHUHKUWMLA,GZCGUPFRVQAUEE,0.85,-CH2O,-30.010564684000002
public NP-like (NP-likeness > 1),JHXAZBBVQSRKJR,LUZSWWYKKLTDHU,1.0,isomer (0),0.0
public NP-like (NP-likeness > 1),ZHHYANZIARLNFJ,UGBGKUYYYCTXAK,0.3918918918918919,+O-H2,13.979264556000032
public NP-like (NP-likeness > 1),DUBPGEJGGVZKDD,OWMHCYFEIJPHFB,0.8333333333333334,-CO2,-43.989829240000006
public NP-like (NP-likeness > 1),GEQWXGSVRCWIFL,CQEIEXLLVNFHAB,0.8307692307692308,+S-CO2,-12.017758239999978
public NP-like (NP-likeness > 1),QFQUMHBUJBZOBZ,CWMPPVPFLSZGCY,0.7037037037037037,+C4H4,52.031300128
public NP-like (NP-likeness > 1),VQCXCCMCKDSXMQ,UWARRXZVZDFPQU,0.8095238095238095,+CH2-O,-1.9792645559999755
public NP-like (NP-likeness > 1),DEBDFZGNZTYPMF,ISFMXVMWEWLJGJ,0.5333333333333333,isomer (0),0.0
public NP-like (NP-likeness > 1),BQPAYARYCXZJTR,ZYZXZTFXCPYPOH,0.9393939393939394,+C5H8O4,132.0422587359999
public NP-like (NP-likeness > 1),LQMBCCVJAXTRGG,SKELMFQZAMKVPW,1.0,+H2,2.015650063999942
public NP-like (NP-likeness > 1),DKYFESWWIPJYTA,TVWVHFSJQNXIRZ,0.6481481481481481,+C5H8,68.062600256
public NP-like (NP-likeness > 1),FUDSDSSVYNVBQF,VQZKWDYEALGHOA,0.6818181818181818,+H2O,18.010564683999974
public NP-like (NP-likeness > 1),FNQFNSGVMLMZNV,TYPSVDGIQAOBAD,0.42857142857142855,+O2,31.989829240000006
public NP-like (NP-likeness > 1),JPFIOEHNRDYRBQ,CIGYOGGWJLGBCC,1.0,+C2H4,28.031300127999998
public NP-like (NP-likeness > 1),GJFIGYXKJHSBBY,LZGYVQLUSTUFAZ,0.7317073170731707,-CH2,-14.015650064000056
public NP-like (NP-likeness > 1),NNCVVPLZMBGDIK,JHAXQRDTTACRKJ,0.7936507936507936,+C7H4O,104.02621474800003
public NP-like (NP-likeness > 1),KGWATBYKCMCFLC,PPHWDUZMWNUINO,0.6612903225806451,-S,-31.97207099999997
public NP-like (NP-likeness > 1),OTJQGSOIXXCVNW,CHXDJKXLZZUGCS,1.0,-C4H8,-56.06260025599994
public NP-like (NP-likeness > 1),ZNHNNRQMRNHUFB,RCINICONZNJXQF,0.8631578947368421,+CH2,14.015650064000056
public NP-like (NP-likeness > 1),RCOCGNVIADBIBD,XRWVZSPWRNDJNS,0.48333333333333334,isomer (0),0.0
public NP-like (NP-likeness > 1),WZWNPGBLELJTRC,KLLOKQZRHPQBGJ,1.0,-C2H4,-28.031300127999998
public NP-like (NP-likeness > 1),XGEYXJDOVMEJNG,SJGXLSYEYLGFRT,0.7619047619047619,-C9H6O2,-146.03677943200006
public NP-like (NP-likeness > 1),NZYSZZDSYIBYLC,CNPMAFLUEHEXRE,0.75,+CO,27.994914619999975
public NP-like (NP-likeness > 1),WQURHIPGYVDBMZ,CVDFIIWFAQBVMT,0.855072463768116,+C5H9NO,99.06841390800003
public NP-like (NP-likeness > 1),KJSOBOHOTUHWFH,RALURFYWGPOMLB,0.875,-CO,-27.994914619999918
public NP-like (NP-likeness > 1),ADGOFPAXWRMONQ,YIFOEHABICVOCV,0.8181818181818182,+CO,27.994914619999975
public NP-like (NP-likeness > 1),QRTYTQTVJQUCEP,MUKYVRVYBBYJSI,0.5,+CH4O,32.02621474799997
public NP-like (NP-likeness > 1),LREQLEBVOXIEOM,VSRBKQFNFZQRBM,0.4583333333333333,+CH2O,30.010564684000002
public NP-like (NP-likeness > 1),KEEWIHDTSNESJZ,DLIKSSGEMUFQOK,0.8620689655172413,+CH2,14.015650063999999
public NP-like (NP-likeness > 1),VUSSAOWUDZVBCT,MSYSWQWADFTBQN,0.859375,-C2H3NO,-57.02146371600003
public NP-like (NP-likeness > 1),FMLXPIYSHSDOET,LWJJYAYQOTXATC,0.68,-H2,-2.015650063999999
public NP-like (NP-likeness > 1),FJYTXXBFGIOJGK,JQGIQJSKFPVMEZ,0.8181818181818182,-CH2,-14.015650063999999
public NP-like (NP-likeness > 1),IWPVSUXBRVFHEP,ZTSJXPQARCEHJS,0.7910447761194029,-H2,-2.015650063999999
public NP-like (NP-likeness > 1),KNDPLJZJPQWOMQ,GVODYIATQUUPAG,0.42424242424242425,isomer (0),0.0
public NP-like (NP-likeness > 1),LTZJQYYFCLHKGA,WOMGELOHXVTYLT,0.75,+C2H2,26.015650064
public NP-like (NP-likeness > 1),KVKRFLVYJLIZFD,QCLBRNPQMDEDIM,0.9479166666666666,+C5H8O4,132.0422587359999
public NP-like (NP-likeness > 1),PUUYULQKNFTVDK,IMMCRIJMXKHWHH,0.8363636363636363,+CH2,14.015650063999999
public NP-like (NP-likeness > 1),WLWIMKWZMGJRBS,OLBNOBQOQZRLMP,0.5333333333333333,+C4H8-O,40.06768563599999
public NP-like (NP-likeness > 1),ZKMUNGUQRUPXIU,BIVGPKIBTGZJJH,1.0,-C4H8,-56.062600255999996
public NP-like (NP-likeness > 1),LWXLRBPWKGXXED,GGJRAQULURVTAJ,1.0,+C2H2,26.015650064
public NP-like (NP-likeness > 1),OSJXTRFYPLXSCM,JZNGEGWFNPRYBH,0.46835443037974683,+C24H16O2,336.1150297520001
public NP-like (NP-likeness > 1),NVTYTOIVVYCWAI,FADVQEKKXJMGQA,1.0,+C2H4,28.031300127999998
public NP-like (NP-likeness > 1),XASMNYUUXKSSRK,SFRMRUMSOVAGEZ,0.8275862068965517,-C2H4,-28.03130012799994
public NP-like (NP-likeness > 1),GHMAASFNOBDZII,APKFDSVGJQXUKY,0.9012345679012346,-O,-15.994914620000031
public NP-like (NP-likeness > 1),HPIOIUSFXDCSLD,VBYYGSMHUKZIND,1.0,+CH2-O,-1.9792645559998618
public NP-like (NP-likeness > 1),HTTHRODNCNSAHK,OZPCLKWUVNMEBX,1.0,-C2H4,-28.031300127999998
public NP-like (NP-likeness > 1),KUFOUZUFKQQQNX,UUHOJAXPZJQLFO,0.9122807017543859,+O-HN,0.984015587999977
public NP-like (NP-likeness > 1),DHRDFYJCMKIQRH,BXTXUQYYZNFMQJ,0.717391304347826,+NO-H,28.990163587999973
public NP-like (NP-likeness > 1),FLHYKODSJFNTAV,MPFPPDUCAIWNJM,0.9206349206349206,+CH2,14.015650064000056
public NP-like (NP-likeness > 1),QRBGFYBOCBYOSN,WECGLUPZRHILCT,1.0,+C2H4,28.031300127999998
public NP-like (NP-likeness > 1),FQWZUBQXMVKRSM,IQSAULADRNRYOT,0.65,-C2H2O,-42.01056468400003
public NP-like (NP-likeness > 1),ORHBXUUXSCNDEV,CJIJXIFQYOPWTF,0.7407407407407407,isomer (0),0.0
public NP-like (NP-likeness > 1),YEESKJGWJFYOOK,OTZRAYGBFWZKMX,0.8275862068965517,+C2H3NO,57.02146371599997
public NP-like (NP-likeness > 1),ODRQWZAVWNOCLV,JRTMOBLCMMKFMY,0.9016393442622951,-C4H8O2,-88.052429496
public NP-like (NP-likeness > 1),USXIYWCPCGVOKF,ZBAMSLOMNLECFR,0.5058823529411764,+C4H6O2,86.03677943200023
public NP-like (NP-likeness > 1),NAIKIJSSBJHCBL,KZVHAGNFWJIOMX,0.8441558441558441,+Br-H,77.91051206800006
public NP-like (NP-likeness > 1),MERHMOCEIBOOMA,LYELCCACUCFABR,0.7924528301886793,-C5H8,-68.06260025599994
public NP-like (NP-likeness > 1),IFDWEHUJUZYOJB,HLWYTBKVXQQNQC,0.9272727272727272,-C2H4,-28.031300127999998
public NP-like (NP-likeness > 1),VCSXCHXOFPVNGS,ITJIJDWFGMAIKB,0.6888888888888889,+O,15.994914619999975
public NP-like (NP-likeness > 1),ANKJVUACPWBNDD,RROOSSSKMFKJRM,0.796875,+C20H34,274.2660510880001
public NP-like (NP-likeness > 1),SYHNGIDZSPMVHV,QCRXJIVWNFOEFZ,0.7333333333333333,+O,15.994914620000031
public NP-like (NP-likeness > 1),BXEZTCOKOLHMKY,YLRJRFOZRJMCAN,0.8539325842696629,?,13.008373611910088
public NP-like (NP-likeness > 1),HLGBXKIGYXVIFU,XHSNXOZZHHJDDX,0.7674418604651163,?,-14.015650063999942
public NP-like (NP-likeness > 1),DQCKKXVULJGBQN,WJBLNOPPDWQMCH,0.7966101694915254,+O-CH2,1.9792645559999755
public NP-like (NP-likeness > 1),UXGFQADEYVQYRR,FMVPIYRPSYJDLS,0.8615384615384616,+CHO-N,14.999665651999976
public NP-like (NP-likeness > 1),RLTDMRMWVUCOAI,JHTCFCGNHFWDBQ,0.796875,+H2-O,-13.979264555999976
public NP-like (NP-likeness > 1),QXADAGXJMAGASS,XDDGLUTVKOZCKM,0.8307692307692308,+O,15.994914619999975
public NP-like (NP-likeness > 1),BOJKFRKNLSCGHY,QSTFRCUXCBXJAW,0.8166666666666667,-C2H4,-28.03130012799994
public NP-like (NP-likeness > 1),HQKAYCHMYMSSEQ,KNGWIQNCSUFYHU,0.8448275862068966,+C3H4,40.03130012799994
public NP-like (NP-likeness > 1),XNRPGJIZLQSXDY,UTULUEQFRJAYOL,0.8307692307692308,+CH2O2,46.00547930400012
public NP-like (NP-likeness > 1),FQSTXEWGPYKNPY,SPOZHYGMBMRPGM,0.6164383561643836,-O,-15.994914620000031
public NP-like (NP-likeness > 1),WKEJAAJDKZIINN,AXLNHAMAHQDZNX,1.0,-C7H14,-98.10955044800005
public NP-like (NP-likeness > 1),JZBHUVGJBWDUSA,VAPVFWUBNBLVMB,0.8,+CH2,14.015650063999999
public NP-like (NP-likeness > 1),XMPZAXPVXGGTAQ,KGDRZNOMVBVGRK,0.7894736842105263,+HN-O,-0.984015587999977
public NP-like (NP-likeness > 1),AVXFIVJSCUOFNT,ZVTVWDXRNMHGNY,0.8717948717948718,-C6H10O4,-146.05790880000018
public NP-like (NP-likeness > 1),LGMXPVXJSFPPTQ,KJWZYMMLVHIVSU,0.7254901960784313,-H2,-2.015650063999999
public NP-like (NP-likeness > 1),SFXPZLCQRZASKK,LSIDWNBKDSCZRU,0.6065573770491803,-C10H18O,-154.13576519599997
public NP-like (NP-likeness > 1),YCDZBVXSGVWFFX,PHLXREOMFNVWOH,0.7916666666666666,+H2O,18.010564683999974
public NP-like (NP-likeness > 1),PEWKZKILLSBVNX,OVHGUPNHWUHPOM,0.9215686274509803,-C2H4,-28.031300127999998
public NP-like (NP-likeness > 1),JQZRVVCJYBFCLV,VPOHEDQKGWFUNE,0.9302325581395349,-C3H4,-40.03130012799994
public NP-like (NP-likeness > 1),SYGQXRLXOOXDRP,TXCYPEWFETYPBN,0.6271186440677966,isomer (0),0.0
public NP-like (NP-likeness > 1),BBJQPKLGPMQWBU,SJDMTGSQPOFVLR,1.0,+C2H4,28.031300127999998
public NP-like (NP-likeness > 1),DQUHDYWUEKWRLN,DIURMAFIAYOVGU,0.49056603773584906,+H4-O3,-43.95344373199998
public NP-like (NP-likeness > 1),ZNSPUNVBZGKQFL,UOCUEIOMIAYZNI,0.7962962962962963,-C2H2O,-42.010564683999974
public NP-like (NP-likeness > 1),MOFSRTWFULYXNI,MDSDCJNKKDKVDX,1.0,+CH2,14.015650064000056
public NP-like (NP-likeness > 1),IBZYPBGPOGJMBF,LZPFFKBGBPBJAW,0.8367346938775511,+CH2,14.015650063999999
public NP-like (NP-likeness > 1),YZNFIOHFGCFLRE,CZIBJLCOBSDECU,1.0,+C2H4,28.031300127999998
public NP-like (NP-likeness > 1),ZYQUJMZZIMIATO,VFVAGPWBFWJBMN,0.6666666666666666,-CH2S,-45.987721064
public NP-like (NP-likeness > 1),PCFMECNNYYMDRS,GROZBHGPTPDFGC,0.9365079365079365,-CH2,-14.015650064000056
public NP-like (NP-likeness > 1),JERGUCIJOXJXHF,RCFJDVCRANOZEL,0.6862745098039216,+H2,2.015650063999999
public NP-like (NP-likeness > 1),QZGOQORSUIQVIR,VGRPJNIVIGBNNK,0.9014084507042254,+O-HN,0.9840155879999202
public NP-like (NP-likeness > 1),ZCCRXBYKWLDBSD,HMVBKWJHWNRQGB,0.8,-O,-15.994914619999975
public NP-like (NP-likeness > 1),KDXKERNSBIXSRK,AHLPHDHHMVZTML,0.8571428571428571,+CH2,14.015650063999999
public NP-like (NP-likeness > 1),XMXAQPGCIBLQSB,ARRNWLFGLUXSFU,1.0,+C4H6,54.04695019199983
public NP-like (NP-likeness > 1),FFXKPSNQCPNORO,XYDVGNAQQFWZEF,0.8181818181818182,+C2H2,26.015650064
public NP-like (NP-likeness > 1),GPHSJPVUEZFIDE,WHTLSLQCKFRZNC,0.8245614035087719,-O,-15.994914619999975
public NP-like (NP-likeness > 1),XJDJODWHDUVAGF,RFWGABANNQMHMZ,0.8648648648648649,+O2-H2,29.97417917600012
public NP-like (NP-likeness > 1),SSFXFPCIUUFGJD,CHQMIQBQLGDCJJ,0.5970149253731343,+O-H2,13.979264555999976
public NP-like (NP-likeness > 1),LKXROVJUKLKHLO,LOUPXYLWNRBQNF,0.873015873015873,-O,-15.994914619999975
public NP-like (NP-likeness > 1),AGPGAIZOUMMHBB,SBYBEXFQAURRDP,0.6521739130434783,+H2,2.015650063999999
public NP-like (NP-likeness > 1),GZCGUPFRVQAUEE,PYMYPHUHKUWMLA,0.85,+CH2O,30.010564684000002
public NP-like (NP-likeness > 1),HREHFPZHVCNOMQ,CSYYHGVTSAUQEW,0.8305084745762712,-CH2,-14.015650063999999
public NP-like (NP-likeness > 1),UKZBYNNIKTZZLT,NKFZLEYLWAFYEH,0.8611111111111112,+CH2,14.015650064000056
public NP-like (NP-likeness > 1),YBYIAPOSRNODNJ,ANPBVQUWPQJORQ,0.8953488372093024,-C6H10O5,-162.05282341999987
public NP-like (NP-likeness > 1),SAVFIMRLAWCZGX,QBSZVMLDNVHDKB,0.39344262295081966,-C2H2O,-42.010564683999974
public NP-like (NP-likeness > 1),HXQHFNIKBKZGRP,YZXBAPSDXZZRGB,0.9615384615384616,-C2H2,-26.015650064
public NP-like (NP-likeness > 1),REXUEKWOYFCROK,HTWPBRAYAGVGRF,1.0,-C2H4,-28.03130012799994
public NP-like (NP-likeness > 1),OJESNYFIPWSOPO,CVDYOYNJWLXMAW,1.0,-C2,-24.0
public NP-like (NP-likeness > 1),DULXNRPTUFDYGE,ASTMILMCZBKZPV,1.0,+C5H10,70.07825031999994
public NP-like (NP-likeness > 1),QSRAJVGDWKFOGU,AKEKAGBWNXIWSS,0.9726027397260274,-C12H20O10,-324.1056468399996
public NP-like (NP-likeness > 1),JNXGVLRHSYOTKM,WDQWPGLHLXQCEK,0.9529411764705882,-C6H8O6,-176.03208797600007
public NP-like (NP-likeness > 1),GGQRYMZUAIWDDB,SCZJGLWPRVUGAT,0.8275862068965517,+CH2,14.015650064000056
public NP-like (NP-likeness > 1),HCBKENVWCDLQOA,DAWSYIQAGQMLFS,0.7169811320754716,+C5H8O2,100.05242949599995
public NP-like (NP-likeness > 1),IGAUFOWHUXOFTJ,CLAKWPZFIRNJEI,0.765625,+C2H4,28.03130012799994
public NP-like (NP-likeness > 1),DFQOXFIPAAMFAU,LCXREBMNASQAOC,0.5306122448979592,?,-68.02621474799992
public NP-like (NP-likeness > 1),FSLPMRQHCOLESF,NBGQZFQREPIKMG,0.7636363636363637,+H2-O2,-29.97417917599995
public NP-like (NP-likeness > 1),VBUYCZFBVCCYFD,BJHIKXHVCXFQLS,0.56,+O-H2,13.979264555999976
public NP-like (NP-likeness > 1),AFBBIVHQSLMMLH,IKFXPERBVFYFMS,0.7971014492753623,-C2H4O,-44.026214748000086
public NP-like (NP-likeness > 1),YPBXGIBBOZOVPM,GJFIGYXKJHSBBY,0.7297297297297297,+HO-Cl,-17.966113027999995
public NP-like (NP-likeness > 1),AFVYFQWVHRZOSG,DAPANYCUJPRPTN,1.0,+C,12.0
public NP-like (NP-likeness > 1),JKCBACYQZWAEEZ,AEWQTVJXZCQGIY,1.0,-C4H8,-56.062600255999996
public NP-like (NP-likeness > 1),TVNLAWCTCXPKQY,JFAHLVMHOMALOB,0.8181818181818182,-O,-15.994914619999975
public NP-like (NP-likeness > 1),ROFXXLPYCGUFJL,CHMTTZIWXMOGME,0.8113207547169812,+CH2,14.015650063999999
public NP-like (NP-likeness > 1),UKXXQEQKOSUQKT,GBUUKFRQPCPYPW,0.42592592592592593,?,-1.9792645559999755
public NP-like (NP-likeness > 1),LDUWZDLQTJPRSA,FANMRWOIBYPWGA,0.855072463768116,+O,15.994914619999975
public NP-like (NP-likeness > 1),CWMAMBUODCSOIA,GTQKOJVFDJDUGN,0.7727272727272727,+C7H5NO,119.03711377999991
public NP-like (NP-likeness > 1),TVJMKXRMYNCUFQ,KWCRFZFBZRKDQA,0.8695652173913043,+C2H2,26.015650064
public NP-like (NP-likeness > 1),JECOCDKQCZSANH,APZDDWSEXQOLKA,0.7777777777777778,-C3H2O3,-86.00039392399998
public NP-like (NP-likeness > 1),SYDKOLLYPJCLPT,JDAPIOVVXOAJOM,0.5853658536585366,+C12H16O8,288.084517472
public NP-like (NP-likeness > 1),PGOMXBOHQUBUMI,QPLSCFLMIOADPA,0.6363636363636364,-H2,-2.015650063999999
public NP-like (NP-likeness > 1),IYGYMKDQCDOMRE,JZUTXVTYJDCMDU,0.7017543859649122,-CH4,-16.031300128000055
public NP-like (NP-likeness > 1),WICHONPZVIYWIJ,CKVKZAJXACTIEL,0.75,+O-H2,13.97926455600009
public NP-like (NP-likeness > 1),KCXTUKOIUXREOJ,OHEHXCOAADLDFL,0.6710526315789473,+C5H8O3,116.04734411599998
public NP-like (NP-likeness > 1),CGJPKNZEGFWWCO,DLALXFLVZIKPDY,1.0,+C2H4,28.031300127999998
public NP-like (NP-likeness > 1),GKSHYDZIFVNLSS,AJQHGNTXDMMXFV,1.0,+C3H2,38.015650064000056
public NP-like (NP-likeness > 1),RIVQQZVHIVNQFH,JNMALBXXJSWZQY,0.8490566037735849,-O2,-31.98982923999995
public NP-like (NP-likeness > 1),ADPAPZVYVYEBGS,CAIONBZFPABPNY,0.8,-C2H2O,-42.0105646840002
public NP-like (NP-likeness > 1),HBYUTIFKNYGTSE,JRXUVBQEKWVSNA,1.0,-C,-12.0
public NP-like (NP-likeness > 1),BWQSLRZZOVFVHJ,DLNWZIVYKQXLTN,0.5185185185185185,-O,-15.994914619999975
public NP-like (NP-likeness > 1),WPCVRWVBBXIRMA,WWSYXEZEXMQWHT,0.7857142857142857,+O,15.994914620000031
public NP-like (NP-likeness > 1),JXTOWLUQSHIIDP,YBYIAPOSRNODNJ,0.776595744680851,-H2,-2.015650064000056
public NP-like (NP-likeness > 1),IDTQMAFSZYEUKJ,STECJAGHUSJQJN,0.74,+C3H4O,56.02621474800003
public NP-like (NP-likeness > 1),QUQMZWZRFQKNFP,KJTDZAHLWHEULN,0.8181818181818182,+C2H2O,42.010564683999974
public NP-like (NP-likeness > 1),GVVFEGGJJPJJIK,YMBKPUMDWDEWIJ,0.8333333333333334,+CH2O,30.01056468400003
public NP-like (NP-likeness > 1),NOLDNICYUPLDOY,FJAQNRBDVKIIKK,0.8526315789473684,isomer (0),0.0
public NP-like (NP-likeness > 1),WUBKGTSFJSEIEM,BOBLHFUVNSFZPJ,0.6329113924050633,+C5H7N-O,65.0629346039999
public NP-like (NP-likeness > 1),XCEPKQNOWNOSFH,IAPHXJRHXBQDQJ,0.7068965517241379,-H2,-2.015650063999999
public NP-like (NP-likeness > 1),QQTKVXCQLZIJPP,FYPCEUKJORJHDL,0.7894736842105263,-CH2,-14.015650063999999
public NP-like (NP-likeness > 1),YWNPKCZUQGACCR,KLGOXXXBBGOUGC,0.7532467532467533,isomer (0),0.0
public NP-like (NP-likeness > 1),FXOWIGCIDJMTMG,XWFDREYZNGAQBP,0.7857142857142857,+C23H31NO3,369.2303938520003
public NP-like (NP-likeness > 1),YXXGWRKMEAWHPU,ROSPRWVLSSLSNG,0.873015873015873,-CO,-27.994914619999975
public NP-like (NP-likeness > 1),ZFLRVRLYWHNAEC,LZJRNLRASBVRRX,0.8888888888888888,+CH2,14.015650063999999
public NP-like (NP-likeness > 1),ZAKYYPBVMNJLFA,RSKTWDAINBIMPD,0.6785714285714286,+CH2,14.015650063999942
public NP-like (NP-likeness > 1),OEVCPKKGZOPKST,OLHLJBVALXTBSQ,0.7727272727272727,+O-C5H8,-52.067685635999965
public NP-like (NP-likeness > 1),WHEUWNKSCXYKBU,SWINWPBPEKHUOD,0.782608695652174,+CH2,14.015650063999999
public NP-like (NP-likeness > 1),IJMXFBHJNXUVLI,HDNFKWOIOAMTET,0.9466666666666667,+CH2,14.015650064000056
public NP-like (NP-likeness > 1),LSXNDESCRJSFBR,PEVBAYOVLPTDQL,1.0,-C14H10O3,-226.06299418000015
public NP-like (NP-likeness > 1),UUNPIWCQMVNINR,QJKZQZYKOMVBQO,0.7631578947368421,-CH2,-14.015650063999999
public NP-like (NP-likeness > 1),NFQFDMJGZPLWGI,KALVKBCVJGXOKE,0.7592592592592593,+H2O,18.01056468400003
public NP-like (NP-likeness > 1),VFAQSYFWRSUAKW,SMUNNMAWNRFDPB,0.7166666666666667,isomer (0),0.0
public NP-like (NP-likeness > 1),YFPIJADURJHEIX,VIOIVRWPFHCJTK,0.9263157894736842,+C12H20O9,308.11073221999936
public NP-like (NP-likeness > 1),MGHSCXCFVZJHPT,PACOALGXOJLUSI,0.9655172413793104,+C5H2,62.01565006399994
public NP-like (NP-likeness > 1),ZNYPQWFGUGWGOA,UGTKBLXBTMTJHX,0.7843137254901961,+S-CH2O,1.9615063159999977
public NP-like (NP-likeness > 1),MCKLJFJEQRYRQT,HVYWMOMLDIMFJA,0.6949152542372882,+O,15.994914619999975
public NP-like (NP-likeness > 1),PDEKSQPGUZKWQD,KOIKPCYBMWNPFY,0.8103448275862069,-C4H8,-56.06260025599994
public NP-like (NP-likeness > 1),ATYQDEIGHYQNLP,UEXHGUMUCVTSNK,0.6363636363636364,+CH4-O,0.03638550799999507
public NP-like (NP-likeness > 1),WURGVTTXAYJRCC,SUADJNPBWGTYIZ,0.796875,-O,-15.994914619999975
public NP-like (NP-likeness > 1),YLKFQDKSCLMOGF,OFEAYOYKIQKFSK,0.9285714285714286,-O,-15.994914620000145
public NP-like (NP-likeness > 1),QRHSEDZBZMZPOA,VPXVODYVPILPRC,0.8823529411764706,-C2,-24.0
public NP-like (NP-likeness > 1),RQMPJTUQVOWMHZ,GZBZSCNQFXTELT,1.0,-C2H4,-28.031300127999998
public NP-like (NP-likeness > 1),BGFPUQODHQFMFB,RDNMWJOGZVGRGW,0.7407407407407407,+C9H8O,132.05751487600014
public NP-like (NP-likeness > 1),ZBDDFHXUDIPRSM,ZJBMQVPEJHVSQA,0.7272727272727273,+C12H16O5,240.09977361200026
public NP-like (NP-likeness > 1),NWLLCGSXHJXEAQ,GRPIWZQKGIFUEK,0.8676470588235294,-CH2,-14.015650064000056
public NP-like (NP-likeness > 1),YUCVPZILWXKQCX,LBRPLJCNRZUXLS,0.7380952380952381,+CO2,43.98982923999995
public NP-like (NP-likeness > 1),VOUKAYFXXSUOGA,WVETXGXKZHRROU,0.8142857142857143,+O,15.994914619999975
public NP-like (NP-likeness > 1),NARQRJFIZNOSJV,GGWWAFAYNMIPPN,0.9436619718309859,-C6H8O6,-176.03208797600007
public NP-like (NP-likeness > 1),XPDYDSQPCFQSLH,NFAWEPOBHKEHPO,0.66,+CO2,43.989829240000006
public NP-like (NP-likeness > 1),PSLXJVRNKMGRNH,SPXWWQVJBMMOLH,1.0,+C2H2,26.015650063999942
public NP-like (NP-likeness > 1),OBYDDBDJKUQGLS,VGXSFXYHPSOFJY,0.9215686274509803,-C2H4,-28.031300127999998
public NP-like (NP-likeness > 1),HAMNKHJHOZJTEE,MCAIMPGCWVIODY,0.4090909090909091,-C2H4,-28.031300127999998
public NP-like (NP-likeness > 1),KRZPNZMYDKLKPQ,GNSGBXMTBSIMHX,0.746031746031746,+H2,2.015650063999999
public NP-like (NP-likeness > 1),WXAADESEYPIPOB,KHLRCNXJXSYNCK,1.0,-C2H4,-28.031300127999998
public NP-like (NP-likeness > 1),LKLNNJGYAYDANM,LOVVVDDAKZKPHZ,0.6714285714285714,-C6H6O2,-110.03677943200006
public NP-like (NP-likeness > 1),RQPAADIPOCXXSA,RQKGSKRDYVCFCU,0.8695652173913043,+C2H3NO,57.02146371600003
public NP-like (NP-likeness > 1),PPAXMTJDCPPZTL,JWGYLCWKHIGAAI,0.7083333333333334,-CH2,-14.015650063999942
public NP-like (NP-likeness > 1),ZTDFZLVUIVPZDU,NOZAJYKZMCFNFG,0.7868852459016393,+CH2O,30.010564683999974
public NP-like (NP-likeness > 1),XIWXUSFCUBAMFH,JZRAOXRUPYISEN,0.8478260869565217,-C2H4O2,-60.02112936799995
public NP-like (NP-likeness > 1),CWOFGGNDZOPNFG,CZYPGTRKJFYXLT,0.5272727272727272,-C6H10O5,-162.0528234199999
public NP-like (NP-likeness > 1),SSJXRCYFOOLEKV,PHYRFZDJEDWWKT,0.21951219512195122,+C-H5N,-7.042199159999939
public NP-like (NP-likeness > 1),LNZWVKJKDRIYFE,VJILEYKNALCDDV,0.42857142857142855,+CO,27.994914619999975
public NP-like (NP-likeness > 1),BIANDIZAMWZPCZ,HANSEWYPPSLJQB,0.5510204081632653,-O,-15.994914619999975
public NP-like (NP-likeness > 1),RVWWDDKOKZXKCJ,CRSFLLTWRCYNNX,0.8823529411764706,isomer (0),0.0
public NP-like (NP-likeness > 1),HKDLNTKNLJPAIY,OOLLAFOLCSJHRE,0.7611940298507462,-C2H2O,-42.01056468400003
public NP-like (NP-likeness > 1),ARQXEQLMMNGFDU,CQKHENXHLAUMBH,0.74,+O2-H2,29.974179176000007
public NP-like (NP-likeness > 1),WOMGELOHXVTYLT,WDHODDQTPOPVQG,0.796875,-CH2,-14.015650063999999
public NP-like (NP-likeness > 1),WTTKLUBBGWMOHA,IHMXDYQQUZKOON,0.796875,+C2O2,55.98982923999995
public NP-like (NP-likeness > 1),BQFIZOHBSDOURY,APPOIVIWJAIHBI,0.8571428571428571,+CH2,14.015650063999999
public NP-like (NP-likeness > 1),NFDVJYPMLVMXRR,ZYKCETVKVRJFGD,0.7659574468085106,-CH4,-16.031300128000055
public NP-like (NP-likeness > 1),IKJJGHSLYZMVHL,QDURDYGWRQBMLK,0.7727272727272727,-CO2,-43.98982923999995
public NP-like (NP-likeness > 1),LGAMQMJNHMMJLG,SCHVWZLYQPLPJV,0.7611940298507462,+C6H10O4,146.0579088
public NP-like (NP-likeness > 1),QDFFAXSMLUUJSG,RUJKJFRMCYQMLH,0.6382978723404256,-O,-15.994914620000031
public NP-like (NP-likeness > 1),FNNBYKQCHDQXOO,WRCTUFLKPSXQDM,0.3793103448275862,+C5H10O2,102.06807956
public NP-like (NP-likeness > 1),UQUHXFINOFUDCC,YIYDRDIIVCKVSU,0.7291666666666666,-CH2O,-30.010564683999974
public NP-like (NP-likeness > 1),NHFYERVGOUKXIK,FOSRXGKPXAEAEH,0.7627118644067796,-HO3P,-79.96633052199991
public NP-like (NP-likeness > 1),DGZXRHZOTPZVPD,BAEBTQRNVOMBOF,0.76,-H2,-2.015650063999999
public NP-like (NP-likeness > 1),PSZDOEIIIJFCFE,JFSHUTJDVKUMTJ,0.7692307692307693,+O,15.994914619999975
public NP-like (NP-likeness > 1),HJYYPODYNSCCOU,BZOQTGADCSFWHV,0.8,isomer (0),0.0
public NP-like (NP-likeness > 1),ZWQUPIDNCOVROC,QGKQXZFZOIQFBI,0.627906976744186,+CH2,14.015650063999999
public NP-like (NP-likeness > 1),YVIYYIINOVTGCN,MKCFBJDWCJAOTN,0.5263157894736842,+H-Br,-77.910512068
public NP-like (NP-likeness > 1),GVQACOLUOBLBLO,XIZUZZXWYLTRAC,0.8611111111111112,+C2H2O,42.01056468400009
public NP-like (NP-likeness > 1),XGZOTDFONIAWEC,QVLYXPULBWQTJW,0.65625,-C3H8,-44.06260025599994
public NP-like (NP-likeness > 1),AZJIOEVMDIMLQX,TWGHMXOYRUTQOL,0.717948717948718,-CH2,-14.015650063999999
public NP-like (NP-likeness > 1),BJIOGJUNALELMI,ANNNBEZJTNCXHY,0.7096774193548387,-C5H2O2,-94.005479304
public NP-like (NP-likeness > 1),HHJJTYMYHYKVOT,IFLZUGHHYGVYEX,1.0,-C2H4,-28.031300127999998
public NP-like (NP-likeness > 1),HQSMXYNYJRWMRB,IVWWZRUIGFCZGZ,0.6595744680851063,-CO,-27.994914620000145
public NP-like (NP-likeness > 1),KRODDZHZLZSLCJ,WYZWZEOGROVVHK,0.515625,+H4O2,36.02112936799995
public NP-like (NP-likeness > 1),AMIDUPFSOUCLQB,ASFZQCLAQPBWDN,0.6666666666666666,-CH2,-14.015650063999999
public NP-like (NP-likeness > 1),AUHQGXIVPHNDEE,QAUIZXBSXBMGCF,0.9069767441860465,+H2-O,-13.979264555999976
public NP-like (NP-likeness > 1),SDEZOQIQCBHZOW,PYSNTTJECDTNFV,0.4264705882352941,+C6H8O2,112.05242949600006
public NP-like (NP-likeness > 1),DULVJNJLXNQMQY,MPPIDKLXTRQYTL,0.8709677419354839,+H2O,18.010564683999974
public NP-like (NP-likeness > 1),DQRUOTCFENUXKV,WYZMMUAUJZZQCB,0.546875,-O2,-31.98982923999995
public NP-like (NP-likeness > 1),AVFPEFZPKZCVMP,JWVHJUIMDLQGDD,0.7391304347826086,+H2-O,-13.979264555999976
public NP-like (NP-likeness > 1),GFLKPAWAKPBPSS,CICZMDDBHMJFFF,0.8,+C2H2O2-S,26.03340830399992
public NP-like (NP-likeness > 1),XKKFNYKNDDHAQC,LMHXWMJTLONGGL,0.7758620689655172,+CH2O,30.010564683999974
public NP-like (NP-likeness > 1),PFMHMEHWCQNTEA,BAEBTQRNVOMBOF,0.6986301369863014,-CH2O,-30.010564683999974
public NP-like (NP-likeness > 1),QLZMBCVLWOJASJ,NZIDLHYOWGCCCH,0.7647058823529411,+O,15.994914619999975
public NP-like (NP-likeness > 1),GKDVKFZTLGHDED,RJVUPNGPMPSSRJ,1.0,-C2H4,-28.031300127999998
public NP-like (NP-likeness > 1),BFQWBQIYMSVPOL,LXTZSOBJIXDJLM,0.24358974358974358,+C2H6-O,14.052035572000023
public NP-like (NP-likeness > 1),XCKRMMLKPXABHY,BNKWXKMOBQBSKJ,0.7866666666666666,-H2,-2.015650064000056
public NP-like (NP-likeness > 1),YEASPMIDQRXWQF,CCUOWHJXVXKSCD,0.7162162162162162,-CH4,-16.031300128000055
public NP-like (NP-likeness > 1),XPRFJXYHTNXDHZ,OOVCLDKPVUADAV,0.78125,-CH2,-14.015650063999999
public NP-like (NP-likeness > 1),SYZKTPNEFMFVSV,ADYILQKXUHGAJF,1.0,+C4H4,52.031300128
public NP-like (NP-likeness > 1),OLEQJENLGJDSCS,UOBHRNGJHROPKX,0.8307692307692308,-O,-15.994914619999975
public NP-like (NP-likeness > 1),KMRMUZKLFIEVAO,GRWFGVWFFZKLTI,0.5483870967741935,+O-H2,13.979264556000004
public NP-like (NP-likeness > 1),SFOZKJGZNOBSHF,LPTITAGPBXDDGR,0.6857142857142857,+S-C2H2O2,-26.033408304000034
public NP-like (NP-likeness > 1),HJTFEFVAIMJPHF,HJRJHCRVZOCICT,0.8333333333333334,+C4H3-Cl,16.05462241600003
public NP-like (NP-likeness > 1),MSSYPWFHLFBMMP,YDELUYNKSQLCJK,0.8875,-C6H10O5,-162.0528234200002
public NP-like (NP-likeness > 1),WBPPODSRZVXVJK,CELZEZYUAVUZRU,1.0,+CH2,14.015650063999999
public NP-like (NP-likeness > 1),DXAUKYYEJIPVHN,HXKDYOMOSLXUTR,0.9807692307692307,-C2H4,-28.03130012800011
public NP-like (NP-likeness > 1),RWNOZXXAACXGPP,USRWPJWUCQSQIR,0.7846153846153846,+C4H8,56.062600255999996
public NP-like (NP-likeness > 1),FWMJPUBOGPIFOU,BVZWTQCTAVYACS,0.8504672897196262,+CH2,14.015650063999942
public NP-like (NP-likeness > 1),MLJLJGSJRTURCA,FGTFISUIRQWRHZ,1.0,-C2H4,-28.031300127999998
public NP-like (NP-likeness > 1),KANZNGGFUBNDNY,SOHAVULMGIITDH,0.5443037974683544,+H4-CN2,-35.97484787199994
public NP-like (NP-likeness > 1),INZILOLDAGSVRR,QUYGRHFKOMIUQW,0.6,+C,12.0
public NP-like (NP-likeness > 1),SUDVQVUJMZQNHR,NJVADEFPOCMONF,0.25882352941176473,+C2H2O4,89.99530854400001
public NP-like (NP-likeness > 1),RRDGNDUPQOKZRQ,HQWYEHUVROIUCT,1.0,-C2H4,-28.031300127999998
public NP-like (NP-likeness > 1),TYXMEQGHBMDCKW,LSHVYAFMTMFKBA,0.6190476190476191,+H8N2-CO3,-23.91599560399999
public NP-like (NP-likeness > 1),BZKDCAIDWFPAGZ,SFKVJFVFJCYJTG,0.8869565217391304,+CH2,14.015650064000283
public NP-like (NP-likeness > 1),LNIVUWPCHRNJLG,AOWRAYJMTOYETH,0.8620689655172413,+O,15.994914619999975
public NP-like (NP-likeness > 1),CCCIGFPBADVTFE,PVFGJHYLIHMCQD,0.7567567567567568,+O,15.994914619999975
public NP-like (NP-likeness > 1),VVIAOPGTVSECTI,AEIFATUAVHHRBC,0.8372093023255814,-C2H6,-30.04695019199994
public NP-like (NP-likeness > 1),LLKTVWOSFZFBGJ,AEVMJNNHTYJZMS,0.5555555555555556,+C11H18,150.14085057599996
public NP-like (NP-likeness > 1),QFSDWLPMRWDFID,SCEPATPTKMFDSR,1.0,isomer (0),-1.1368683772161603e-13
public NP-like (NP-likeness > 1),UOOOPKANIPLQPU,RZJCFLSPBDUNDH,0.7450980392156863,+O3P-CH,65.95068045799997
public NP-like (NP-likeness > 1),SUASKRMPCCZREW,DAMNTGSIXBMPES,0.9692307692307692,-C3H7N,-57.05784922400005
public NP-like (NP-likeness > 1),ORDAZKGHSNRHTD,MTTUVGLGBORPBI,0.65625,-O,-15.994914619999975
public NP-like (NP-likeness > 1),HOIXTKAYCMNVMY,MMPBHSBVPREJQC,0.7291666666666666,isomer (0),0.0
public NP-like (NP-likeness > 1),GQJSFWYQKNQCIK,CMRJPMODSSEAPL,0.7049180327868853,+C6H10O,98.07316493999997
public NP-like (NP-likeness > 1),AOUYWWJPLUTFAB,GTAOMIFOJZAKGH,0.6818181818181818,-C2H4O,-44.02621474800003
public NP-like (NP-likeness > 1),WXULKGXQMWVWMP,QUSMURJIBTWAOP,0.6825396825396826,-CH2O,-30.010564683999974
public NP-like (NP-likeness > 1),ANUPXNGYFANTHY,NHQCBCFHSBCPOB,0.7407407407407407,+O,15.994914619999975
public NP-like (NP-likeness > 1),UUYGAEPBDQODHR,QKYMUZQWPICABG,0.8571428571428571,+C3H8-O2,12.072771015999933
public NP-like (NP-likeness > 1),IXMZEPKYPFQFJN,IQSAULADRNRYOT,0.4810126582278481,+C13H22-O2,146.18232146399998
public NP-like (NP-likeness > 1),SCUSKAVTYFDOEU,OJDSCNUKKOKOQJ,0.7209302325581395,+C2H4,28.031300127999998
public NP-like (NP-likeness > 1),LENYISKFJJQKGE,HPWGRUBQQWPQKG,0.8461538461538461,isomer (0),0.0
public NP-like (NP-likeness > 1),ZEXQVPRPMQVOFT,DVICWXUADSCSLL,0.7692307692307693,+H4O2,36.02112936799995
public NP-like (NP-likeness > 1),SGLFJVUESJDNOP,JRGJVZAWJNPIGM,0.7121212121212122,-C17H30,-234.23475096000004
public NP-like (NP-likeness > 1),XXWBBUTVGSKQRV,RDCNUKGBQJKLCO,0.9,-H2,-2.015650064000056
public NP-like (NP-likeness > 1),XZWDLCCTGWCYQR,AJMZUFBKADIAKC,1.0,-C7H14,-98.10955044799994
public NP-like (NP-likeness > 1),XRVLGJCHUWXTDX,WYMMNGQSPNWCIK,0.6610169491525424,+C4H2O2,82.005479304
public NP-like (NP-likeness > 1),KJMIDUOUTLARSE,UKUDXSDOMXVGOK,0.935064935064935,+C2H2O,42.01056468400009
public NP-like (NP-likeness > 1),FSINAZMQWFDQSD,XEQDVQKKHOQZEP,0.7659574468085106,+CH2,14.015650063999999
public NP-like (NP-likeness > 1),YCIZYLLOAZMATJ,KUFOUZUFKQQQNX,0.8392857142857143,-C2H2O2,-58.00547930400006
public NP-like (NP-likeness > 1),MLANDJGRKYDWJX,UJZFGQYUISRFSN,0.7058823529411765,isomer (0),-5.684341886080802e-14
public NP-like (NP-likeness > 1),AHSWTDRJRRNLLR,ZOGFTZVMTOAQPT,0.7543859649122807,+H-Br,-77.910512068
public NP-like (NP-likeness > 1),MRLXXQBBRNRWDA,DCFDRCCHOOORSB,0.5957446808510638,+O2-H2,29.974179176000007
public NP-like (NP-likeness > 1),ZHCAAZIHTDCFJX,BHQCQFFYRZLCQQ,0.7857142857142857,-O,-15.994914620000031
public NP-like (NP-likeness > 1),NSYTUNFHWYMMHU,LKAJKIOFIWVMDJ,0.6792452830188679,+O-HN,0.9840155880000339
public NP-like (NP-likeness > 1),QJLMPOLQJIBVHT,KZHWKQFVBYEEQA,0.8823529411764706,+CH2-O,-1.9792645559999755
public NP-like (NP-likeness > 1),GRJLGDWPUYQSHL,LEYGRBGYJYVHJL,0.7884615384615384,-CH2,-14.015650063999999
public NP-like (NP-likeness > 1),ZTLZGWDERZVHNS,TUTZDZAXMZIKAN,0.5822784810126582,+C7H10O4,158.05790880000012
public NP-like (NP-likeness > 1),LMJUPMQUVRZDBB,JDDNDIKSDQKWDL,0.6216216216216216,-C3H6,-42.046950192
public NP-like (NP-likeness > 1),CZNVNUIPBZQIHE,YBBHWUGZXXCHNH,0.42574257425742573,+C8H10N2O2,166.07422755999983
public NP-like (NP-likeness > 1),IQHPDUUSMBMDGN,UEXPKLJRGIWQBF,0.8260869565217391,+O,15.994914619999975
public NP-like (NP-likeness > 1),QVYMNCVNZVHQEC,SFAOCCXTEHOWEV,0.8048780487804879,-CH2,-14.015650063999942
public NP-like (NP-likeness > 1),ZSRQBBAVBUQJMM,FLRUCNJMPLRHQE,0.7325581395348837,isomer (0),0.0
public NP-like (NP-likeness > 1),QXLZMFXGMGPPHW,RLCWEUBIDIWNEA,0.6666666666666666,-H2,-2.015650063999999
public NP-like (NP-likeness > 1),UHDGCWIWMRVCDJ,DCYBPMFXJCWXNB,0.7391304347826086,+HO-CN,-9.000334347999996
public NP-like (NP-likeness > 1),WBEFBIPYSADVHW,SEBIKDIMAPSUBY,0.5901639344262295,-C7H12O16,-352.01253430400027
public NP-like (NP-likeness > 1),UVACAWVKXUAPRQ,AHNUBWYOIHCGFN,0.5588235294117647,+CH4,16.03130012799994
public NP-like (NP-likeness > 1),XUARCIYIVXVTAE,FSLPMRQHCOLESF,0.7454545454545455,+O,15.994914619999975
public NP-like (NP-likeness > 1),IKGPHGADHLPJOR,SQXIZNUQSGNRGD,0.9574468085106383,-CH2,-14.015650063999999
public NP-like (NP-likeness > 1),GMISZFQPFDAPGI,AZMXXZBSZWQUMG,0.94,-O,-15.994914620000031
public NP-like (NP-likeness > 1),HHLNXXASUKFCCX,SOHAVULMGIITDH,0.6375,-C,-11.999999999999943
public NP-like (NP-likeness > 1),VRWFEVIVOZKBJA,KFFKMHLZUAKCOH,0.5405405405405406,-H4,-4.031300127999998
public NP-like (NP-likeness > 1),KLYKGWYHZKEJOS,LGJLRIJXTPDFNB,0.7857142857142857,+O,15.994914619999975
public NP-like (NP-likeness > 1),IUWWDZMOTFHSLA,KRTATNOTKFNEFT,0.4411764705882353,?,15.994914619999975
public NP-like (NP-likeness > 1),RTRKIUHFRAITEX,VLGATXOTCNBWIT,0.5813953488372093,-C2H2O,-42.010564684
public NP-like (NP-likeness > 1),VUADKTHEWTZWRH,UYMRRAMTPIORDU,0.8507462686567164,+C2H3NO,57.02146371600003
public NP-like (NP-likeness > 1),CKZNKYSWWCSICZ,TVRZORMBTKRMAO,0.6176470588235294,+C6H10O2,114.06807956
public NP-like (NP-likeness > 1),OAFXTKGAKYAFSI,UFCLZKMFXSILNL,0.8723404255319149,+C9H6O3,162.03169405200003
public NP-like (NP-likeness > 1),FFVWTCUZUPVJAB,QWYNOTGFLNERCP,0.8783783783783784,+HO-Cl,-17.966113028000223
public NP-like (NP-likeness > 1),ASQHVCDULHERIH,KIZBWUUJNJEYCM,0.7068965517241379,isomer (0),0.0
public NP-like (NP-likeness > 1),NIJXVRBXSCTRJV,KHZBKDACOHTMAM,0.984375,-C3H6,-42.046950192
public NP-like (NP-likeness > 1),QDQJWSSPAMZRIA,AKSGLPBROCFVSE,0.8160919540229885,+H2,2.015650063999942
public NP-like (NP-likeness > 1),DBMJZOMNXBSRED,IGWDEVSBEKYORK,0.8125,+C5H8,68.06260025599994
public NP-like (NP-likeness > 1),VZSFONBSZGFZNH,QADZPCBQWKTAKP,0.7551020408163265,-C2H2O,-42.010564683999974
public NP-like (NP-likeness > 1),KVHFYBWKXJPMMM,FBFMBWCLBGQEBU,0.6888888888888889,isomer (0),-2.2737367544323206e-13
public NP-like (NP-likeness > 1),KYELXPJVGNZIGC,NURPXYQPDMVKOY,0.7285714285714285,-O,-15.994914619999975
public NP-like (NP-likeness > 1),RVMPLOSJMIQORE,QGJZLNKBHJESQX,0.8461538461538461,+O-CH2,1.9792645559999755
public NP-like (NP-likeness > 1),OSLUSKBQVPOLFL,JRRMRNWFUWPVMZ,1.0,isomer (0),0.0
public NP-like (NP-likeness > 1),QEUKPBTVLOOFFW,VOTCODUGSKJXCZ,0.6081081081081081,+C2H4O,44.02621474799997
public NP-like (NP-likeness > 1),XRTOJGYRPZUDFW,DUHUEQDHHJOBJV,0.872093023255814,-O,-15.994914620000031
public NP-like (NP-likeness > 1),WCVUIHQUPRXYKT,YGSIRXHFAUFUEJ,0.603448275862069,+C6H8O4,144.04225873599984
public NP-like (NP-likeness > 1),OHHMLJBKSKPCOZ,IYUXCLWKFZPOEM,0.9666666666666667,-C2H4,-28.031300127999998
public NP-like (NP-likeness > 1),WMSZDXQCLFUBAQ,MROYUZKXUGPCPD,0.9733333333333334,+C6H10O5,162.05282341999987
public NP-like (NP-likeness > 1),GUXDHNIKRQCWIE,JVBWSHZFLVTMGY,0.4125,isomer (0),0.0
public NP-like (NP-likeness > 1),ZFLXCZJBYSPSKU,PHYYADMVYQURSX,0.7068965517241379,+C,12.0
public NP-like (NP-likeness > 1),KRSPMDOGSDBDBB,RAUZGKXNHRJUJO,0.46808510638297873,-H2O2,-34.005479304000005
public NP-like (NP-likeness > 1),VTZRTHPAURPVRE,NTMVXGVBFJZCFH,0.8,-CH2,-14.015650063999999
public NP-like (NP-likeness > 1),YFIMUDXPJZVJJO,YLHOHANRUSKHKO,0.6818181818181818,-O,-15.994914620000003
public NP-like (NP-likeness > 1),HZUAPDDXDDVFOX,ARRNWLFGLUXSFU,1.0,-H2,-2.015650064000056
public NP-like (NP-likeness > 1),GPRADHXTCKAXCZ,GLRKROSKVLDNRU,0.9423076923076923,+CH2,14.015650063999999
public NP-like (NP-likeness > 1),UKUASYLOJMDLQH,BJOLTFLFRLZFRM,0.896551724137931,+O-CH2,1.9792645560000324
public NP-like (NP-likeness > 1),IGEZKJDTCCZVOD,CBWALJHXHCJYTE,0.7037037037037037,+O,15.994914619999975
public NP-like (NP-likeness > 1),OSHZDTNWJYPSSP,QXPYMYKHTLVJKY,0.8658536585365854,-C12H20O10,-324.1056468400002
public NP-like (NP-likeness > 1),KIDKYMVKIQIWTK,GDUMYEJFTMGMBO,0.75,+C2H2O,42.01056468400003
public NP-like (NP-likeness > 1),MJJWBJFYYRAYKU,MSVXRBNAPJJEDX,0.5176470588235295,+H2-O2,-29.97417917600012
public NP-like (NP-likeness > 1),QEZSSLIVZMPAEU,MOHUPZPZSMULNY,1.0,-C2H4,-28.031300127999998
public NP-like (NP-likeness > 1),VXMGWBBELIEFKJ,SAUXNHFIRMCZCG,0.6949152542372882,+O,15.994914619999975
public NP-like (NP-likeness > 1),MRENMDHAGXAXRK,KTFGDHPTDQFFRL,0.6741573033707865,-H2,-2.015650063999942
public NP-like (NP-likeness > 1),HBKSBJLJSDWZND,WTUHYUJEPKFUJM,0.8970588235294118,+C2H-N,11.004751032000058
public NP-like (NP-likeness > 1),DFBIRQPKNDILPW,HROMYAWHLUOUPY,0.6911764705882353,-C4H4O3,-100.01604398799992
public NP-like (NP-likeness > 1),FLUDIVNHJCQDDD,LKBIPTQZQQZZMP,0.9032258064516129,-C2H4O,-44.02621474799997
public NP-like (NP-likeness > 1),CKASNEFFHUIZEG,MMMVWBXLRFTTSV,0.6511627906976745,-O,-15.994914620000003
public NP-like (NP-likeness > 1),PDXZWDHUABEPOF,ADYILQKXUHGAJF,1.0,+C2,24.0
public NP-like (NP-likeness > 1),HOPZWKBQZZDSHF,XUSTZFGBQSSEAX,0.796875,+O,15.994914619999975
public NP-like (NP-likeness > 1),NLUNAYAEIJYXRB,ZNHVWPKMFKADKW,1.0,isomer (0),0.0
public NP-like (NP-likeness > 1),HWWPEIMHGPFLAK,COOBKIBQQIIVKX,0.7536231884057971,isomer (0),0.0
public NP-like (NP-likeness > 1),DJUDIVFQOFPQBS,ZWKGLZVVAYQFMO,0.75,-H2,-2.015650063999999
public NP-like (NP-likeness > 1),PQYVXRPPFDHTSV,XMBZZLUIFFOAHR,0.7692307692307693,-CH2O,-30.010564683999974
public NP-like (NP-likeness > 1),JRSILGCLSDYNCI,HLKMLLCFVAKCID,0.9824561403508771,+C2H2,26.015650064000056
public NP-like (NP-likeness > 1),QXIPXNZUEQYPLZ,GVEZRDBRYNJUDQ,0.8813559322033898,-O,-15.994914619999975
public NP-like (NP-likeness > 1),XUBSZCIZVSPSMQ,GZYPWOGIYAIIPV,0.9176470588235294,+C,12.000000000000227
public NP-like (NP-likeness > 1),CCEFMUBVSUDRLG,WHKHXLMZUJPRIZ,0.4186046511627907,-C4H9NO2,-103.063328528
public NP-like (NP-likeness > 1),JWAMITQWVNMVIW,JWAYRMRIYVGFTG,0.8088235294117647,isomer (0),0.0
public NP-like (NP-likeness > 1),ZHILAOLTEQVKIH,SBLZVJIHPWRSQQ,0.6307692307692307,+C5H3NO4,141.0062075759999
public NP-like (NP-likeness > 1),WPLKINDJYZFEPG,FBPFZTCFMRRESA,0.55,+H2N2-O,14.026883443999992
public NP-like (NP-likeness > 1),GXJSAHXNLJFDPO,LILPTCHQLRKZNG,0.574468085106383,-C10H4O4,-188.01095860799995
public NP-like (NP-likeness > 1),CRPNQSVBEWWHIJ,IUNJCFABHJZSKB,0.5,+O,15.994914620000003
public NP-like (NP-likeness > 1),DTTONLKLWRTCAB,KXTNVBQRLRYVCO,0.4880952380952381,isomer (0),1.1368683772161603e-13
public NP-like (NP-likeness > 1),WYTGDNHDOZPMIW,CHERDKOWGPDVSA,0.5324675324675324,?,-87.04405588408991
public NP-like (NP-likeness > 1),CNBVRZZPCHJESV,BAFDHDWTEIAMLP,1.0,+C3H6,42.04695019199994
public NP-like (NP-likeness > 1),POYUZVAGWZVXKD,JMFWYRWPJVEZPV,0.8666666666666667,+C11H18O10,310.08999677600025
public NP-like (NP-likeness > 1),UHPKYXAUVQOHQL,BYLXXZYUDXCZFN,1.0,+H2-C2,-21.984349935999944
public NP-like (NP-likeness > 1),VRDCOPNSCZLBLD,RTFKMVMUZLBFEW,0.8809523809523809,+C12H20O9,308.1107322200003
public NP-like (NP-likeness > 1),QWWUZAJFCIZIIQ,DBJPZCJQDRPOME,0.5348837209302325,+C10H17NO3,199.12084340400003
public NP-like (NP-likeness > 1),FTBNYQWFSWKCKW,YUFTVRUFJJDEHE,0.84,-H2,-2.015650064000056
public NP-like (NP-likeness > 1),LXEVSYZNYDZSOB,KRFBMPVGAYGGJE,0.8536585365853658,+CH2,14.015650063999999
public NP-like (NP-likeness > 1),WWXYBSVWYPHUPZ,DWMBXHWBPZZCTN,0.6507936507936508,isomer (0),0.0
public NP-like (NP-likeness > 1),WAVHAANZAIZEDN,FHIJMQWMMZEFBL,0.9130434782608695,-C2H4O2,-60.02112936800006
public NP-like (NP-likeness > 1),GAPDDBFHNYHZIS,QQGLQYQXUKHWPX,0.7142857142857143,+CH2O,30.010564683999974
public NP-like (NP-likeness > 1),FPIOBTBNRZPWJW,KRJPWSDKKBLTLE,0.8604651162790697,-CH2,-14.015650063999999
public NP-like (NP-likeness > 1),CNVRVGAACYEOQI,ZAYHVCMSTBRABG,0.7659574468085106,+CH2,14.015650063999999
public NP-like (NP-likeness > 1),SNFRINMTRPQQLE,HOFKXXHAUVGETP,1.0,-C2H4,-28.031300127999998
public NP-like (NP-likeness > 1),AFYQDJLRQWTCOE,QLIYSUQOQMEMPC,0.7575757575757576,+CH2,14.015650063999999
public NP-like (NP-likeness > 1),PLSBXNAUMGNHIM,PAWBZKZREJUOAU,0.8,-H2,-2.015650063999942
public NP-like (NP-likeness > 1),WTYWMHXEEXFHAD,LGJJYEZJYXOSAQ,0.8095238095238095,-C4H8,-56.062600255999996
public NP-like (NP-likeness > 1),DYPLDWLIOGXSSE,QTDZOWFRBNTPQR,0.6,+CH2,14.015650063999999
public NP-like (NP-likeness > 1),GHCZAUBVMUEKKP,KMOGFDYIZCHDEU,0.8448275862068966,-CH2,-14.015650063999999
public NP-like (NP-likeness > 1),UODCQSBZHQZMEW,HZSHUPNBPRNZDF,0.8865979381443299,-CH2O,-30.0105646840002
public NP-like (NP-likeness > 1),QEVVAHWVYYIHLH,FFCURKDFZLAMNP,1.0,+C2H4,28.031300127999998
public NP-like (NP-likeness > 1),GEXOHNPNSDXCCI,KUNXSIICKHJNDH,1.0,-C2H4,-28.031300127999998
public NP-like (NP-likeness > 1),FBCLJCSTWJKZSQ,NVJKTZPDXMPYAF,0.8490566037735849,+C2H2O,42.01056468399992
public NP-like (NP-likeness > 1),JBFULUYENICDCN,CCKQEKUJFDQKKL,1.0,-C2H4,-28.03130012800011
public NP-like (NP-likeness > 1),PCRIYRYJISADPS,MQHYCNRALPIGFM,0.7424242424242424,-H2,-2.015650063999999
public NP-like (NP-likeness > 1),HOEVRHHMDJKUMZ,QNFBKOHHLAWWTC,0.7777777777777778,isomer (0),0.0
public NP-like (NP-likeness > 1),MUQNMJSHMPEZCV,OPWPCWHMCUWCGG,0.7373737373737373,?,-132.04225873600012
public NP-like (NP-likeness > 1),ADZIDOGZIZJSTJ,KUFOUZUFKQQQNX,0.8771929824561403,+CH4-O2,-15.958529112000065
public NP-like (NP-likeness > 1),RKRVMDIFXOUHOO,ZZKIZZPHRSGBCQ,0.8529411764705882,+Cl-CH3,19.94537758399997
public NP-like (NP-likeness > 1),QZDFJRZZGKPADY,WRORLIOCZYCPIJ,0.9393939393939394,isomer (0),0.0
public NP-like (NP-likeness > 1),KRCBALDMBZQTIQ,AEDDIBAIWPIIBD,0.803921568627451,-O,-15.994914619999975
public NP-like (NP-likeness > 1),VNONINPVFQTJOC,LRRDDWMXYOSKIC,0.9759036144578314,+CH2,14.015650063999942
public NP-like (NP-likeness > 1),ICEIEANEAQIDSG,JHLKAIJXPRFWJH,0.835820895522388,-CH2,-14.015650063999999
public NP-like (NP-likeness > 1),NYMFQRBZPARUTN,RAYZRCGMIDUTKS,0.6,+C15H14O8,322.068867408
public NP-like (NP-likeness > 1),LPOVXLVQNSEZGE,HLXRWTJXGMHOFN,0.7288135593220338,isomer (0),0.0
public NP-like (NP-likeness > 1),BZODLVUNDCEFAE,VMXHNZVSJOTYTP,0.5689655172413793,isomer (0),5.684341886080802e-14
public NP-like (NP-likeness > 1),LXULIERANFDTBK,PYNPAJVOBUSIQT,1.0,-C2H4,-28.031300127999998
public NP-like (NP-likeness > 1),JTLPHVAPUJVXEJ,WNBCMONIPIJTSB,0.6153846153846154,+C10H10O4,194.05790879999984
public NP-like (NP-likeness > 1),DJNUGPHMSYACOF,FKFYWAXBWIWJDC,0.7647058823529411,+O-HN,0.9840155880000339
public NP-like (NP-likeness > 1),HUOOMAOYXQFIDQ,YCXRBCHEOFVYEN,0.9259259259259259,-CH2,-14.015650064000056
public NP-like (NP-likeness > 1),QMYWKFZKRYCUMA,PIIKTZWFQSHZQU,0.4888888888888889,isomer (0),0.0
public NP-like (NP-likeness > 1),OZJNTRHEJUGEMQ,GMJDEOWOJAKXGU,0.7625,-C4H8O3,-104.04734411600009
public NP-like (NP-likeness > 1),YFZHQAJHLAMKEF,IKIIZLYTISPENI,0.7636363636363637,-O2,-31.98982923999995
public NP-like (NP-likeness > 1),JCMCRWGGHQMGIS,MGMDQCFYDFNNCE,0.7714285714285715,+H2,2.015650064000056
public NP-like (NP-likeness > 1),MXFOMMHAIRXMFQ,NABPSKKFOWENEB,0.9318181818181818,-CH2,-14.015650063999942
public NP-like (NP-likeness > 1),PQEYTAGBXNEUQL,KVWWIYGFBYDJQC,0.717948717948718,-CH2,-14.015650063999999
public NP-like (NP-likeness > 1),SNBAQFDHHRHUTP,SVHWLHVIGDKUAT,0.9,+CO,27.994914619999975
public NP-like (NP-likeness > 1),RYSOAUSJNIXMPP,HENFUZBSUMHZKR,0.8928571428571429,+CH2,14.015650063999999
public NP-like (NP-likeness > 1),QFWCWMZSCXWBAK,JBAYXBWJNDAHDZ,0.671875,+O,15.994914619999918
public NP-like (NP-likeness > 1),CXRNSOQAFMKYIB,ICWKIMZJIWWSPM,0.5689655172413793,-C,-12.0
public NP-like (NP-likeness > 1),POUXJGBTSBQCFF,CKOMBVWENXYGTF,0.9838709677419355,-H2,-2.015650064000056
public NP-like (NP-likeness > 1),OGQJHVSARCYNEK,ZDGKBXVEVUEXED,1.0,+C2H4,28.031300127999998
public NP-like (NP-likeness > 1),VIHAEDVKXSOUAT,KHLFMZDGADSQGR,0.48,-C11H22,-154.172150704
public NP-like (NP-likeness > 1),HLMRGZLWNHARLE,OTFGLSJYIZSMOS,0.7115384615384616,+N-CHO,-14.999665652000033
public NP-like (NP-likeness > 1),RNPNITVBVBAMNH,AFRFUBXURIJHOA,1.0,-C12H24,-168.187800768
public NP-like (NP-likeness > 1),YBFSMGDLZNATSR,IXCSOKNIUTZNAB,1.0,+C2H4,28.031300127999998
public NP-like (NP-likeness > 1),GWXOHUSQMIASHO,AFRXFSQFZIOUGC,1.0,+C2H4,28.031300127999998
public NP-like (NP-likeness > 1),NOFOAYPPHIUXJR,BRCYJBRLIWCNLV,0.39344262295081966,-O,-15.994914619999975
public NP-like (NP-likeness > 1),CJXMVKYNVIGQBS,AXMVYSVVTMKQSL,0.5925925925925926,-O,-15.994914620000003
public NP-like (NP-likeness > 1),BOPNAZCWGBLUMQ,ALGGAOOTBDHKDR,1.0,-C3H6,-42.046950192
public NP-like (NP-likeness > 1),IVYXJTZIJHTTGG,UYNXYVGVBSLXHE,0.8,+C2H2O,42.010564683999974
public NP-like (NP-likeness > 1),KAUUDFSDYDQCDJ,CKYGOGYVHOYYGY,0.8205128205128205,-CH2,-14.015650063999999
public NP-like (NP-likeness > 1),BDBPUUADYAQHAV,BBJQPKLGPMQWBU,1.0,-CH2,-14.015650063999942
public NP-like (NP-likeness > 1),SZMQXDYEGKRZDG,IYBLVRRCNVHZQJ,0.7714285714285715,+O,15.994914620000003
public NP-like (NP-likeness > 1),MROYUZKXUGPCPD,WMSZDXQCLFUBAQ,0.9733333333333334,-C6H10O5,-162.05282341999987
public NP-like (NP-likeness > 1),YGVSZJJKFQFKBE,RMZUOIQVOIREPM,0.55,+H2O2,34.005479304000005
public NP-like (NP-likeness > 1),LQMBUESXQALEPE,AUKZSCHMOAPNEN,0.5454545454545454,-H2,-2.015650063999999
public NP-like (NP-likeness > 1),FYSAXYBPXKLMJO,YMUVECXYJPPWBW,0.9101123595505618,-C5H8O4,-132.04225873600024
public NP-like (NP-likeness > 1),PBSOJKPTQWWJJD,QEEBRPGZBVVINN,0.6779661016949152,+O,15.994914619999975
public NP-like (NP-likeness > 1),JINASVOYGRQFGV,AFBYJAHNLYKEPA,1.0,-C3H6,-42.04695019200017
public NP-like (NP-likeness > 1),LTDOLKHSEFEBMO,VFVQNIRDQBOZMB,0.875,+H2-O,-13.979264555999976
public NP-like (NP-likeness > 1),NMLBREXWQRPOJH,GKPNPQODFXMCGO,0.813953488372093,-CH2O,-30.010564683999974
public NP-like (NP-likeness > 1),LEEZKPBTEZNUGV,FBWFIAPIBNBCQD,0.7857142857142857,-C11H22,-154.172150704
public NP-like (NP-likeness > 1),AZVPBSGIOMRJKA,WKSNGSPNQSMRBC,0.582089552238806,+CO,27.99491462000009
public NP-like (NP-likeness > 1),QKYLNUXCPSRUNA,WVFNARDJAJTRAI,0.5833333333333334,-O,-15.994914620000003
public NP-like (NP-likeness > 1),HUOHZWBSCYBQDH,KHZIUQMHAJNNKW,0.85,+HN-O,-0.984015587999977
public NP-like (NP-likeness > 1),GLEVLJDDWXEYCO,AXODOWFEFKOVSH,0.6046511627906976,-C2H4,-28.031300127999998
public NP-like (NP-likeness > 1),MHWOMRMBQGSTFS,QAPOXOGEDXIOHD,0.625,+Cl-H,33.96102764799997
public NP-like (NP-likeness > 1),GPDJGLOROGNHJD,INBPQAJYHSJVRY,0.7804878048780488,+O-CH2,1.9792645560000324
public NP-like (NP-likeness > 1),FCHCYUUYYGFAEB,OUOMLQWBFHFXMZ,0.8354430379746836,-C2H2,-26.015650064000056
public NP-like (NP-likeness > 1),CDIPXOFEMXIUII,QTKQTHICXPNPQS,0.7619047619047619,+H2-C3,-33.984349935999944
public NP-like (NP-likeness > 1),CBQSPNLMOXKZHJ,XQDCKJKKMFWXGB,0.7073170731707317,-C2O,-39.994914619999975
public NP-like (NP-likeness > 1),BYESRGNJMSYROW,PNYQFRZBMVRYFC,0.5967741935483871,+H4-C3O3,-79.95344373199993
public NP-like (NP-likeness > 1),YMJKISFVUDJIHL,YIRQWXGQCMAHIW,0.75,+CH2,14.015650064000056
public NP-like (NP-likeness > 1),OEWYUGADRFSLPO,QIXOVYGMZDYDIN,0.8857142857142857,+C8H8O2,136.05242949599995
public NP-like (NP-likeness > 1),FTTNXWIFPFEOQT,PBXNNDFKPQPJBB,0.8688524590163934,-CH2,-14.015650063999942
public NP-like (NP-likeness > 1),BJJCTXDEJUWVIC,ZMDOPLQSOGZPJN,0.8787878787878788,-O,-15.994914620000031
public NP-like (NP-likeness > 1),GAVRLOGPHXQBDO,NFIYYIXFARWVBH,1.0,+C2H2,26.015650064
public NP-like (NP-likeness > 1),RUEPXZDDWQCITK,VFNQXFLXWICPJF,0.6153846153846154,isomer (0),0.0
public NP-like (NP-likeness > 1),RMQAEHAKXZEVKJ,IEOXQUWWMQTBHF,0.5116279069767442,isomer (0),0.0
public NP-like (NP-likeness > 1),CBIQGHYKUKDTIF,HZKLFYZYQUFAMX,0.6747967479674797,-C3H4,-40.031300127999884
public NP-like (NP-likeness > 1),PQVSFJDPIWTHNX,KWEQCWXCFQWUQU,0.8333333333333334,+Cl-HO,17.96611302799994
public NP-like (NP-likeness > 1),ZITNXUBEONJATE,ALGGAOOTBDHKDR,1.0,-C5H10,-70.07825032
public NP-like (NP-likeness > 1),XWPQYCGWKCHBNI,AFVYFQWVHRZOSG,1.0,-C4H6,-54.046950192000054
public NP-like (NP-likeness > 1),DNGPHUOALRRAOK,ALGGAOOTBDHKDR,1.0,-C3H6,-42.046950192
public NP-like (NP-likeness > 1),JQWGOOXVOODUIA,BDOYCCTVTPWYRE,1.0,+C2H4,28.031300127999998
public NP-like (NP-likeness > 1),ZMZIJISGTULHCL,VVYCRPVWBIEKIW,0.5217391304347826,+C7H8O,108.05751487599997
public NP-like (NP-likeness > 1),BPSJMBKZSUTYNF,CKGKQISENBKOCA,0.8545454545454545,-CH2,-14.015650063999999
public NP-like (NP-likeness > 1),LUZUAYAKZLCOCQ,CUGDOWNTXKLQMD,0.38,-O,-15.994914620000003
public NP-like (NP-likeness > 1),TWGRHSXCHVSAFR,DBJVCFMGLSHGCI,1.0,+C2H2,26.015650064000056
public NP-like (NP-likeness > 1),NUJGJRNETVAIRJ,FXHGMKSSBGDXIY,1.0,+CH2,14.015650063999999
public NP-like (NP-likeness > 1),JSKGNHCHUPJTOQ,YUDPTGPSBJVHCN,0.6,+C5O2,91.98982924
public NP-like (NP-likeness > 1),MFOKDKIDMRPQCX,RDEQQIJHSDRSAP,0.8615384615384616,-C2H4O,-44.0262147479998
public NP-like (NP-likeness > 1),IEKQCBVQJGWJRO,ZSSVYEUXLNVQMH,0.8666666666666667,isomer (0),0.0
public NP-like (NP-likeness > 1),QFVUWPJXYMYLLE,IMZMKUWMOSJXDT,0.3793103448275862,-C7O5,-163.97457309999987
public NP-like (NP-likeness > 1),HJDODWXISWRQIF,AQBZCCQCDWNNJQ,0.671875,isomer (0),0.0
public NP-like (NP-likeness > 1),FBCOVOMFRMPLAX,BSNPPGOUOBVIOM,1.0,-C4H8,-56.06260025600005
public NP-like (NP-likeness > 1),JBIWCJUYHHGXTC,YDUGFTMNXJLIFF,0.7903225806451613,isomer (0),0.0
public NP-like (NP-likeness > 1),QRYRORQUOLYVBU,QQNSARJGBPMQDI,0.803921568627451,-CH2,-14.015650063999999
public NP-like (NP-likeness > 1),XEQHVCXFKPCQNM,DIURMAFIAYOVGU,0.6923076923076923,+H2,2.015650063999999
public NP-like (NP-likeness > 1),YEAXSAGTEKAYBH,AHSWTDRJRRNLLR,0.6862745098039216,-CH2,-14.015650063999999
public NP-like (NP-likeness > 1),ITBMCXIYXJEGQM,CDUOUBSOKYBCCX,0.8615384615384616,+C2H4-O,12.036385507999967
public NP-like (NP-likeness > 1),RMTBNYGUARXAMT,ASOANYACTYMGJF,0.8888888888888888,+C6H10O5,162.0528234200002
public NP-like (NP-likeness > 1),XDROKJSWHURZGO,AJSPSRWWZBBIOR,0.5128205128205128,-CH2O,-30.010564684000002
public NP-like (NP-likeness > 1),ZRWPUFFVAOMMNM,YEUMIBNXDUYQDP,0.29310344827586204,-C13H22,-178.172150704
public NP-like (NP-likeness > 1),ZZBWSNKBZKPGAK,NUZWLKWWNNJHPT,0.7096774193548387,+CH2,14.015650063999999
public NP-like (NP-likeness > 1),HOYCWYFKKSOZBH,LONAMHVSUGUOBB,0.7830188679245284,+C6H10O4,146.05790879999995
public NP-like (NP-likeness > 1),SLRUNSWMCGKKPV,LWKZASDDSMSRFV,0.632183908045977,+C35H46O14,690.2887561520002
public NP-like (NP-likeness > 1),CQKNELOTFUSOTP,AERBNCYCJBRYDG,0.75,-H2,-2.015650063999999
public NP-like (NP-likeness > 1),GGIDHIBVLYVTAU,BUKNGVJDVSRYIT,0.7843137254901961,+CH2O,30.01056468400003
public NP-like (NP-likeness > 1),IWFBTVKUANPWLB,KGIKNRDXVXAZPV,0.7244897959183674,-C7H12O6,-192.06338810399996
public NP-like (NP-likeness > 1),RHMXXJGYXNZAPX,UUNPIWCQMVNINR,0.7352941176470589,-CH2,-14.015650063999999
public NP-like (NP-likeness > 1),XCMMHIJIHNJXOT,WRGLEZXMSJEOAJ,0.875,-CH2,-14.015650063999942
public NP-like (NP-likeness > 1),VJQAFZATNWOOAV,SNRIJCPQQNPFTI,0.9365079365079365,+C5H10,70.07825032000005
public NP-like (NP-likeness > 1),LHCJLSKIWIBRCP,OXGUCUVFOIWWQJ,0.6666666666666666,+C6H8O4,144.042258736
public NP-like (NP-likeness > 1),HVETWYPTFGESRF,AYXWLDZJJOHYDC,0.8955223880597015,+CH2,14.015650064000056
public NP-like (NP-likeness > 1),OMPFZUXZCIVLSI,WAWHTTXPRUWFCZ,0.8478260869565217,-O,-15.994914620000031
public NP-like (NP-likeness > 1),JUONHTPVXHYHOH,FXKDHZXYYBPLHI,1.0,-C2H4,-28.031300127999998
public NP-like (NP-likeness > 1),ZXETUGMEWSECGZ,OJBIAFRNPSQKQK,0.8571428571428571,-C2H3NO,-57.02146371599997
public NP-like (NP-likeness > 1),NBLLRWANAFOKON,ZDLZDPFUIWTENT,0.7380952380952381,+CH2O,30.01056468400003
public NP-like (NP-likeness > 1),KTOQMKFUTRIEQB,UYOANCNCPRFKOY,0.9733333333333334,+C12H20O10,324.1056468399993
public NP-like (NP-likeness > 1),OKGBOBCJGLGDNJ,KGPGFPWIOPSZJV,0.8082191780821918,-H2,-2.015650064000056
public NP-like (NP-likeness > 1),IYHVRAMISWFIRU,MTGFYEHKPMOVNE,0.7424242424242424,+H2-O,-13.979264555999976
public NP-like (NP-likeness > 1),VPXQDSQTNRAFDT,RTIMYFZVHHPZAG,1.0,+C6H10O5,162.0528234200001
public NP-like (NP-likeness > 1),SEMXAJYVXHYHEI,AOIJMEOXLTUEEE,1.0,-C4H8,-56.062600255999996
public NP-like (NP-likeness > 1),GUVJPXABQYFWPD,BNOWPELKBYSHKU,0.7333333333333333,-C2H2O,-42.01056468400003
public NP-like (NP-likeness > 1),YJSHRIGISKAHBT,GVRIYIMNJGULCZ,0.6730769230769231,+CO2,43.98982923999995
public NP-like (NP-likeness > 1),MZOHTATYSMOJHF,LQXPHDYBYCXXFH,0.9032258064516129,-CH2,-14.015650063999999
public NP-like (NP-likeness > 1),IDHWXSORJXHAOU,MNDYLEKBHLHJLY,0.5263157894736842,isomer (0),5.684341886080802e-14
public NP-like (NP-likeness > 1),CNEAFYADRZPYEP,MRBLTWPEPGRXQN,0.5087719298245614,-O,-15.994914619999975
public NP-like (NP-likeness > 1),GYUVAHWOVINGNE,RUDATBOHQWOJDD,0.7924528301886793,+O,15.994914619999975
public NP-like (NP-likeness > 1),CCLPDGXDCPXOCN,QNJCJDZKEAVOBJ,0.6818181818181818,-O,-15.994914619999975
public NP-like (NP-likeness > 1),HUYVOKGTJJWNAG,FBRAWBYQGRLCEK,0.726027397260274,isomer (0),0.0
public NP-like (NP-likeness > 1),BDWBPMGHKLNYKO,FADIPDHJIJZJAT,0.7532467532467533,-C5H3NO,-93.02146371599986
public NP-like (NP-likeness > 1),ZKSZEJFBGODIJW,XUCIJNAGGSZNQT,0.8636363636363636,-C6H10O5,-162.05282341999987
public NP-like (NP-likeness > 1),UEYMIBGYKZFDMD,YCOFRPYSZKIPBQ,0.45454545454545453,+C3H4O,56.026214748
public NP-like (NP-likeness > 1),MVMSCBBUIHUTGJ,QGWNDRXFNXRZMB,0.7647058823529411,+C6H10O5,162.05282341999992
public NP-like (NP-likeness > 1),XLXSXOHBVGWKMT,AOGVVFDNSYRXJL,0.8260869565217391,isomer (0),0.0
public NP-like (NP-likeness > 1),FZAVQTYIBVEBHF,AGRZUANLVXMRCO,0.7608695652173914,+O,15.994914619999918
public NP-like (NP-likeness > 1),DMAOFWOOOIHKPU,FVFSMBDVZVUETN,0.7865168539325843,isomer (0),0.0
public NP-like (NP-likeness > 1),SXINHBVYWXLTJI,BYLXXZYUDXCZFN,1.0,-C4H4,-52.031300128
public NP-like (NP-likeness > 1),HLVPIMVSSMJFPS,FUXBESIRIBMOMU,0.703125,+C2H2,26.015650063999942
public NP-like (NP-likeness > 1),PSFLOZGKTVHJEH,CVDYOYNJWLXMAW,1.0,-C2,-24.0
public NP-like (NP-likeness > 1),UMPWVICMWOGJNA,DBJVCFMGLSHGCI,1.0,+C2H4,28.031300127999998
public NP-like (NP-likeness > 1),HYRKAAMZBDSJFJ,MKPDWECBUAZOHP,0.7936507936507936,+C2H2O,42.01056468400003
public NP-like (NP-likeness > 1),LARPFJIXBULVPK,AWFZJSUJFSUBQU,0.8333333333333334,+H2-O,-13.979264555999862
public NP-like (NP-likeness > 1),MPXAWSABMVLIBU,QUYAEOSQFKMXDN,0.7142857142857143,+O-CH2,1.9792645559999755
public NP-like (NP-likeness > 1),DTRCGMNODLDAAK,TWYUDVVIPSUDIG,0.7684210526315789,+CH2,14.015650064000056
public NP-like (NP-likeness > 1),WQJXWXRSOBXAGZ,QIDMCIFFMHMTBT,0.8421052631578947,-CH2,-14.015650063999999
public NP-like (NP-likeness > 1),YNDVRIUTBXXCHF,XXCVXNSQWDOLBT,0.7916666666666666,-H2,-2.015650063999999
public NP-like (NP-likeness > 1),ZSAXGHCAZMIMAX,ISZNVIZNDDGIGR,0.8,+O-C2H4,-12.036385507999967
public NP-like (NP-likeness > 1),ROSPRWVLSSLSNG,BIAYESGTNRBCCZ,0.890625,+O-HN,0.9840155879999202
public NP-like (NP-likeness > 1),BQZBPAFALHFIMA,MVIJSQNWYLPBGP,0.8153846153846154,+C2H2O,42.010564683999974
public NP-like (NP-likeness > 1),YNYLMBNSQWIMMP,CHXDJKXLZZUGCS,0.9148936170212766,-C8H16,-112.12520051199994
public NP-like (NP-likeness > 1),LCZBQMKVFQNSJR,JYGXADMDTFJGBT,0.7962962962962963,-O,-15.994914619999975
public NP-like (NP-likeness > 1),PPYRMVKHPFIXEU,PRFXRIUZNKLRHM,0.8,+O,15.994914620000031
public NP-like (NP-likeness > 1),MUACSCLQRGEGOE,GTONGKBINDTWOM,0.7023809523809523,-O,-15.994914619999918
public NP-like (NP-likeness > 1),GPNCWUCSQFKOTG,ALGGAOOTBDHKDR,1.0,-C3H6,-42.046950192
public NP-like (NP-likeness > 1),UMRPOGLIBDXFNK,RIXNFYQZWDGQAE,0.8103448275862069,+H2-O2,-29.97417917599995
public NP-like (NP-likeness > 1),NZEPSBGUXWWWSI,SJWWTRQNNRNTPU,0.84375,-C2H2O,-42.01056468400009
public NP-like (NP-likeness > 1),LCOVYWIXMAJCDS,OIGNJSKKLXVSLS,0.6885245901639344,+H2,2.015650063999999
public NP-like (NP-likeness > 1),SXPTWBDKLVMRLI,PBMHTGOFWRRJFS,0.3902439024390244,-CH2,-14.015650063999999
public NP-like (NP-likeness > 1),VUDGQIOKKWFLQZ,LGNKNRRJBNGJEV,0.7926829268292683,-H2,-2.015650064000056
public NP-like (NP-likeness > 1),DBJLNNAUDGIUAE,XCHARIIIZLLEBL,0.8378378378378378,+O,15.994914620000031
public NP-like (NP-likeness > 1),KAOKDEFHEADBNL,RUDATBOHQWOJDD,0.8076923076923077,+O,15.994914619999975
public NP-like (NP-likeness > 1),WEYVVCKOOFYHRW,GRIDHCOCFJSWSY,0.8181818181818182,isomer (0),0.0
public NP-like (NP-likeness > 1),LYCAYVFJYBYYTE,YOWISNGQSRPIPP,0.27941176470588236,-C8H10O3,-154.06299418
public NP-like (NP-likeness > 1),KOGFZZYPPGQZFZ,MPCAJMNYNOGXPB,0.5357142857142857,+C2H4,28.031300127999998
public NP-like (NP-likeness > 1),DITOENWBJBNZSL,DGQPIOQRPAGNGB,0.7592592592592593,+CH2,14.015650063999999
public NP-like (NP-likeness > 1),XTPPJCGNCIQOEN,UXOJELXNKQYYOV,0.8584905660377359,+CH2-O,-1.9792645559999755
public NP-like (NP-likeness > 1),ICYUEMSNVJJVHR,NSUHFZHIKMSXME,1.0,-C2H2,-26.015650063999942
public NP-like (NP-likeness > 1),HTNVFUBCWIYPJN,DWMBXHWBPZZCTN,0.7894736842105263,-O,-15.994914620000031
public NP-like (NP-likeness > 1),DNKFADXVMUNRRM,DEMDOYQPCDXCEB,0.7611940298507462,-C2H2O,-42.010564683999974
public NP-like (NP-likeness > 1),ADYKVJBZJFELCJ,LKJMCPAAJZITNV,0.8656716417910447,+O,15.994914619999918
public NP-like (NP-likeness > 1),UKTIJASCFRNWCB,QNRRHYPPQFELSF,0.6875,+C8H14O,126.10446506800002
public NP-like (NP-likeness > 1),YJDPIUPJYVRBBT,VRWSPTDDADFFFE,0.8787878787878788,+CH2-O,-1.9792645560000324
public NP-like (NP-likeness > 1),HKRACDHMWOGFKJ,QPUCGPFRKWVURQ,0.8775510204081632,?,-308.08960285199953
public NP-like (NP-likeness > 1),BERONTYQJBPFKG,RHAPOGOMBGUDQA,0.8305084745762712,+O2-H2,29.97417917599995
public NP-like (NP-likeness > 1),YLEYQNDIPFTWGA,BALLDHFITVTABU,0.7454545454545455,+O2S-C4H7N,-5.0959489839999605
public NP-like (NP-likeness > 1),JSAXPXNTZVWWDV,XBKKBTPYPCCCKA,0.7090909090909091,isomer (0),-5.684341886080802e-14
public NP-like (NP-likeness > 1),OAEKSPZWLHEPQR,ZXGNLCQLDJYXDE,0.8412698412698413,+C9H18-O,110.14593595600002
public NP-like (NP-likeness > 1),ALKTVPFKDYZFGA,KLUTZDJBVDPOFE,0.9230769230769231,isomer (0),5.684341886080802e-14
public NP-like (NP-likeness > 1),LSUFAULIQMLCNF,HEIHBBPLLFNNDR,0.6515151515151515,-C18H20O4S,-332.1082301200002
public NP-like (NP-likeness > 1),ISHOMJGAOPXCEF,ODEIHSBBRGGUKW,0.5,-C3H4O2,-72.021129368
public NP-like (NP-likeness > 1),ZWGNVZAUBOCVRV,OSBXZJKBBFPEJJ,0.873015873015873,-O,-15.994914619999975
public NP-like (NP-likeness > 1),DPLLCJFNXPKFPB,ANOXEUSGZWSCQL,0.7586206896551724,-H2,-2.015650064000056
public NP-like (NP-likeness > 1),QRGXODPBNPONKD,JUCWRRXMPGRQOG,1.0,+C7H14,98.10955044800005
public NP-like (NP-likeness > 1),YMKVNIRIQAYOOU,ZUHXCQNRFHGWIY,0.7846153846153846,isomer (0),0.0
public NP-like (NP-likeness > 1),MCUKVQRALOEREH,DONIPVCAKBPJLH,0.8160919540229885,+O,15.994914620000031
public NP-like (NP-likeness > 1),RAFGELQLHMBRHD,PANKHBYNKQNAHN,0.5,+C5H6,66.046950192
public NP-like (NP-likeness > 1),MADUVMLGQASXOK,AYXYPKUFHZROOJ,0.5862068965517241,+CH2,14.015650063999999
public NP-like (NP-likeness > 1),REQKPFRNQGOEQH,YONLLRSOPWDTIX,0.8648648648648649,+C2H3NO,57.02146371599997
public NP-like (NP-likeness > 1),LFTYTUAZOPRMMI,HSCJRCZFDFQWRP,0.7794117647058824,+C2H3N,41.02654909600028
public NP-like (NP-likeness > 1),TXFYYWHRTDECTR,DWTTZBARDOXEAM,0.6938775510204082,+O-C2H6,-14.052035571999966
public NP-like (NP-likeness > 1),SDHTXBWLVGWJFT,DJQLJZNVICMJRV,0.75,-C2H2O,-42.010564683999974
public NP-like (NP-likeness > 1),BQHHNAPTXQOPBW,YFNNJORBJZUGCV,0.8225806451612904,-CH2,-14.015650063999942
public NP-like (NP-likeness > 1),GADFHZPEJJBGDD,YELPHMDBAUJJNL,0.6428571428571429,isomer (0),0.0
public NP-like (NP-likeness > 1),PQPAYBPDPYMRTB,LEVMNHLHYZGSGF,0.8518518518518519,isomer (0),5.684341886080802e-14
public NP-like (NP-likeness > 1),XVGSSIIVSMRLJD,DJVOKHFQPGWUPK,1.0,-C3H6,-42.046950192000054
public NP-like (NP-likeness > 1),CKGKQISENBKOCA,BPSJMBKZSUTYNF,0.8545454545454545,+CH2,14.015650063999999
public NP-like (NP-likeness > 1),WWVZJFILZLMLSF,PDVBXFORJHQVEI,0.8095238095238095,isomer (0),-5.684341886080802e-14
public NP-like (NP-likeness > 1),XWURGJGPOGIPKF,VBLSUHULGVPDCL,0.7878787878787878,+O2S-CH2,49.94625017599998
public NP-like (NP-likeness > 1),YRQNFHSTTZXQBU,NRVMCZSNPIHCNL,0.5104166666666666,+C6O-H2,85.97926455600009
public NP-like (NP-likeness > 1),WCRMVPMXNNIFLL,VUGWMUHXJGIMLL,0.9666666666666667,+CH2,14.015650064000056
public NP-like (NP-likeness > 1),LBRPLJCNRZUXLS,ODQBQUXGRYBRTP,0.8205128205128205,+H2-O,-13.979264555999976
public NP-like (NP-likeness > 1),LQZXAHKUYJVAAR,ACQRUPZAAPLQQP,0.4318181818181818,+CH2O,30.010564684000002
public NP-like (NP-likeness > 1),FANMRWOIBYPWGA,LDUWZDLQTJPRSA,0.855072463768116,-O,-15.994914619999975
public NP-like (NP-likeness > 1),FQFSPHHVEQZCED,GKEMOLJYROWHLA,0.7142857142857143,isomer (0),0.0
public NP-like (NP-likeness > 1),FDUWFDBIIRTIQH,YKFXSYSRTPPQBX,0.684931506849315,+C5H7O-N,69.04661584399992
public NP-like (NP-likeness > 1),HCEPYGIKCDFDPJ,QJPCKAJTLHDNCS,0.6984126984126984,+NO3-H,60.97999282799998
public NP-like (NP-likeness > 1),JSLBEJMNMZJONS,RGTSAUBIQAKKLC,0.509090909090909,+C6H6O4,142.02660867199995
public NP-like (NP-likeness > 1),TXQLFMCRDJSJDN,GZYPWOGIYAIIPV,0.797752808988764,+O-H2,13.97926455600009
public NP-like (NP-likeness > 1),HOFKXXHAUVGETP,SNFRINMTRPQQLE,1.0,+C2H4,28.031300127999998
public NP-like (NP-likeness > 1),FMTRVMMVJVNHSF,QQYQHZUMKAJTAA,0.5636363636363636,isomer (0),0.0
public NP-like (NP-likeness > 1),VJOBNGRIBLNUKN,HGXBRUKMWQGOIE,0.8823529411764706,+CH2O,30.01056468400003
public NP-like (NP-likeness > 1),WLOOBJLYQORGRV,BIVGPKIBTGZJJH,1.0,+C4H8,56.062600255999996
public NP-like (NP-likeness > 1),VCBNPTWPJQLHQN,JIEVJXRUYDZFTD,0.6805555555555556,+O,15.994914619999975
public NP-like (NP-likeness > 1),VDPBOXNUGJUIBV,SLPZRZRPLQECGV,0.8,+CH2,14.015650063999999
public NP-like (NP-likeness > 1),QRMLGBWNPDNAHQ,ZFYHVMQCJIKTLP,0.7777777777777778,+C8H8,104.062600256
public NP-like (NP-likeness > 1),PQYVRRVQCPEOQO,PNDHOFUBQJRZDL,0.5882352941176471,+O,15.994914619999975
public NP-like (NP-likeness > 1),OWJQWPJHYPGVFC,UJJUTTYKTJCHGB,0.9117647058823529,-CH2,-14.015650063999942
public NP-like (NP-likeness > 1),QUEHGNMGJUAATG,KHLRCNXJXSYNCK,0.8688524590163934,+O,15.994914620000031
public NP-like (NP-likeness > 1),WJVJJQWZSIYMIV,BROOMPUVDPTGEG,1.0,+H2,2.0156500640001696
public NP-like (NP-likeness > 1),RBEJCQPPFCKTRZ,WWUZIQQURGPMPG,1.0,-CH2,-14.015650063999999
public NP-like (NP-likeness > 1),CBIDRCWHNCKSTO,GVVPGTZRZFNKDS,0.71875,-C5H8,-68.06260025599991
public NP-like (NP-likeness > 1),VPZJYBYUQWBRKZ,DRHZNTAKNLCGTI,0.9428571428571428,+CH2,14.015650063999999
public NP-like (NP-likeness > 1),ALWYOLKNLLFCAY,IKFAUGXNBOBQDM,0.8048780487804879,-O,-15.994914619999975
public NP-like (NP-likeness > 1),REFJKOQDWJELKE,NAACPBBQTFFYQB,1.0,+C2H4,28.031300127999998
public NP-like (NP-likeness > 1),PHOQVHQSTUBQQK,CUOKHACJLGPRHD,0.8695652173913043,+CH2O,30.010564684000002
public NP-like (NP-likeness > 1),JOIWQICOBJLMOP,YKBRODKARMTLPL,0.890625,isomer (0),0.0
public NP-like (NP-likeness > 1),LWVPFGSPIYKNJE,UTTLUAQBFYOVMO,0.7454545454545455,+C4H6,54.04695019199994
public NP-like (NP-likeness > 1),GJTBSTBJLVYKAU,DRTQHJPVMGBUCF,0.7560975609756098,+S-O,15.977156379999997
public NP-like (NP-likeness > 1),PQYGYHLZQFYDNW,UCOVMGBBISDRGO,0.9833333333333333,-H2,-2.0156500639998285
public NP-like (NP-likeness > 1),FFVRRQMGGGTQRH,NGXHJEBLMJISCN,0.6825396825396826,-CH2,-14.015650063999999
public NP-like (NP-likeness > 1),HXCGUCZXPFBNRD,QZUDEXAHKXCIDG,0.696969696969697,-O,-15.994914619999975
public NP-like (NP-likeness > 1),ZPRHCDZDUFZRGH,JGGWNGRBXJWAOC,0.59375,+H2O,18.010564683999974
public NP-like (NP-likeness > 1),LTGOIJNQWZWJRF,BSOMSDFTZKNUHY,0.8260869565217391,isomer (0),0.0
public NP-like (NP-likeness > 1),QBWLTQZEVUXXSR,NLVFBUXFDBBNBW,0.7045454545454546,-C6H11NO4,-161.068807832
public NP-like (NP-likeness > 1),RMZVGXZIOZSDGN,FQWPRMRWVYNNSY,0.7317073170731707,+CH2,14.015650064000056
public NP-like (NP-likeness > 1),AERBNCYCJBRYDG,UQAUXYMLKGFKBX,1.0,-C2H4,-28.031300127999998
public NP-like (NP-likeness > 1),GVVXPMORGFYVOO,KYVJVURXKAZJRK,0.8888888888888888,+CH2,14.015650063999999
public NP-like (NP-likeness > 1),QJVXKWHHAMZTBY,ZCKITOSCNKNMMO,0.875,-C6H10O5,-162.05282341999987
public NP-like (NP-likeness > 1),HQXWKSVFEKDLCQ,LIKZLPDRPKZGSV,1.0,-C6H8,-80.062600256
public NP-like (NP-likeness > 1),VQADGGHNXABKOV,CBEFWCLRPKIYCH,1.0,+CH2,14.015650064000056
public NP-like (NP-likeness > 1),YHJDRJVMBSUEDI,AFDANKUHSLVEBJ,0.7142857142857143,+H2-O,-13.97926455600009
public NP-like (NP-likeness > 1),WRORLIOCZYCPIJ,QZDFJRZZGKPADY,0.9393939393939394,isomer (0),0.0
public NP-like (NP-likeness > 1),QXCPNGJHGBVFLO,MWVFGYPPRNCTAB,0.7368421052631579,+CH2,14.015650063999999
public NP-like (NP-likeness > 1),QVFXRBNOPIKNDS,ALGGAOOTBDHKDR,1.0,-C3H8,-44.062600255999996
public NP-like (NP-likeness > 1),DGKDFNDHPXVXHW,DEFIJGJJJKEYGS,0.7317073170731707,-CH2,-14.015650063999999
public NP-like (NP-likeness > 1),OMKVGSLPVPTEPX,UGHWMZHGHIADIT,0.7323943661971831,+C11H18-O,134.14593595599996
public NP-like (NP-likeness > 1),QPRODDKTRBCFPV,HPNSFSBZBAHARI,0.7368421052631579,+C3H6,42.04695019199994
public NP-like (NP-likeness > 1),IYCYEZLMOLRFAN,CBEFWCLRPKIYCH,1.0,-C4H8,-56.062600255999996
public NP-like (NP-likeness > 1),JFTUBAXWPXSZEH,LREHNMAHTSUHBC,0.855072463768116,-C2H4,-28.031300128000055
public NP-like (NP-likeness > 1),PURTYNPVRFEUEN,HYXITZLLTYIPOF,0.58,-H2,-2.015650063999999
public NP-like (NP-likeness > 1),ZMDOPLQSOGZPJN,BJJCTXDEJUWVIC,0.8787878787878788,+O,15.994914620000031
public NP-like (NP-likeness > 1),MWDABDKVLIBAJW,OMPRZFXUGLWTCH,0.5490196078431373,+C13H19O4-N,225.12526008799978
public NP-like (NP-likeness > 1),CVKLZCJJHAKETK,YUVRNJMVVICARN,0.5483870967741935,+CH4,16.031300127999998
public NP-like (NP-likeness > 1),UFLYYPBSJUQZFA,CZFMBNIKGDJPJQ,0.8305084745762712,-C2H2O,-42.01056468400009
public NP-like (NP-likeness > 1),OBNRWQPNADGIGY,ARSRHYUCIPAFEB,1.0,+C3H6,42.046950192000054
public NP-like (NP-likeness > 1),ITRZPVJVHBPDPA,PGPCDGYBAWZHBZ,0.847457627118644,-C2H2O,-42.01056468400009
public NP-like (NP-likeness > 1),LYRBFJCNZKRZPT,PXWJNFJRUYWQOX,0.717391304347826,isomer (0),0.0
public NP-like (NP-likeness > 1),HVBQZYOWNDKXFI,DCFDRCCHOOORSB,0.4583333333333333,+O,15.994914620000003
public NP-like (NP-likeness > 1),IWARIVJLIISIED,XEVFXAFXZZYFSX,0.4,+H2O,18.010564684000002
public NP-like (NP-likeness > 1),CDTMPWYDQKWYFT,ROWFSYNHZPRCKO,0.6805555555555556,+O-C2,-8.005085379999912
public NP-like (NP-likeness > 1),PFNAVYFFMOSXBF,PIPLXVIFZOBYQK,0.8955223880597015,isomer (0),1.1368683772161603e-13
public NP-like (NP-likeness > 1),UPADPCUOTDTWHH,QMNWISYXSJWHRY,0.8375,-O,-15.994914620000031
public NP-like (NP-likeness > 1),KUVIULQEHSCUHY,OHYGPBKGZGRQKT,0.8507462686567164,+C3H4O,56.02621474799997
public NP-like (NP-likeness > 1),RAWKPPYEDRPKSN,JIBPWVNMGYCBSG,0.6071428571428571,+CH4-O,0.03638550799996665
public NP-like (NP-likeness > 1),DLRVVLDZNNYCBX,DFKPJBWUFOESDV,1.0,-C12H20O10,-324.10564683999996
public NP-like (NP-likeness > 1),UJZQBMQZMKFSRV,SNKFFCBZYFGCQN,0.8852459016393442,-C9H8O4,-180.04225873600012
public NP-like (NP-likeness > 1),DJYDCIUMNXZSBH,WSFGUSJVLMZWTL,0.9571428571428572,-CH2,-14.015650063999828
public NP-like (NP-likeness > 1),ZSYPDXOLYNZQGO,KXUJXPZXILTXDA,0.8584905660377359,-CH2,-14.015650063999942
public NP-like (NP-likeness > 1),OOQUCJPSNWQKFG,RBQNDQOKFICJGL,0.375,-C6H12O3,-132.07864424399995
public NP-like (NP-likeness > 1),UCRVYUGOFYNFFW,CVDYOYNJWLXMAW,1.0,-C6H8,-80.062600256
public NP-like (NP-likeness > 1),DQWYLIVULYTBHC,RDKDIPDDUFMMMT,0.6363636363636364,+C15H12O3,240.07864424399995
public NP-like (NP-likeness > 1),MZTXBESCVZFFQE,JFJZZMVDLULRGK,0.8831168831168831,isomer (0),0.0
public NP-like (NP-likeness > 1),VKLCFLBMMDKXSY,IPNAILVSFNZODM,1.0,+C2H2,26.015650064000056
public NP-like (NP-likeness > 1),PIAXDAXOVTXGKQ,CTTJYXLTAUNDCV,0.8727272727272727,+O-CH2,1.9792645560000324
public NP-like (NP-likeness > 1),CBOKZNLSFMZJJA,UTQUILVPBZEHTK,0.6136363636363636,-HN,-15.010899031999998
public NP-like (NP-likeness > 1),RPLMLWBOUPDPQF,NGMYNFJANBHLKA,0.859375,-CH2,-14.015650063999999
public NP-like (NP-likeness > 1),WXTNWSNJAHRKRT,ZHHKJHQJBVODGP,0.7959183673469388,+CH4,16.03130012800011
public NP-like (NP-likeness > 1),BHMBVRSPMRCCGG,WNBMQMMGBBWUOZ,0.8035714285714286,-CH2,-14.015650063999999
public NP-like (NP-likeness > 1),YDELUYNKSQLCJK,MSSYPWFHLFBMMP,0.8875,+C6H10O5,162.0528234200002
public NP-like (NP-likeness > 1),GDYSXKGGNCUYFD,BCYVGELNSHVBDS,1.0,+CH2,14.015650063999942
public NP-like (NP-likeness > 1),UKQNIEMKORIOQM,NAEWXXDGBKTIMN,0.8028169014084507,-C2H2O,-42.010564683999974
public NP-like (NP-likeness > 1),PYPKJBUJNZMSTH,DUXQKCCELUKXOE,0.8309859154929577,+O,15.994914619999918
public NP-like (NP-likeness > 1),WACCDLYIHBADOZ,DRLAPUYORJAEHQ,0.7282608695652174,+H2-O2,-29.974179175999893
public NP-like (NP-likeness > 1),ZIJTZBSRQDRWFX,UYWSMPAQBGHDMY,1.0,isomer (0),-3.410605131648481e-13
public NP-like (NP-likeness > 1),RSSKCAKCONQQRX,WCXRIXJQISZGBU,0.6612903225806451,+O2-H2,29.974179176000007
public NP-like (NP-likeness > 1),GYXPHGPELZUVGI,NEJKUCWBWUMARI,0.30952380952380953,+C5H12-O2,40.10407114399993
public NP-like (NP-likeness > 1),REHAMWBRZKUHPN,HBYGJMZNCIGGFN,1.0,isomer (0),0.0
public NP-like (NP-likeness > 1),UGDOFRYHDCDVHD,VPFGUPHJCAHVJV,1.0,+C2H4,28.031300127999998
public NP-like (NP-likeness > 1),MYMGKIQXYXSRIJ,OEEUHNAUMMATJT,0.8636363636363636,-CH2,-14.015650063999999
public NP-like (NP-likeness > 1),YAXTXMBBIHBGPZ,DHYLGBJCEGEBGQ,0.9365079365079365,-C9H8O4,-180.04225873600012
public NP-like (NP-likeness > 1),AHDUXXXZGSWYHF,WCNJVJCYRBJSLC,0.7641509433962265,-CH2O,-30.010564683999974
public NP-like (NP-likeness > 1),OMSIWXSUNPHFMK,XKBHXDANGNWXFJ,0.9206349206349206,+CH2,14.015650063999999
public NP-like (NP-likeness > 1),KEOYKWIOAINZSQ,OBZMXIHZRUNYOT,0.7254901960784313,+H2,2.015650063999999
public NP-like (NP-likeness > 1),HFSJWNXFQYKQNX,HXTFHSYLYXVTHC,0.7183098591549296,isomer (0),0.0
public NP-like (NP-likeness > 1),VFYACENSDOLJGQ,YRARGBWFOYODHQ,0.6666666666666666,-C9H6O,-130.04186481200003
public NP-like (NP-likeness > 1),SUCZWPZZJOWHRI,ADYILQKXUHGAJF,1.0,-CH4,-16.031300127999998
public NP-like (NP-likeness > 1),VYZDIMDXKZARMM,DHKLPUXMRSCSRV,0.9516129032258065,-CH2,-14.015650063999999
public NP-like (NP-likeness > 1),UQCUBQIHIKJPHI,ZMXKPCHQLHYTHY,0.9204545454545454,+C6H10O5,162.0528234200002
public NP-like (NP-likeness > 1),NAICFHAKLVBEQP,ASEUXCQZFFSYEX,1.0,-H4,-4.031300127999998
public NP-like (NP-likeness > 1),DNTCXDVSHGJREC,PHCDSYJVDWIQSN,0.5714285714285714,+H2-O,-13.979264555999976
public NP-like (NP-likeness > 1),OHEFFKYYKJVVOX,QMVPMAAFGQKVCJ,0.56,-C2H4,-28.031300127999998
public NP-like (NP-likeness > 1),HVKIUKVJXSEKRE,DWDCDAGOFZUJJG,1.0,-C2H4,-28.031300127999998
public NP-like (NP-likeness > 1),KMZBGEVCOYIAFI,DNHODRZUCGXYKU,0.725,+O-C7H3N,-85.03163447599997
public NP-like (NP-likeness > 1),YIWJEBPTHXRHQF,VEUSFNFVJMHWIB,0.2716049382716049,+H5N3-C3O2,-20.9414820799999
public NP-like (NP-likeness > 1),AWWUJFLMKZWRNF,DJYDCIUMNXZSBH,0.875,+CH2-O,-1.9792645560000892
public NP-like (NP-likeness > 1),CJLZGUJUXDRHJQ,MFDHSRQWKNAICJ,0.7936507936507936,+O,15.994914619999918
public NP-like (NP-likeness > 1),IYHWKRXDFQXPNB,RRXYWDWVBOGRJV,0.8428571428571429,-CH2,-14.015650064000056
public NP-like (NP-likeness > 1),LVRAKYNQYKVPIK,BNSKYFUGMLMCLM,0.8125,-C2H4,-28.031300127999998
public NP-like (NP-likeness > 1),CBQYNPHHHJTCJS,HOYXPMHLHJOGHD,0.6756756756756757,+O-C11H12N2,-156.10513376400004
public NP-like (NP-likeness > 1),VKHFOCVOULCSMM,ZUSTWAAFJCAWEF,0.9571428571428572,-C9H6O,-130.04186481200009
public NP-like (NP-likeness > 1),QYCVLCCQAORDAF,BZQDHZDSIXPDSS,0.8524590163934426,-CO,-27.994914619999975
public NP-like (NP-likeness > 1),SOPVQGCZAWJHCX,IKONEAPXVKTZFF,0.8611111111111112,+C6H10O5,162.0528234200001
public NP-like (NP-likeness > 1),RXPRRQLKFXBCSJ,QMSXPSURJTUZMP,0.7936507936507936,-CH2O,-30.010564683999974
public NP-like (NP-likeness > 1),IWJBVMJWSPZNJH,OMPRZFXUGLWTCH,0.5789473684210527,-C4H9N,-71.07349928800002
public NP-like (NP-likeness > 1),DDVBPZROPPMBLW,NSHPHXHGRHSMIK,0.8833333333333333,+C2H2,26.015650063999885
public NP-like (NP-likeness > 1),MTARGWPMLJBYNG,YLAZAOODGHUDSX,0.8068181818181818,+CO2,43.98982924000006
public NP-like (NP-likeness > 1),OIMUSOLEDHKDCV,BSTJXYXEZBMPBY,0.85,+C6H10O5,162.0528234200001
public NP-like (NP-likeness > 1),YFXWTVLDSKSYLW,PCMORTLOPMLEFB,0.8666666666666667,-CH2,-14.015650063999999
public NP-like (NP-likeness > 1),KJCQZBUNNXWJCE,CSVKKCKGHNZGOJ,0.64,+C17H17NO2,267.1259287839998
public NP-like (NP-likeness > 1),GJBSAYPRUKSXAR,KWHPFAMCGQHLRB,0.7327586206896551,isomer (0),0.0
public NP-like (NP-likeness > 1),AEDDIBAIWPIIBD,INBSFHNHCNZEOY,0.8076923076923077,-CH2,-14.015650063999999
public NP-like (NP-likeness > 1),UYXWCWJRGWWTGU,KGNAXTMQQANFON,0.8695652173913043,-C2H2O2,-58.005479304000005
public NP-like (NP-likeness > 1),SNQCCKFNXBCPOZ,MBAOSEQQZPCFIF,0.9428571428571428,isomer (0),1.1368683772161603e-13
public NP-like (NP-likeness > 1),IDBHHLONPONREV,CVDYOYNJWLXMAW,1.0,-C2H4,-28.03130012800011
public NP-like (NP-likeness > 1),XUMPSBPCFSDVSE,IHJZMOGSKONRAO,1.0,-CH2,-14.01565006400017
public NP-like (NP-likeness > 1),POVCYOFRCMBMKD,VRODWQGSCHPDJK,0.5483870967741935,+C9H8O3,164.04734411599992
public NP-like (NP-likeness > 1),IKGGKEHQKVOYJR,UNBRXACGGHQEKI,0.8552631578947368,+C2H3NO,57.02146371600003
public NP-like (NP-likeness > 1),BNOWPELKBYSHKU,OZESVNMBZAEFCX,0.8444444444444444,+CH2-O,-1.9792645559999755
public NP-like (NP-likeness > 1),DXPCTUYMFKRNDP,GRFUYWHWRUDCAX,0.8225806451612904,+C3H6,42.04695019199994
public NP-like (NP-likeness > 1),BQPPJGMMIYJVBR,FIWGZIBLJWZUEA,0.8387096774193549,+H2-O2,-29.97417917599995
public NP-like (NP-likeness > 1),ZABLWELDJRVJMV,CLFWVKULSPYAGO,0.8857142857142857,-H2,-2.015650063999942
public NP-like (NP-likeness > 1),DUUAJBLQYFHGIZ,BBJQPKLGPMQWBU,0.6511627906976745,+C8H8O3,152.04734411599986
public NP-like (NP-likeness > 1),LBOJYSIDWZQNJS,QRWRJDVVXAXGBT,0.34210526315789475,+C7H4,88.031300128
public NP-like (NP-likeness > 1),GYHFUZHODSMOHU,FXHGMKSSBGDXIY,1.0,+C2H4,28.031300127999998
public NP-like (NP-likeness > 1),IODRIDVGYTVLNW,BFXYQHFOVCNDPP,0.8974358974358975,-C2H4,-28.03130012799994
public NP-like (NP-likeness > 1),WWNWMZIUAQDDRB,DQOWHTFHFLRPDX,0.863013698630137,+CH2,14.015650063999942
public NP-like (NP-likeness > 1),FCSKUNOKIVAIKK,ABJOCPBDVGJFLG,0.864406779661017,-O,-15.994914619999975
public NP-like (NP-likeness > 1),GMNYNAYQGOVZKZ,GIEIKQLTPYMKIQ,1.0,-CH2,-14.015650063999942
public NP-like (NP-likeness > 1),ZHFZGAOJIJPWPT,NHHGGMFSLITSLS,0.803030303030303,-CH6,-18.046950191999997
public NP-like (NP-likeness > 1),TXHIKMJVCGFGEN,DQZNDNIXLDKQPK,0.8507462686567164,+C2H3NO,57.02146371599997
public NP-like (NP-likeness > 1),JEUPIUXPPKVVFU,LHVGQZCOYHEZPD,0.8260869565217391,+C2H4-O,12.036385508000023
public NP-like (NP-likeness > 1),UKNSBNVKSFTZOJ,XJSFLOJWULLJQS,0.8446601941747572,isomer (0),0.0
public NP-like (NP-likeness > 1),RTQHATRETCCPBK,HCQKFFRPUBOYIR,1.0,-CH2,-14.015650063999942
public NP-like (NP-likeness > 1),PYWZXKKFHNJUIQ,ZJSJQWDXAYNLNS,0.7636363636363637,+C4H4O2,84.02112936800006
public NP-like (NP-likeness > 1),MTTUVGLGBORPBI,OFGYEWSOWYMHFE,0.6621621621621622,-C6H8O6,-176.03208797599996
public NP-like (NP-likeness > 1),CFCUWKMKBJTWLW,GRZRQKSQIMICPO,0.945054945054945,-CH2,-14.015650063999828
public NP-like (NP-likeness > 1),KUTVEHNZHKAAAO,DDUHZTYCFQRHIY,0.78,-CH2,-14.015650063999999
public NP-like (NP-likeness > 1),MRQHSVZGPFMNOJ,AUNLIRXIJAVBNM,0.345679012345679,+C3H4O3,88.01604398799998
public NP-like (NP-likeness > 1),IUVZTUKGYOYDHT,UHNRJNAOOCIDDJ,0.5689655172413793,+H4,4.031300127999998
public NP-like (NP-likeness > 1),BFGFYXOPWVDGEO,CUAPZCXPJZDCGI,0.8309859154929577,+O,15.994914619999975
public NP-like (NP-likeness > 1),JNSBDIVSJHFHJO,BAFDHDWTEIAMLP,1.0,+C2H4,28.031300127999998
public NP-like (NP-likeness > 1),PQSAFBMHZQVURO,AJKBMYHBOAUKCD,0.7887323943661971,-O,-15.994914619999975
public NP-like (NP-likeness > 1),AZYVCLJYWIHOAD,NFNSSVSQSNJVCR,0.5208333333333334,-C5H2O,-78.01056468399997
public NP-like (NP-likeness > 1),GZLIPAFSJXROEC,AOUZZRQCLQLQIF,0.417910447761194,+C3H8,44.062600255999996
public NP-like (NP-likeness > 1),MQQDRFOUTXNQDT,NNFHBBNIGYWXAS,0.7857142857142857,+CH2,14.015650063999999
public NP-like (NP-likeness > 1),RFUSYMXYRAILPB,FCIKYGUVHWZSJV,0.8444444444444444,+CH2,14.015650063999999
public NP-like (NP-likeness > 1),XJMPAUZQVRGFRE,HPWWQPXTUDMRBI,0.8035714285714286,+CH2,14.015650063999999
public NP-like (NP-likeness > 1),VDWHRQAMYBWHGO,CZIBJLCOBSDECU,1.0,+C2H4,28.031300127999998
public NP-like (NP-likeness > 1),VGVNNMLKTSWBAR,KFBCTNNQFGONHB,0.717948717948718,-CH2,-14.015650063999999
public NP-like (NP-likeness > 1),BPHPUYQFMNQIOC,UOEFDXYUEPHESS,0.4857142857142857,+S-O,15.977156379999997
public NP-like (NP-likeness > 1),CEVXIEGSMSMJTM,RCLFRVZNHRFQGE,0.9024390243902439,+Cl-CH3,19.94537758399997
public NP-like (NP-likeness > 1),OZHASAWJXLJEOO,BBJQPKLGPMQWBU,1.0,+C7H14,98.10955044799994
public NP-like (NP-likeness > 1),ASIRITNRAILXRG,FOWFVCFBJRHNKI,0.9824561403508771,-C3H6,-42.046950192000054
public NP-like (NP-likeness > 1),ZLJLTEFXNVCIOB,VHSYUZHRIKAAHO,0.890625,+CH2-O,-1.9792645560000324
public NP-like (NP-likeness > 1),IARJZZVJIKYGEC,MUAYMBQLXCHBMD,0.7868852459016393,isomer (0),0.0
public NP-like (NP-likeness > 1),YJSXHUXXMDAOCE,SVCPILBFQWTZFW,0.8275862068965517,+CH2,14.015650063999999
public NP-like (NP-likeness > 1),SGFHBGFMOSYSBL,CIMMACURCPXICP,0.8,+H2-O,-13.979264555999976
public NP-like (NP-likeness > 1),HTOUYFDKEMOIHG,GYAHIBHXBPHEQP,0.8955223880597015,+HN-O,-0.9840155880000339
public NP-like (NP-likeness > 1),YLOJOYVVROBKHA,PNJUPRNTSWJWAX,0.7647058823529411,isomer (0),0.0
public NP-like (NP-likeness > 1),YWLAQSLUIQTZON,IILJSEXGGMGEMF,0.627906976744186,isomer (0),0.0
public NP-like (NP-likeness > 1),OOUTWVMJGMVRQF,MQZIGYBFDRPAKN,0.8222222222222222,-O,-15.994914619999918
public NP-like (NP-likeness > 1),HLIGTICNBKYEOH,HJRJHCRVZOCICT,0.8378378378378378,+H-Cl,-33.96102764799991
public NP-like (NP-likeness > 1),ZQDCMFHXUJCDNU,LGQHZIVHROPSOF,0.6938775510204082,-C2H2O,-42.01056468400003
public NP-like (NP-likeness > 1),MVQWVHQPSQQQMG,XKPKZYBIODQBDG,0.8301886792452831,+HN-O,-0.984015587999977
public NP-like (NP-likeness > 1),PRJQXNQTFGFDPE,FSUTZKMEZYBBSR,0.75,+H2-C2,-21.984349936000058
public NP-like (NP-likeness > 1),YWMBNLBPYJYPEV,KUISKGGPXVDCRB,0.8695652173913043,-O,-15.994914620000031
public NP-like (NP-likeness > 1),WICNPCRKACZOEK,BYXJYWMXMPIQJA,0.6785714285714286,+O-S,-15.977156379999997
public NP-like (NP-likeness > 1),RVQJVYPWIAZBHF,ZGQQEJUGWPCCHA,0.5853658536585366,isomer (0),0.0
public NP-like (NP-likeness > 1),QXRUNNQSVHTDBO,WWSNSDWQADMAJB,0.5714285714285714,+C4H4O,68.02621474800003
public NP-like (NP-likeness > 1),YWNMTSVBRVQWPE,FWZFLNODDOFQDC,0.9506172839506173,+C5H2,62.01565006400017
public NP-like (NP-likeness > 1),WXEMIUUVXLHHMS,OFBGMBJYHCBISP,0.6216216216216216,isomer (0),0.0
public NP-like (NP-likeness > 1),FCSHDIVRCWTZOX,UREBDLICKHMUKA,0.847457627118644,+Cl-HO,17.966113027999995
public NP-like (NP-likeness > 1),YCKCPTUHNQBTBZ,ICYUEMSNVJJVHR,1.0,+C8H12,108.093900384
public NP-like (NP-likeness > 1),ZWJHYXGJARDHPR,UJRQFLBBBCLATN,0.4634146341463415,isomer (0),0.0
public NP-like (NP-likeness > 1),AAHSTEUFCXJGIV,MVCCWTMPDBIKCJ,0.75,+C4H6O2,86.03677943199995
public NP-like (NP-likeness > 1),SNNXYIMWPREPGT,CFSJXXATVOCMRM,0.9436619718309859,+CH4,16.031300127999884
public NP-like (NP-likeness > 1),WEPBGSIAWZTEJR,LUJAXSNNYBCFEE,0.8372093023255814,-CH2,-14.015650063999999
public NP-like (NP-likeness > 1),CGSGRJNIABXQJQ,HOFKXXHAUVGETP,0.45,+C3O2-H8,59.92722898399995
public NP-like (NP-likeness > 1),MHOOPNKRBMHHEC,LFRFNLMDZHTVHB,0.3939393939393939,-H2,-2.015650063999999
public NP-like (NP-likeness > 1),WCLMJHDTXZRTBL,VWRUWTSNVZGSJZ,0.95,-CH2,-14.015650063999999
public NP-like (NP-likeness > 1),UEVWVMGTABEFID,ZVFMDVFPBVFGPG,0.6153846153846154,+O-H2,13.979264555999976
public NP-like (NP-likeness > 1),WFQSRMGNWWKDMQ,UKQNIEMKORIOQM,0.6233766233766234,+C2H2,26.015650064
public NP-like (NP-likeness > 1),IAWTWHSGLMCXSV,FBSKJMQYURKNSU,0.5517241379310345,-O,-15.994914620000031
public NP-like (NP-likeness > 1),HTAGIZQYGRLQQX,DBPGJIUVRZHFCM,0.7454545454545455,-CH4,-16.031300127999998
public NP-like (NP-likeness > 1),SBNYIBUYPAIQOI,IBYJYYWXLNYMJG,0.5416666666666666,-S,-31.972071000000028
public NP-like (NP-likeness > 1),YLHOHANRUSKHKO,YFIMUDXPJZVJJO,0.6818181818181818,+O,15.994914620000003
public NP-like (NP-likeness > 1),JRKNTCDSHHKHTC,YYVQUICPKXVRBX,0.6865671641791045,isomer (0),0.0
public NP-like (NP-likeness > 1),XTLROSDJDZHIIK,JVBLTQQBEQQLEV,0.55,+C,12.0
public NP-like (NP-likeness > 1),YKOPWPOFWMYZJZ,MQUFAARYGOUYEV,0.7894736842105263,+H2-O,-13.979264555999976
public NP-like (NP-likeness > 1),GQUUYRBGRSKWNI,SZVZHAIFWPRDNE,0.9770114942528736,-H2,-2.015650064000056
public NP-like (NP-likeness > 1),CRYJONMQBOHMKJ,DYPHHCMHRAPUBW,1.0,-CH2,-14.015650064000283
public NP-like (NP-likeness > 1),ZNFLWFXFHVQUPK,QZBUWPVZSXDWSB,0.47058823529411764,+O,15.994914620000031
public NP-like (NP-likeness > 1),BMYRBNMVIYYGDC,BCUDKRWNGQAFLF,0.6195652173913043,-C6H12O,-100.08881500400003
public NP-like (NP-likeness > 1),GNKJLXYQPYYQMV,LVQBLLULWRNWMD,1.0,-C5H10,-70.07825032000005
public NP-like (NP-likeness > 1),NPSYWDNXSMBWKP,SBGBAZQAEOWGFT,0.6190476190476191,+C6H10O5,162.05282341999998
public NP-like (NP-likeness > 1),KSTYMLVNGKKHNY,QYOAOUSBEQVWNW,0.6986301369863014,isomer (0),5.684341886080802e-14
public NP-like (NP-likeness > 1),ANIBHSNBWPRKSB,JZSJIASBMOIIKI,0.45454545454545453,+O-C2H4,-12.036385507999967
public NP-like (NP-likeness > 1),XYXCXCJKZRDVPU,UNXHWFMMPAWVPI,0.5625,+C2H4-O,12.036385507999995
public NP-like (NP-likeness > 1),CXFIQFGADOTDPF,GEZHEQNLKAOMCA,0.6236559139784946,+H4,4.031300127999998
public NP-like (NP-likeness > 1),FKSKEDMMIABZDO,LWWSWIBYUNXFDC,0.9215686274509803,-C2H4,-28.03130012799994
public NP-like (NP-likeness > 1),XUSYGBPHQBWGAD,UXVPWKDITRJELA,0.6481481481481481,-O,-15.994914619999975
public NP-like (NP-likeness > 1),JVVKJSDPBBFAFW,RCAATINEXHTIMH,0.7464788732394366,+C2HN,39.010899032
public NP-like (NP-likeness > 1),VZGJAVFCUBLIJF,OSJGZCUHTGTJHT,0.6333333333333333,+C2H2,26.015650064
public NP-like (NP-likeness > 1),MKQCLTNEQAMHGK,BTPYUWOBZFGKAI,0.6794871794871795,isomer (0),1.1368683772161603e-13
public NP-like (NP-likeness > 1),HAQWEMHXSIRYBE,CHBBSMUTOCUVDW,0.6666666666666666,-CH2,-14.015650063999999
public NP-like (NP-likeness > 1),STLFVIAKHLLGHJ,FAUWZNGPMHRLMW,0.8648648648648649,+H4-C2,-19.968699872000002
public NP-like (NP-likeness > 1),PKIBDAYAZVBPOP,SDGYFSCQQURQEI,1.0,-C2H4,-28.031300127999998
public NP-like (NP-likeness > 1),JJKRMSNJWCZJGP,PHMGTWLYHMQYHV,0.5238095238095238,isomer (0),0.0
public NP-like (NP-likeness > 1),XZGPUOQGERGURE,SCIGYBYAZUFDLA,0.7971014492753623,isomer (0),5.684341886080802e-14
public NP-like (NP-likeness > 1),OUUKZWTWDZBGOK,KARYHTWUQDCBOX,0.7580645161290323,+C2H2O,42.010564683999974
public NP-like (NP-likeness > 1),WHFFTLHZVRQSLW,WVDLPXKUDQYIEY,0.7551020408163265,+Cl-H,33.96102764799997
public NP-like (NP-likeness > 1),XEHLLUQVSRLWMH,USVMJSALORZVDV,0.9795918367346939,+CH2O,30.010564683999974
public NP-like (NP-likeness > 1),KYXFGKLZVUDIIX,SBAYNGXEDJLMOG,0.8627450980392157,-C14H10O4,-242.05790880000012
public NP-like (NP-likeness > 1),JPZSMTLLPKKQRD,RUTFSUOGFWWRBL,0.4473684210526316,+O-HN,0.9840155880000054
public NP-like (NP-likeness > 1),KVQPGLSKXFCECP,RGSNOKYUCCOMPF,0.8732394366197183,-C2H3NO,-57.02146371599997
public NP-like (NP-likeness > 1),AMSBRQDLADKBGS,QGQUHXSBTSDAML,0.6785714285714286,+CH2,14.015650063999999
public NP-like (NP-likeness > 1),KWSJFBDBVFTENA,AQKHPUOCDBKELU,0.9846153846153847,-CH2,-14.015650064000056
public NP-like (NP-likeness > 1),HHCRXJSIODUTQN,UXHSAOFTHSNXMK,0.6808510638297872,-C14H10O2,-210.06807956
public NP-like (NP-likeness > 1),BGWGXPAPYGQALX,CBIDVWSRUUODHL,0.9090909090909091,-CH2O,-30.010564683999974
public NP-like (NP-likeness > 1),MSYSWQWADFTBQN,VUSSAOWUDZVBCT,0.859375,+C2H3NO,57.02146371600003
public NP-like (NP-likeness > 1),QCQACYPNQZJHQN,HWXXYEUEWBGOCT,0.6301369863013698,isomer (0),0.0
public NP-like (NP-likeness > 1),VWWMSFMNICMFQB,DYHOLQACRGJEHX,0.75,+CH2,14.015650063999999
public NP-like (NP-likeness > 1),YIMHGPSYDOGBPI,UHBYXZSSQWLZHC,0.7931034482758621,+O2-H2,29.97417917599995
public NP-like (NP-likeness > 1),NYAPVWGUAUDHRY,RWEVZSYWIIZZFV,0.9310344827586207,isomer (0),0.0
public NP-like (NP-likeness > 1),KHLFMZDGADSQGR,NVIPUOMWGQAOIT,0.5714285714285714,-CH2,-14.015650063999999
public NP-like (NP-likeness > 1),VPSFDZRJFSTXCJ,DRHWEOCRWKAERA,0.847457627118644,+O-S,-15.977156379999997
public NP-like (NP-likeness > 1),GLHMCDUCFLISFM,GMDHZGOVGKLMEL,1.0,-C2H4,-28.031300127999998
public NP-like (NP-likeness > 1),AUIZGPACEOONNJ,YLTAOPHKOVTPHH,0.7070707070707071,-O,-15.994914620000031
public NP-like (NP-likeness > 1),LPEAVAOTAWKUPC,WUQMVSOZWZOUJR,0.5625,-H2,-2.015650063999942
public NP-like (NP-likeness > 1),PLKFSXFJGNZAER,QUGMSTJBNZWXQS,0.7741935483870968,+C3H4,40.031300128000055
public NP-like (NP-likeness > 1),VPAOSFFTKWUGAD,WNBCMONIPIJTSB,0.7291666666666666,-O,-15.994914619999975
public NP-like (NP-likeness > 1),KUXSGUYVCYSMOI,KSUJXBNDNJMMKK,1.0,-C,-12.0
public NP-like (NP-likeness > 1),UAJAQPZLMWHBIO,BIQYZMBNECFLHT,1.0,+C2H2,26.015650063999942
public NP-like (NP-likeness > 1),MLWDGPFGTFOLRJ,RPMNUQRUHXIGHK,0.8939393939393939,+CH2,14.015650063999942
public NP-like (NP-likeness > 1),GLZPCOQZEFWAFX,CRDAMVZIKSXKFV,0.95,-C5H8,-68.062600256
public NP-like (NP-likeness > 1),ZPYNTPRXBMQKRR,LPXLOPOQEBMATM,0.8428571428571429,+C2,24.0
public NP-like (NP-likeness > 1),FTPHYXGWMIZVMP,JMUOPRSXUVOHFE,0.8269230769230769,+CH2,14.015650063999999
public NP-like (NP-likeness > 1),SDYXBXRRAKGOCG,WUHLDGKUYJARLK,1.0,isomer (0),2.2737367544323206e-13
public NP-like (NP-likeness > 1),UXOJELXNKQYYOV,XTPPJCGNCIQOEN,0.8584905660377359,+O-CH2,1.9792645559999755
public NP-like (NP-likeness > 1),UUPCVEZRKOQLAH,NBXXBNKMLQTMIN,0.4225352112676056,-C3H6N2O2,-102.04292743199989
public NP-like (NP-likeness > 1),MRBLTWPEPGRXQN,FIOZUJXSEZUYCS,0.6842105263157895,-C5H8O,-84.05751487600003
public NP-like (NP-likeness > 1),RNBWRFZNCWJHTP,QEGOWNSVJFDCJK,0.7142857142857143,-H2,-2.015650063999942
public NP-like (NP-likeness > 1),RNZRHJNFQWMXHB,ZMTYENXGROJCEA,0.746031746031746,-O,-15.994914619999975
public NP-like (NP-likeness > 1),PLDQTYPCIIJCCN,RYKNDFQXVHJVGZ,0.8979591836734694,-CH2,-14.015650064000056
public NP-like (NP-likeness > 1),UFSWSUDHMDHJFS,XVIRNAGLCSPVGN,0.90625,+CH2-O,-1.9792645560000892
public NP-like (NP-likeness > 1),BBKABLKRAVQMPE,UHIGZYLCYRQESL,0.8620689655172413,isomer (0),0.0
public NP-like (NP-likeness > 1),QQDABXSQXJXVOM,IJMXFBHJNXUVLI,0.8181818181818182,-O2,-31.989829240000063
public NP-like (NP-likeness > 1),REIZDYUGEPBIJP,XVPVVWNZAJAPLF,0.7604166666666666,+H2O,18.010564683999974
public NP-like (NP-likeness > 1),ABJOCPBDVGJFLG,FCSKUNOKIVAIKK,0.864406779661017,+O,15.994914619999975
public NP-like (NP-likeness > 1),DVESSCHJOGWWRV,BLRFSIIHFKZEDN,1.0,+C2H4,28.031300127999998
public NP-like (NP-likeness > 1),OEHYQHPDUCRLMW,BPJPBLZKOVIJQD,0.8088235294117647,+C2H2O,42.01056468400009
public NP-like (NP-likeness > 1),MRCZDNIYJMMBIJ,CFYLSUZUMMPFNC,1.0,-C5H10,-70.07825031999994
public NP-like (NP-likeness > 1),KFIKXYBWGMDXOP,XFVLNEYIZGZDHP,0.5531914893617021,+H2O,18.010564684000002
public NP-like (NP-likeness > 1),IINDQALFBNRRJE,KOPJPWSRYZRWPD,0.8450704225352113,-C2H2O,-42.01056468400009
public NP-like (NP-likeness > 1),NXAQGVNJNZDCNZ,RZRNAYUHWVFMIP,1.0,-CH2,-14.015650063999999
public NP-like (NP-likeness > 1),KZXDKUWSAVUSKI,WBPYTXDJUQJLPQ,0.6814159292035398,isomer (0),-1.1368683772161603e-13
public NP-like (NP-likeness > 1),WFZBWTDOIKVXAL,VWTYFTOFETYUSG,0.855072463768116,-C2H3NO,-57.02146371599997
public NP-like (NP-likeness > 1),RETRVWFVEFCGOK,RDYZHQQZLIBKBP,0.6792452830188679,isomer (0),-5.684341886080802e-14
public NP-like (NP-likeness > 1),KJVWRZGLXRPUHV,NOZAJYKZMCFNFG,0.7164179104477612,+C3H4O2,72.02112936799995
public NP-like (NP-likeness > 1),BWXSDJHAJWTEAD,WHMOBEGYTDWMIG,0.8305084745762712,+O3S,79.95681485999995
public NP-like (NP-likeness > 1),DCTLJGWMHPGCOS,GHCZYXUOYFOXIP,0.819672131147541,-O,-15.994914619999975
public NP-like (NP-likeness > 1),OUOMLQWBFHFXMZ,FCHCYUUYYGFAEB,0.8354430379746836,+C2H2,26.015650064000056
public NP-like (NP-likeness > 1),CUCNRHYDISBEQH,KHWHODOWEXOYIJ,0.9852941176470589,-C2H4,-28.031300127999884
public NP-like (NP-likeness > 1),HPNSFSBZBAHARI,NEGCNVRPGPHOAR,0.92,-C5H8,-68.06260025599994
public NP-like (NP-likeness > 1),DGUIDYDBJRUTAR,RNDNZJZHONNRLR,0.8,+O-CH2,1.979264556000004
public NP-like (NP-likeness > 1),UHBYXZSSQWLZHC,YIMHGPSYDOGBPI,0.7931034482758621,+H2-O2,-29.97417917599995
public NP-like (NP-likeness > 1),OHDPFRGZBUACTR,VUMZHZYKXUYIHM,0.7037037037037037,+C2H2O,42.010564683999974
public NP-like (NP-likeness > 1),QYONROBEKPAESK,DGQWMSVZRIPJMR,0.90625,isomer (0),0.0
public NP-like (NP-likeness > 1),UZXYJCDGZYNGGZ,LWESBHWAOZORCQ,0.6129032258064516,isomer (0),5.684341886080802e-14
public NP-like (NP-likeness > 1),QDVIEIMMEUCFMW,YIFZKRGUGKLILR,0.7419354838709677,+C2H2O,42.010564684
public NP-like (NP-likeness > 1),ZFFQDPLDTMMAKO,JIEVJXRUYDZFTD,0.589041095890411,-C2H4,-28.031300127999998
public NP-like (NP-likeness > 1),AHNUBWYOIHCGFN,GGQGUBWFVKJOER,0.7272727272727273,+H2,2.0156500640001127
public NP-like (NP-likeness > 1),MILZHQPVNOSJIP,AHRWSOYISAIFOZ,1.0,-C2H4,-28.03130012799994
public NP-like (NP-likeness > 1),HHPSUWXMIAFLHA,ARSRHYUCIPAFEB,1.0,+C6H12,84.093900384
public NP-like (NP-likeness > 1),AFYOQRIZFPJUAR,STZYTFJPGGDRJD,0.6746987951807228,+C2H5NO,59.03711378000003
public NP-like (NP-likeness > 1),QPQHCRKTYXPSQG,VJVXQSFKTVUEFY,0.7096774193548387,isomer (0),5.684341886080802e-14
public NP-like (NP-likeness > 1),OGNUSOJAYIHLNS,XGTNTUKODZZCGL,0.864406779661017,+C2H2O,42.010564683999974
public NP-like (NP-likeness > 1),FQMJJQVCKZGUIG,JVCLLKCKGYLQER,0.8656716417910447,+CH2,14.015650063999999
public NP-like (NP-likeness > 1),NAIXCRGIEGDRIQ,GRDZTDZJQRPNCN,0.6666666666666666,isomer (0),0.0
public NP-like (NP-likeness > 1),GAZHKBVZIMUZLZ,BWSQDEWKZUMVIG,0.6363636363636364,-H2,-2.015650063999999
public NP-like (NP-likeness > 1),STQGQHZAVUOBTE,AOJJSUZBOXZQNB,0.8533333333333334,-O,-15.994914620000031
public NP-like (NP-likeness > 1),ZGEUEVIVGMIZBR,SUKGQSLXYZWGDE,0.835820895522388,+O,15.994914619999975
public NP-like (NP-likeness > 1),JGUYJMIAKPTIAH,SJUQVJAGIYBTCQ,1.0,-C2H4,-28.031300127999998
public NP-like (NP-likeness > 1),XLGJBANZFAQPOK,NQHXKPPRDVOFFJ,0.5416666666666666,+C3H4,40.031300128
public NP-like (NP-likeness > 1),CAPUGADOGHKUQS,RRKTZKIUPZVBMF,0.7878787878787878,-CH2O,-30.010564683999974
public NP-like (NP-likeness > 1),OZFCNCOVFIALJI,VHSYUZHRIKAAHO,0.890625,+CH2,14.015650064000056
public NP-like (NP-likeness > 1),LSHXRDAFMMYNJC,NETSQGRTUNRXEO,0.5227272727272727,+H2O2,34.005479304000005
public NP-like (NP-likeness > 1),PQYZNBLABSRKHS,HGJJOSKRTMFXBI,1.0,-CH2,-14.015650063999942
public NP-like (NP-likeness > 1),KPJIGLLMDBHXEB,GVRNTWSGBWPJGS,0.6885245901639344,+O-H2,13.979264555999976
public NP-like (NP-likeness > 1),HQNGWMLDFPEZSR,BLWVEPQPFFTFIJ,1.0,-C2H2,-26.015650064000056
public NP-like (NP-likeness > 1),SAMCFWIKVXNHLF,JIXAHEDIHBCIBV,0.5142857142857142,+H2-O,-13.979264556000004
public NP-like (NP-likeness > 1),ODQAIMBPQWETBE,JVHXJTBJCFBINQ,0.7307692307692307,-C2H4,-28.031300127999998
public NP-like (NP-likeness > 1),UZHYNONRHGKHKK,RLRDYNVQBKTVOT,1.0,isomer (0),0.0
public NP-like (NP-likeness > 1),QWRYLEWWNVYPBZ,WOLKAOVTILTCAS,0.8507462686567164,-C2H3NO,-57.02146371600003
public NP-like (NP-likeness > 1),SLUOEJHPUQACDL,SYRXWXBAAUNKKD,0.855072463768116,-C2H3NO,-57.021463716000085
public NP-like (NP-likeness > 1),LQMFUZJZXHFRKV,SKQHRBRVCRUFSX,0.6976744186046512,+C2H4O,44.02621474799997
public NP-like (NP-likeness > 1),SNZHVLUQMJWWPN,PHMGTWLYHMQYHV,0.6610169491525424,isomer (0),0.0
public NP-like (NP-likeness > 1),XWFQRXGYJJOFCO,BUZPALUBBJZNNV,0.98,-CH2O,-30.010564683999974
public NP-like (NP-likeness > 1),BDOYCCTVTPWYRE,JOLOQAXLBQZUBL,1.0,-C2H4,-28.031300127999998
public NP-like (NP-likeness > 1),KDPFMRXIVDLQKX,VILHAYBRKKWZBQ,0.44680851063829785,+H4-O,-11.963614492000005
public NP-like (NP-likeness > 1),YGBHBIXCSYCCOR,NTPXWIICYLOOPF,0.6440677966101694,+S-CH2O,1.9615063159999977
public NP-like (NP-likeness > 1),XNZPBCIUFXWBBE,HBGYIXXFYZXBBD,0.5686274509803921,+C3H6O2,74.03677943200003
public NP-like (NP-likeness > 1),OIFVLHZEBAXHPM,IWEIJEPIYMAGTH,0.7894736842105263,isomer (0),0.0
public NP-like (NP-likeness > 1),YXPVYQIMXPYFSF,PJYYBCXMCWDUAZ,0.7936507936507936,+CH2O,30.010564683999974
public NP-like (NP-likeness > 1),GHPVDCPCKSNJDR,JKRDADVRIYVCCY,1.0,+C2H4,28.031300127999998
public NP-like (NP-likeness > 1),LQMRAHHWCLZHQD,DQNFLBXNPGBCOU,0.43548387096774194,isomer (0),0.0
public NP-like (NP-likeness > 1),JKXPUEOBLNILSU,BIGUPJIJZYZJMV,0.6833333333333333,+H2,2.015650063999999
public NP-like (NP-likeness > 1),DTNGBIGBPPPNNB,VEZXFTKZUMARDU,0.6444444444444445,-C8H8O2,-136.05242949599995
public NP-like (NP-likeness > 1),DUECABXXAMFFBH,MLQTZXHZYMNZJE,0.5476190476190477,+C4H6,54.046950192
public NP-like (NP-likeness > 1),JCFAFEQYVWAJII,ZXVVABZXWWPOPX,0.9545454545454546,-CH2,-14.015650064000056
public NP-like (NP-likeness > 1),IUECTRSVUMRAOX,GNQSBYJFBIYQCT,0.8666666666666667,+C2H4,28.031300127999998
public NP-like (NP-likeness > 1),CWJYSQZWUOURST,LVSDTHYODIMZIS,1.0,+C4H4,52.03130012800011
public NP-like (NP-likeness > 1),ILMJUNLUWIUWQZ,CIQICISCRSHPAM,1.0,-C2H4,-28.031300127999998
public NP-like (NP-likeness > 1),JRTMOBLCMMKFMY,OIBGFCISDQCCST,1.0,-C2H4O,-44.02621474800003
public NP-like (NP-likeness > 1),KZMZTZKFLKRTMB,QXIPXNZUEQYPLZ,0.8225806451612904,+O,15.994914619999975
public NP-like (NP-likeness > 1),KKYPJTVWYHKAQO,UGXLWLIJKUHKKM,0.7763157894736842,+CH5-NO3,-44.94869270000004
public NP-like (NP-likeness > 1),XULZWQRXYTVUTE,CMUNUTVVOOHQPW,0.875,+CH2,14.015650063999999
public NP-like (NP-likeness > 1),XYKNXOJYKRVXBX,SVDMAXBQMZIUPX,0.7542372881355932,+CH6,18.046950192000054
public NP-like (NP-likeness > 1),FLUOSFVUPTUYEX,ACGPKIHTJATAMX,0.6724137931034483,-O,-15.994914619999918
public NP-like (NP-likeness > 1),RHGOJOKZVYOMBU,VLGJXBGIKMRIEV,0.7205882352941176,isomer (0),0.0
public NP-like (NP-likeness > 1),ABUUKXUMKCZXAH,AWTNSRHUZXWBCO,1.0,-C11H22,-154.17215070399993
public NP-like (NP-likeness > 1),ROWKODQLOIEBHL,PRXFPPAVWQDTHT,0.5970149253731343,-H2,-2.015650063999999
public NP-like (NP-likeness > 1),JCRCKXUPYKELBT,GYZWNQLEQAGWGD,0.8095238095238095,-O,-15.994914620000031
public NP-like (NP-likeness > 1),NZZPSBRODDDVIU,SJFTVAAHLRFBST,0.8666666666666667,isomer (0),0.0
public NP-like (NP-likeness > 1),RERJQXYVIAWVRT,BNYGSEIZBNUPPY,0.6833333333333333,isomer (0),-5.684341886080802e-14
public NP-like (NP-likeness > 1),BJYHZSNSMVEQEH,NPWRSXJQDKRXOR,0.7872340425531915,-O2,-31.98982923999995
public NP-like (NP-likeness > 1),HJWMMUBGTHVMFN,QHPDGSFYNQHVMI,0.9655172413793104,isomer (0),0.0
public NP-like (NP-likeness > 1),BVKFFAQGFXJQBI,KYQZWONCHDNPDP,0.8103448275862069,+CH2,14.015650063999999
public NP-like (NP-likeness > 1),VDSCKSOYNLTQSY,GEZHEQNLKAOMCA,0.6813186813186813,+H2O,18.010564684000087
public NP-like (NP-likeness > 1),BJDMHAYLPGRUFH,PMVFYHVSZOZDAN,0.8360655737704918,-O,-15.994914620000031
public NP-like (NP-likeness > 1),KUJVPCMDNFINHW,AJICVXQVCKSIEN,0.9066666666666666,+O,15.994914619999918
public NP-like (NP-likeness > 1),KZBJBUAPVFZCLR,DXEQYFAVUGPBOF,0.7872340425531915,+C8H15NO,141.11536409999997
public NP-like (NP-likeness > 1),FTZQMPSBOOYHQC,VPBPAAYLNBDYJA,0.8840579710144928,-O,-15.994914619999975
public NP-like (NP-likeness > 1),VVWGQSPEHFRORD,IPNAILVSFNZODM,1.0,+C2H4,28.031300127999998
public NP-like (NP-likeness > 1),FVGIGMWEANQQSW,FRPPQYVAQHOWFB,0.9423076923076923,+C2H4,28.031300127999998
public NP-like (NP-likeness > 1),WZVRXEOKWMIDDV,LNRXFFGKAKWQCV,0.7157894736842105,+H-Cl,-33.96102764800014
public NP-like (NP-likeness > 1),CJICVZBHNINYQF,JHEWMLHQNRHTQX,0.8813559322033898,-C2H4,-28.031300127999998
public NP-like (NP-likeness > 1),MNQZXJOMYWMBOU,YTBSYETUWUMLBZ,0.5,-CH2O,-30.010564684000002
public NP-like (NP-likeness > 1),MPAKYMOQGZITTQ,DRNRNRVRVCHSJP,0.5079365079365079,isomer (0),0.0
public NP-like (NP-likeness > 1),MZNNPGRTALKBID,OFCNGPVEUCUWSR,0.625,+C2H2O,42.010564684
public NP-like (NP-likeness > 1),KTFWIGBPPYHMHW,HHOZUFKJNDUPNG,0.821917808219178,+HN,15.010899032000111
public NP-like (NP-likeness > 1),VRYALKFFQXWPIH,ASJSAQIRZKANQN,0.7142857142857143,+CH2O,30.010564684000002
public NP-like (NP-likeness > 1),VKYYZOPCSAFKST,KRRIBHWRCGOGAF,0.8450704225352113,+C2H6O,46.04186481199997
public NP-like (NP-likeness > 1),CPNZASIAJKSBBH,YECHEDVCXXVLIY,0.4375,+N-C15H17O3,-231.11469540399995
public NP-like (NP-likeness > 1),HJBMZDQTTZVYRL,ORENNUJWZUSRAQ,0.8823529411764706,-C7H14O,-114.10446506799997
public NP-like (NP-likeness > 1),QHOUDEZPFKDYIG,FZYOVNIOYYPUPY,0.6788990825688074,isomer (0),0.0
public NP-like (NP-likeness > 1),NUVAABCZBKHWMX,OBNHKRQJEMDNIG,0.5384615384615384,+Br-H,77.910512068
public NP-like (NP-likeness > 1),AFDANKUHSLVEBJ,GJWXCPDVDRIBKP,0.8070175438596491,-CH2O,-30.010564683999974
public NP-like (NP-likeness > 1),GOWXUGYRPHOTEQ,PQOVWWZVVIGRPP,0.8705882352941177,-C2H2O,-42.01056468400009
public NP-like (NP-likeness > 1),LITGJAZZWDDVQJ,CMEMKCUNAGDFFG,0.625,-C8H15NO2,-157.11027871999994
public NP-like (NP-likeness > 1),FUUMYFNTOJBBGG,OOTGKPBMTAJQAI,0.875,+O-CH2,1.9792645560000324
public NP-like (NP-likeness > 1),SCIXGQOSKNXPSL,NAPRTQGTRSLKIA,0.8840579710144928,isomer (0),5.684341886080802e-14
public NP-like (NP-likeness > 1),UVZBUUTTYHTDRR,RFCYXKNVYQOCTM,0.9047619047619048,isomer (0),0.0
public NP-like (NP-likeness > 1),WYDPEADEZMZKNM,ZKMRZIYTCZLEAV,0.8648648648648649,-C6H10O5,-162.0528234200001
public NP-like (NP-likeness > 1),RMIVRCBSQPCSCQ,MPDGHEJMBKOTSU,0.8135593220338984,+CH2,14.015650063999999
public NP-like (NP-likeness > 1),KSMZUKWIDPCGBS,PPGUUDJMTMGALC,0.48717948717948717,+H2,2.015650063999999
public NP-like (NP-likeness > 1),SHUNDKCHHXBLQQ,MMQUESDXUKYFEN,0.34177215189873417,-C9H16,-124.12520051199994
public NP-like (NP-likeness > 1),KEWUFEUQBHLPEX,KMNHUMOKTYWYNP,0.6727272727272727,-C3H6,-42.046950192
public NP-like (NP-likeness > 1),FKICKOCFCLDMPJ,NXVDXAYPAFHABB,0.8421052631578947,-O,-15.994914619999975
public NP-like (NP-likeness > 1),HNGAZJABJOAMSW,BJAHHJOBSKZTFE,0.7627118644067796,-O,-15.994914620000031
public NP-like (NP-likeness > 1),DWJZKGYQNOQQEZ,IPNWLABTDCELLG,0.7368421052631579,-CH2O,-30.010564684000002
public NP-like (NP-likeness > 1),JIWBIWFOSCKQMA,YHGJECVSSKXFCJ,1.0,-C6H8,-80.06260025599994
public NP-like (NP-likeness > 1),NGOLMNWQNHWEKU,FCSKUNOKIVAIKK,0.847457627118644,-CH2,-14.015650063999999
public NP-like (NP-likeness > 1),UOANUCIWUGSRIN,KAIFOTPPHAYOSA,0.7424242424242424,+HNO2S,78.97279927200003
public NP-like (NP-likeness > 1),JGGRFKDDIGORCC,LLPAOCBYQCXXKS,0.8974358974358975,+CH2,14.015650063999942
public NP-like (NP-likeness > 1),SFIHBSXWWHQOQQ,GACFDZLPFMYBKT,0.6428571428571429,isomer (0),0.0
public NP-like (NP-likeness > 1),PRAANQLEBLFVQZ,WOFIAQZRXDTWHM,0.8695652173913043,-C6H10O5,-162.0528234200002
public NP-like (NP-likeness > 1),DNWBYHCEETWZCF,GRQWEXRTFAUFIC,0.9655172413793104,+C-H2,9.984349936000058
public NP-like (NP-likeness > 1),OYZWCJLPUIVDRN,JCVJAOJXYPLYNK,0.855072463768116,+O,15.994914620000031
public NP-like (NP-likeness > 1),SRFSUDHTQQJJIN,MUQNGPZZQDCDFT,0.704225352112676,isomer (0),0.0
public NP-like (NP-likeness > 1),WBHHMMIMDMUBKC,CQSLTKIXAJTQGA,0.7631578947368421,-O,-15.994914619999975
public NP-like (NP-likeness > 1),FUXUCSVYWNRCDR,VKYYZOPCSAFKST,0.7763157894736842,isomer (0),0.0
public NP-like (NP-likeness > 1),ORRFIXSGNXBETO,WXDBUBIFYCCNLE,0.5232558139534884,+C2H4,28.031300127999998
public NP-like (NP-likeness > 1),QEYRPPBFESQFPR,WMFIVEOMXKWTHY,0.8372093023255814,+O,15.994914620000031
public NP-like (NP-likeness > 1),VSLWNSSUMFSGFF,PWBGJWXZCVEGPE,0.3883495145631068,-C2H10,-34.07825031999994
public NP-like (NP-likeness > 1),UXUYTCBNDKUTPN,LTUWGHVUPWBTQX,0.7530864197530864,-H2,-2.015650063999942
public NP-like (NP-likeness > 1),CBETXCRGHYBMPS,QZPAFDYRAFLSMC,0.859375,+S-O,15.977156379999997
public NP-like (NP-likeness > 1),VRGWBRLULZUWAJ,UTGBBPSEQPITLF,0.7741935483870968,+C2H2O,42.01056468400003
public NP-like (NP-likeness > 1),DOWPANWFAGXAOP,HZCVCRUDTDUCFV,0.8253968253968254,+H2S-O2,1.9978918239999075
public NP-like (NP-likeness > 1),LRJOMUJRLNCICJ,HUMXXHTVHHLNRO,0.8,-C4H8,-56.06260025599994
public NP-like (NP-likeness > 1),AGHVIUYJPVQJQV,NAACPBBQTFFYQB,1.0,+CH2,14.015650064000056
public NP-like (NP-likeness > 1),SAEFVRPPSACNMK,BBCJNYDKECTYDD,1.0,-C2H4,-28.031300127999998
public NP-like (NP-likeness > 1),AIBMEMZXSFVTAD,KVODFZNXODDECO,0.8732394366197183,isomer (0),-1.1368683772161603e-13
public NP-like (NP-likeness > 1),LDJDMENPMPQEFY,JDGNFRYDHRYXNL,0.4782608695652174,isomer (0),0.0
public NP-like (NP-likeness > 1),SLQDIXBNESQKPY,CFYLSUZUMMPFNC,1.0,-C6H12,-84.09390038399988
public NP-like (NP-likeness > 1),PVCSOVFCVIEUFH,AQRNEKDRSXYJIN,0.7037037037037037,+H2-O,-13.979264555999976
public NP-like (NP-likeness > 1),FCAMVWXGQFFIOG,UIZFYEMUWFAEAL,0.8545454545454545,-CH2,-14.015650063999999
public NP-like (NP-likeness > 1),DJTLAZCZOSFYLY,BISZEWSYEXLSDY,1.0,+C2H2,26.015650064000056
public NP-like (NP-likeness > 1),HKVWCHCBKOJRHE,OFVLGDICTFRJMM,0.7903225806451613,isomer (0),0.0
public NP-like (NP-likeness > 1),LVLWTLRZOQJLRA,FXBDDSSCXPTLLZ,1.0,+C2H2,26.015650063999942
public NP-like (NP-likeness > 1),KQCIOCKRRCCIMM,YQDJUXPUIRGKNV,0.7647058823529411,-H2O,-18.01056468400003
public NP-like (NP-likeness > 1),LQYQYAJWKXDTHR,CFLNHFUPWNRWJA,0.6153846153846154,+C5H8O5,148.03717335599993
public NP-like (NP-likeness > 1),VUEPOIYXKZTLMD,ZWUABKNXVCUVCG,0.7567567567567568,isomer (0),0.0
public NP-like (NP-likeness > 1),RHVWQVSLVMXMBR,QWDCJWDUPSTHHK,0.6666666666666666,-C2H2O2,-58.005479304000005
public NP-like (NP-likeness > 1),LKVIDBLGZHMPCV,DDELFAUOHDSZJL,0.9117647058823529,-CH2,-14.015650063999942
public NP-like (NP-likeness > 1),RARUJUZFKGDIOM,LOUBNBRAJPSMEC,0.873015873015873,isomer (0),0.0
public NP-like (NP-likeness > 1),BWRZDLYJNURUHS,NETSQGRTUNRXEO,0.6410256410256411,isomer (0),0.0
public NP-like (NP-likeness > 1),WWWKIQOQQGESSQ,ALZAZMCIBRHMFF,0.47619047619047616,+O2,31.98982923999995
public NP-like (NP-likeness > 1),JGXFRVOHTXTCCH,IVWWZRUIGFCZGZ,0.6881720430107527,isomer (0),-1.1368683772161603e-13
public NP-like (NP-likeness > 1),WQDYDGGQAFAGGI,SVUCHDWERCNRRQ,0.7096774193548387,+C3H4,40.031300128
public NP-like (NP-likeness > 1),RGHQRULWHKEQHE,BFDSCBNQKZOCJH,0.8076923076923077,isomer (0),0.0
public NP-like (NP-likeness > 1),VJEGSWJGTALRBW,BJWQSQOWGBUSFC,0.8245614035087719,+N-C9H5O4Br2,-320.8523838400001
public NP-like (NP-likeness > 1),QTFAUBHBZDUQMA,BCPZDSVCYKERMU,0.8253968253968254,+C4H8,56.06260025599994
public NP-like (NP-likeness > 1),XSSGQRFNGHRFBC,ODNMTIVRLHXQTE,0.6363636363636364,-CH2,-14.015650063999999
public NP-like (NP-likeness > 1),ACMMLARZHZQTST,HOHZJKQBJXVZSS,0.5636363636363636,isomer (0),0.0
public NP-like (NP-likeness > 1),SXQVUYJKMHMQFB,WKZJRTREHAYNCS,0.8309859154929577,+CH3O-F,12.019986496000058
public NP-like (NP-likeness > 1),MTCFGRXMJLQNBG,UKAUYVFTDYCKQA,0.6,-CH2,-14.015650063999999
public NP-like (NP-likeness > 1),OYOAMRKUJRRRSM,NXEUKFJIFOJRDB,1.0,+CH2,14.015650063999942
public NP-like (NP-likeness > 1),ZWKTWKLHHZXFNG,OLUQMFYBNOJBQQ,0.6666666666666666,+O,15.994914620000031
public NP-like (NP-likeness > 1),XSLNNYLIELBKRW,HGISVHAATBJMBW,0.8088235294117647,-C7H4O,-104.02621474799992
public NP-like (NP-likeness > 1),OGUHDRSQUVXNRQ,WJCMXXVTVTVODO,0.896551724137931,+O-CH2,1.9792645559999755
public NP-like (NP-likeness > 1),GQEOLYBERRZZCE,IMYZYCNQZDBZBQ,0.6666666666666666,+O,15.994914619999975
public NP-like (NP-likeness > 1),OKQLEEDVAXDCBQ,KXSTWKHMHVIKQX,1.0,-H2,-2.015650064000056
public NP-like (NP-likeness > 1),RMSKZOXJAHOIER,LRHHPZILMPIMIY,0.8947368421052632,isomer (0),0.0
public NP-like (NP-likeness > 1),ARBHXJXXVVHMET,YHVFECVVGNXFKO,0.6666666666666666,+CO2-HN,28.97893020800001
public NP-like (NP-likeness > 1),VLCIAVLHXXOWFZ,VQWNGCSUNKJFLW,0.918918918918919,+H2-O,-13.979264555999862
public NP-like (NP-likeness > 1),HXVBLYCWMZYSJY,ATQBNJWWUVHZSK,0.8243243243243243,+O-H2,13.979264555999976
public NP-like (NP-likeness > 1),QBQXQYSJPWXZJL,HLNZYALGGXMQQC,0.6911764705882353,-C6H10O2,-114.06807956000006
public NP-like (NP-likeness > 1),UIHCNQSPAUBOOT,BSQDBQKIYSGJHA,0.8169014084507042,+C3H4O,56.026214748000086
public NP-like (NP-likeness > 1),SBPBGOWOXIDHMK,AVVDGHFHPRHSON,1.0,+C7H14,98.10955044800005
public NP-like (NP-likeness > 1),QWOXSTGOGUNUGF,JVBOUYIVPAHNGB,0.4358974358974359,-C5H6O,-82.041864812
public NP-like (NP-likeness > 1),LHGJPJFTZZZYPK,RRXOTKQLQNKFFQ,0.875,-C6H3NO,-105.02146371599991
public NP-like (NP-likeness > 1),ZIYFDZJRMFMSDD,DROXVBRNXCRUHP,0.5116279069767442,-C3H5NO,-71.03711378000003
public NP-like (NP-likeness > 1),KLEFEMBPDKKGQK,YZKBWWRATDUTGD,0.5272727272727272,-HOCl,-51.971592332
public NP-like (NP-likeness > 1),VVSKBXCWHRGYHA,CAWSRJXHPNTOPQ,1.0,-C3H6,-42.046950192000054
public NP-like (NP-likeness > 1),CZLWGXKWXLVFJU,JSLDLCGKZDUQSH,0.6615384615384615,+H2,2.015650063999999
public NP-like (NP-likeness > 1),NLJNYZLJCNVCNR,PUPKKEQDLNREIM,0.8771929824561403,+C6H10O4,146.05790880000006
public NP-like (NP-likeness > 1),OXPLANUPKBHPMS,LUKZNWIVRBCLON,0.8,-C4H6O,-70.04186481200009
public NP-like (NP-likeness > 1),APODVSVTRILENH,BZXSGMYHHGCPEN,0.8166666666666667,+H2-O2,-29.974179176000007
public NP-like (NP-likeness > 1),OAYFHKCHTMNTLM,WRGQSWVCFNIUNZ,1.0,+C2H4,28.031300127999998
public NP-like (NP-likeness > 1),YCWBTRJVYADFLQ,BKNDRWLBSMZASB,0.6842105263157895,-O,-15.994914619999975
public NP-like (NP-likeness > 1),ICMWWNHDUZJFDW,WYZDXEKUWRCKOB,0.6122448979591837,+CO,27.994914619999975
public NP-like (NP-likeness > 1),FCBUKWWQSZQDDI,NBDSBMVGYZLXLJ,1.0,-C2H4,-28.031300127999998
public NP-like (NP-likeness > 1),BPYRVOCFRMKMIP,ZSBANYQFXZZUDM,0.9444444444444444,+C6H10O5,162.05282341999998
public NP-like (NP-likeness > 1),HHWGMFXJSFQQTR,JCLYMCVRBRHEHI,1.0,+CH2,14.015650063999942
public NP-like (NP-likeness > 1),MDOQWJUNNGHJNV,UIZFYEMUWFAEAL,0.7966101694915254,+CH2,14.015650063999999
public NP-like (NP-likeness > 1),GUURBSNVCXUNKB,ZLIYAXUPOBJNFP,0.6111111111111112,isomer (0),0.0
public NP-like (NP-likeness > 1),YVMUBJPWZKUGBC,OWHTXFVUUCBRRM,0.6612903225806451,+C5H8O5,148.03717335599987
public NP-like (NP-likeness > 1),IEKMVBFEEDNXGT,LLGDMLIODPBDGJ,1.0,-C4H2,-50.015650064000056
public NP-like (NP-likeness > 1),CJHBVBNPNXOWBA,NHOIBRJOQAYBJT,0.5591397849462365,+C4H8,56.062600255999996
public NP-like (NP-likeness > 1),OVRGKBVGFTUEIT,KZVRAFHIKMDULK,1.0,-C2H6,-30.046950192000054
public NP-like (NP-likeness > 1),IBFYXTRXDNAPMM,FYZYXYLPBWLLGI,0.8947368421052632,-C6H10O5,-162.05282341999998
public NP-like (NP-likeness > 1),YKVITYYVKQBDAV,CPPCYLNLIIPQMI,0.9814814814814815,-C5H12,-72.09390038400045
public NP-like (NP-likeness > 1),QRFPTLPMPSSNEK,XTOYXKSKSDVOOD,0.6415094339622641,+H2,2.015650063999999
public NP-like (NP-likeness > 1),YLEUWNOTNJZCBN,WZDGZWOAQTVYBX,0.6981132075471698,+H2,2.015650063999999
public NP-like (NP-likeness > 1),ATQGDQGAJXZENM,IJCWFXDOJFVIID,0.7941176470588235,+O2P-C2H,37.955765837999934
public NP-like (NP-likeness > 1),BXYXWVCTYIQPAI,UTIAKKYPXWEEIG,0.5625,+CO,27.994914620000003
public NP-like (NP-likeness > 1),JIBPWVNMGYCBSG,RBIKMLZICCKZKT,0.6140350877192983,+O-C5H4,-48.03638550799997
public NP-like (NP-likeness > 1),KXHAUAFVDYQKLI,ZRDKCABMZXNCMG,0.9365079365079365,isomer (0),2.2737367544323206e-13
public NP-like (NP-likeness > 1),GRRDEVSJWVNFRW,ITJIJDWFGMAIKB,0.6739130434782609,+O-H2,13.979264555999976
public NP-like (NP-likeness > 1),GEHKUZRSZWXVHJ,KZVRAFHIKMDULK,1.0,-C3H6,-42.046950192000054
public NP-like (NP-likeness > 1),SNKBGECAFPKCRW,YBUPEBOGHIIODT,0.9487179487179487,+C2H2,26.015650064
public NP-like (NP-likeness > 1),VRFDHCWJQWIDHH,BHHRYVYZZQIPGU,0.640625,-O2,-31.989829240000063
public NP-like (NP-likeness > 1),FXPWZCUQBSEHTH,XLXWUZYXNWCPMH,0.7857142857142857,+C2H2O2,58.00547930399989
public NP-like (NP-likeness > 1),YOURWCIMHUBQMV,PAPVVFZLARIBAC,0.8787878787878788,+O,15.994914619999975
public NP-like (NP-likeness > 1),NTAXLEHKEDVPRK,UJRHTPRWGDSAJG,0.75,+Cl-H,33.96102764800003
public NP-like (NP-likeness > 1),BQJJPVDDTHRUBT,BUBVKRMIMSPLND,0.6056338028169014,-C14H16O4,-248.10485899200012
public NP-like (NP-likeness > 1),BBDAGFIXKZCXAH,UUGITDASWNOAGG,0.7272727272727273,+HN-O,-0.9840155880000054
public NP-like (NP-likeness > 1),BYWWNDLILWPPJP,XIHUXEHAQPSMTF,0.6545454545454545,-H2,-2.015650063999999
public NP-like (NP-likeness > 1),CBTFGGMYMMACEL,DFWFLZKNVITHKA,0.6818181818181818,isomer (0),0.0
public NP-like (NP-likeness > 1),DJUIHAHXAHDXGQ,YBKPQAJLYSMOBM,0.46153846153846156,+C11H10O2,174.06807955999983
public NP-like (NP-likeness > 1),JRMIMZRTDVDQTL,MXHMJIKONWDSAS,0.8142857142857143,+O2-CH4,15.958529112000065
public NP-like (NP-likeness > 1),MXUJEEVBIMHYOQ,HWVLRLUKORWFGO,0.8285714285714286,+CH2,14.015650063999942
public NP-like (NP-likeness > 1),ARUXHDLPKVRONO,JPYYWXPAHJBKJX,0.6923076923076923,+C2H2O2,58.005479304000005
public NP-like (NP-likeness > 1),QNYOCAYOHKMFCQ,IKSYBPLYPLDCSW,0.7912087912087912,+C7H12O4,160.07355886400012
public NP-like (NP-likeness > 1),AFNDTSIACJAGSO,DFUXHMHWOWANRY,0.7532467532467533,+O-S,-15.97715638000011
public NP-like (NP-likeness > 1),PLWATUDVSHFEQM,RLEPKHOQRVRAFV,0.7549019607843137,+C2H2O2,58.00547930400012
public NP-like (NP-likeness > 1),CDICDSOGTRCHMG,XDSHNNRBLSBDAP,0.7,-CH2,-14.015650063999999
public NP-like (NP-likeness > 1),APPOIVIWJAIHBI,BQFIZOHBSDOURY,0.8571428571428571,-CH2,-14.015650063999999
public NP-like (NP-likeness > 1),IWAWQWJSLDZVRM,LJFIVFJQZWRSAJ,0.7384615384615385,-O,-15.994914619999975
public NP-like (NP-likeness > 1),MZWDOSCEKASXME,CAFIDJDBVRZQQA,0.7209302325581395,+Br-I,-47.98613590000008
public NP-like (NP-likeness > 1),JFAXVZXNIGIDDA,UBWXUGDQUBIEIZ,0.5294117647058824,+H2O-C3,-17.98943531599997
public NP-like (NP-likeness > 1),KRXFBWAVDGDSRN,KRBJOAIDSTYRMG,0.8769230769230769,+O-HN,0.9840155880000339
public NP-like (NP-likeness > 1),FMLLJUPUZALWOJ,GKFRCWOFCMCBNW,1.0,+C2H4,28.031300127999998
public NP-like (NP-likeness > 1),NKLGIWNNVDPGCA,ULGZDMOVFRHVEP,0.8235294117647058,+CO-H2,25.979264555999976
public NP-like (NP-likeness > 1),QDEYKGKBMCIYCT,JDBBFQGXBSMMHP,0.8076923076923077,-O,-15.994914619999975
public NP-like (NP-likeness > 1),ZEMSXERQBUSFBA,BUHZTPLXMFRPCK,0.7272727272727273,+O,15.994914619999975
public NP-like (NP-likeness > 1),NVTDAUYTNRUBQY,RUDATBOHQWOJDD,0.82,+O,15.994914619999975
public NP-like (NP-likeness > 1),VQUNZOMUYKBNFY,YBWJIBHKDMWFLO,0.8805970149253731,+O,15.994914620000031
public NP-like (NP-likeness > 1),ZOHLFEMUNUGXJZ,GVIBPLHNSKDJOY,0.813953488372093,+C4H6,54.046950192
public NP-like (NP-likeness > 1),OINDWIFDMFYGDX,OYINILBBZAQBEV,0.6588235294117647,+C-O,-3.994914620000145
public NP-like (NP-likeness > 1),NEAFOYGNZAYARY,WVBUSCCTVIGFGK,0.5070422535211268,-CH2O,-30.010564683999974
public NP-like (NP-likeness > 1),KIVLCCDAANNXMQ,SJFUMISGFIYGQS,0.8194444444444444,+CH2,14.015650063999942
public NP-like (NP-likeness > 1),YNQCUMWYQVISHF,KOTBWDXNYNTNIY,0.813953488372093,+O,15.994914620000031
public NP-like (NP-likeness > 1),CBVLNMNYILSPBN,QLWPXZGDNPSROH,0.75,+H2O,18.010564683999974
public NP-like (NP-likeness > 1),ORHIBPUAGCGUHO,YRLONYYTFCQJCC,0.8507462686567164,+C13H26-O,166.20853621200007
public NP-like (NP-likeness > 1),WUSPTHMFTBWJDO,IEENCNNCPOLOQP,0.881578947368421,-CH2,-14.015650064000056
public NP-like (NP-likeness > 1),NAVULVNLGJVPQU,BAWAZBRKENFJED,0.9230769230769231,-H2,-2.015650064000056
public NP-like (NP-likeness > 1),BRCYJBRLIWCNLV,XYPPDQHBNJURHU,0.74,-H2,-2.015650063999999
public NP-like (NP-likeness > 1),FMHWJXXBEQKVHB,CJBZJZGULKATPY,0.7454545454545455,isomer (0),0.0
public NP-like (NP-likeness > 1),OFNCUIXPAFLTJZ,FNMHEHXNBNCPCI,0.8873239436619719,+CH2,14.015650063999942
public NP-like (NP-likeness > 1),UYTHABPMQOISOZ,ALGGAOOTBDHKDR,1.0,+C2,24.0
public NP-like (NP-likeness > 1),RMCRQBAILCLJGU,HXTFHSYLYXVTHC,0.8923076923076924,+CH2,14.015650064000056
public NP-like (NP-likeness > 1),MRPDOEANFHTNLL,ALPYATKKAAGVRX,0.835820895522388,+O,15.994914619999918
public NP-like (NP-likeness > 1),PKZLCDIEFSFXDK,ITYAEKHTQKSNBZ,0.9361702127659575,+C6H10O5,162.0528234200001
public NP-like (NP-likeness > 1),WOUKSKQTNWKNDH,BANUALHDPUSWKA,0.4819277108433735,+CH7N,33.05784922399988
public NP-like (NP-likeness > 1),LARXQQSQVITAGF,IKJZVOVTPXBUBG,0.3150684931506849,+C14H13NO3,243.08954327599992
public NP-like (NP-likeness > 1),PAZOLAPVCOLMKJ,GYTSMBNRXNOQKU,0.7454545454545455,+CH2,14.015650063999999
public NP-like (NP-likeness > 1),YWASZTJGPFRWMW,SLVSUVFUFJKMCV,0.4727272727272727,+CO-H2,25.979264555999976
public NP-like (NP-likeness > 1),FFHSCNPXKRUGKY,VHSYUZHRIKAAHO,0.8888888888888888,-O,-15.994914620000031
public NP-like (NP-likeness > 1),CFQNEULSTAUSCW,FJHAYQABLFDRPF,1.0,+H2,2.015650063999942
public NP-like (NP-likeness > 1),QAVQPBYIAQGAIO,CAIONBZFPABPNY,0.92,-C4H8O,-72.05751487600014
public NP-like (NP-likeness > 1),LBRJFDBQNUVAGM,BJGUEPXNQKBVBW,0.7321428571428571,+C15H21O6-Cl,262.1649607119999
public NP-like (NP-likeness > 1),HEWGADDUUGVTPF,NIFSOTSGUFBSPF,0.8705882352941177,-H4,-4.031300127999998
public NP-like (NP-likeness > 1),HGJKGQUGPACAGO,UGHBHGHMKLPTQY,0.7448979591836735,+N-C2H2F,-31.010979284000086
public NP-like (NP-likeness > 1),UKNHQPDCWMADJW,WYXSYVWAUAUWLD,0.4807692307692308,+C2HN-O,23.015984412000023
public NP-like (NP-likeness > 1),QCQGNTXXPCJRFZ,WIGUUKSQPAOWFS,0.8461538461538461,-O,-15.994914620000031
public NP-like (NP-likeness > 1),GLLRIXZGBQOFLM,MQSXZQXHIJMNAF,0.6857142857142857,-C14H6O4,-238.0266086719999
public NP-like (NP-likeness > 1),PPRHJCUDIDLPBZ,FLUDIVNHJCQDDD,0.8548387096774194,+HN-O,-0.984015587999977
public NP-like (NP-likeness > 1),WFCPBLRWDLDCEC,KDLRVYVGXIQJDK,0.7285714285714285,+C6H8O6,176.03208797599984
public NP-like (NP-likeness > 1),MPUVBVXDFRDIPT,ILNAWZRUSSBUFI,0.7692307692307693,-CH2,-14.015650063999999
public NP-like (NP-likeness > 1),ZDGHWTRHSWZPDT,BNQUZMFMILATTF,1.0,-C2H6,-30.04695019199994
public NP-like (NP-likeness > 1),TVQVRSVLHHHDDB,QYSNXKHKDCZKCM,1.0,+C11H22,154.17215070400005
public NP-like (NP-likeness > 1),PUYZARLNCDRWDL,DZDZJJVKIWXICS,0.8529411764705882,+O,15.994914620000031
public NP-like (NP-likeness > 1),BRMDRKOAVZEJCS,DHHFDKNIEVKVKS,0.717391304347826,+C10H8O3,176.04734411600032
public NP-like (NP-likeness > 1),GBYMYPWDCSUFAK,DZUXGQBLFALXCR,0.7647058823529411,+C2H4,28.031300127999998
public NP-like (NP-likeness > 1),KLYDYMXEGIGUBW,RYKCOGMKXZDQAW,0.8051948051948052,-O,-15.994914620000031
public NP-like (NP-likeness > 1),SMAWCSOVJJHIOI,QIYQVTNAEPQSBX,0.37735849056603776,-H2O,-18.010564684000002
public NP-like (NP-likeness > 1),WPPYDDRXZLFEFL,CJGRGYBLAHPYOM,0.5892857142857143,+C6H4O2,108.021129368
public NP-like (NP-likeness > 1),BYASTQVSNAVAKL,LRLROPFPFABQRF,0.47761194029850745,-H2,-2.015650063999999
public NP-like (NP-likeness > 1),GTZCVFVGUGFEME,WKRBKYFIJPGYQC,0.5,+O2-H2,29.974179176000007
public NP-like (NP-likeness > 1),DUHUEQDHHJOBJV,XRTOJGYRPZUDFW,0.872093023255814,+O,15.994914620000031
public NP-like (NP-likeness > 1),DNVPQKQSNYMLRS,UCTLRSWJYQTBFZ,0.6271186440677966,+C,12.0
public NP-like (NP-likeness > 1),VWQWXZAWFPZJDA,DLVOSEUFIRPIRM,0.8088235294117647,+O2-C4H8,-24.072771016000047
public NP-like (NP-likeness > 1),QRRVOCXLQYLNEC,FOGXJPFPZOHSQS,0.6753246753246753,isomer (0),0.0
public NP-like (NP-likeness > 1),RMTFVNHHDBAUOU,SYIJAIGFXDMIRQ,0.75,-O,-15.994914619999975
public NP-like (NP-likeness > 1),UULZSWLWBGEDTD,NPWAQSYSDCQSKY,0.7352941176470589,-C15H28,-208.21910089599993
public NP-like (NP-likeness > 1),MGDMYIGOCQPAPQ,UQWXAEVMTJFVFA,0.7435897435897436,+H2,2.015650063999999
public NP-like (NP-likeness > 1),CAENGMLSMONNBU,DFNXNCCYQRPZMD,0.8970588235294118,isomer (0),0.0
public NP-like (NP-likeness > 1),XHHQOQWMIONIAA,PJEOMSSJULDZCX,0.819672131147541,+C2H2O,42.010564683999974
public NP-like (NP-likeness > 1),QNDVLZJODHBUFM,CLBIEZBAENPDFY,0.8584905660377359,-CH2,-14.015650064000056
public NP-like (NP-likeness > 1),AAKDNKFCNPLTLX,FYXUOHOKTJKFGE,0.9166666666666666,isomer (0),0.0
public NP-like (NP-likeness > 1),CINQDGIVNZOASD,ALGGAOOTBDHKDR,1.0,-C4H10,-58.078250319999995
public NP-like (NP-likeness > 1),HCEYJYMNIQHPPK,YJXDGWUNRYLINJ,0.7647058823529411,-C2H2O,-42.010564683999974
public NP-like (NP-likeness > 1),NHHKFJCWLPPNCN,POORJMIIHXHXAV,0.4444444444444444,-C4H8O,-72.057514876
public NP-like (NP-likeness > 1),RLZMJVGFNSVJOP,WQPAMXVSIZMQQI,0.9494949494949495,+C6H10O5,162.05282341999964
public NP-like (NP-likeness > 1),DLZIWIUFISZZLL,HMXKVNAQDJJUTH,0.9833333333333333,+C6H10O5,162.0528234200002
public NP-like (NP-likeness > 1),KAXWRWSXROIVKC,ZZZBAVZOYXKXPX,0.56,+H2-C3,-33.984349936
public NP-like (NP-likeness > 1),XXHBQOHASACCAP,ZWMMEKXOLCCKLA,0.8,-H2,-2.015650063999942
public NP-like (NP-likeness > 1),WQVCDQYJDQXJLY,QOYOSTICCWYNER,0.7464788732394366,+O,15.994914620000031
public NP-like (NP-likeness > 1),QIDMCIFFMHMTBT,WQJXWXRSOBXAGZ,0.8421052631578947,+CH2,14.015650063999999
public NP-like (NP-likeness > 1),BLGXFZZNTVWLAY,AADVZSXPNRLYLV,0.7931034482758621,+CH2,14.015650063999999
public NP-like (NP-likeness > 1),CDCIKAPGWWMGGE,UOWGLBYIKHMCIS,0.5882352941176471,-H2,-2.015650063999999
public NP-like (NP-likeness > 1),SREUSBYRKOPNJK,ZZZYHIMVKOHVIH,0.8333333333333334,+C4H6O2,86.03677943200012
public NP-like (NP-likeness > 1),LIPFTKDQTRBBSO,AMUBZPULDIMIKH,0.8305084745762712,+O-H2,13.979264555999976
public NP-like (NP-likeness > 1),NUZKCMTXKNJTKY,ZVNAPKULTFGWTC,0.8690476190476191,-C2H2O,-42.0105646840002
public NP-like (NP-likeness > 1),YDZWHGJRWMQCDP,HRDMCVCODUFPBQ,0.9382716049382716,+O,15.994914619999804
public NP-like (NP-likeness > 1),XJZNMEMKZBFUIZ,NNYBQONXHNTVIJ,0.6461538461538462,+C6H8O6,176.03208797599984
public NP-like (NP-likeness > 1),NKJWZTPASPJYBA,IZQSVPBOUDKVDZ,0.8604651162790697,+CH2,14.015650063999999
public NP-like (NP-likeness > 1),ROISWLBRDLJEFL,QGTPMCOCAZQPEC,0.8524590163934426,+CH2,14.015650063999999
public NP-like (NP-likeness > 1),UQAUXYMLKGFKBX,AERBNCYCJBRYDG,1.0,+C2H4,28.031300127999998
public NP-like (NP-likeness > 1),CCTIOCVIZPCTGO,NTNWOCRCBQPEKQ,0.6486486486486487,+O3P-CH,65.95068045800002
public NP-like (NP-likeness > 1),VSRXYLYXIXYEST,CUJMXIQZWPZMNQ,0.84,isomer (0),0.0
public NP-like (NP-likeness > 1),KBLIZSDCRBAEQD,IOQJCTXUSYHBRM,1.0,-C2H4,-28.031300127999998
public NP-like (NP-likeness > 1),URCCSSSNMZAVQK,FRVIYMUWTVFMSJ,0.7415730337078652,-C6H10O4,-146.05790879999995
public NP-like (NP-likeness > 1),RUCWEYBMCQHPJC,KVUHRGCWHSLKBK,0.3382352941176471,+H2-C2N2,-49.990497936
public NP-like (NP-likeness > 1),HCAWPGARWVBULJ,CYQFCXCEBYINGO,0.6491228070175439,isomer (0),0.0
public NP-like (NP-likeness > 1),NBSCHQHZLSJFNQ,KTVPXOYAKDPRHY,0.9615384615384616,+CH2O,30.01056468400003
public NP-like (NP-likeness > 1),BUEHPQRSFMMHSE,OUWNADMOOZXQBJ,0.84375,-C2H3NO,-57.02146371600003
public NP-like (NP-likeness > 1),AFYIWKNGSIYXCQ,WBCMGDNFDRNGGZ,0.8795180722891566,+C6H10O5,162.0528234200002
public NP-like (NP-likeness > 1),MQCWCUDQEBWUAM,JBSCUHKPLGKXKH,0.75,+CH2,14.015650063999999
public NP-like (NP-likeness > 1),LAMMZPFXVZNLLB,RZUCCKARTVHQBW,0.4411764705882353,+C9H14O3,170.09429430799997
public NP-like (NP-likeness > 1),WBBCTOKMKWQACG,LNHNOBYJWYNHSB,1.0,-C6H10O5,-162.05282341999987
public NP-like (NP-likeness > 1),PMUXXFUNXMXIFC,JZSZAGWWWKKXLO,1.0,-C2H4,-28.031300127999998
public NP-like (NP-likeness > 1),RNLVVTDIZFZKDM,RVLYOYSYLAZGFX,0.8307692307692308,isomer (0),0.0
